<?xml version="1.0" encoding="UTF-8"?>
<kml xmlns="http://www.opengis.net/kml/2.2">
  <Document>
    <name>ResponderTX · live map (partial: 500 of 1118 features, lowest-priority dropped first)</name>
    <open>1</open>
    <description>Situational awareness, not a dispatch system; call 911 for emergencies. One-shot import: re-importing this file into the same CalTopo map duplicates objects. This export is capped at 500 features and 618 lower-priority features were dropped; every alert, crest, closure and in-flood gauge is kept before any quiet gauge.
Responder TX · respondertx.org. Sources: NOAA NWS and NWPS, TxDOT DriveTexas, Iowa Environmental Mesonet, and curated local reports. Every feature names its own source.</description>
    <Style id="mk-ff19b2fa-medium">
      <IconStyle>
        <color>ff19b2fa</color>
        <scale>1.0</scale>
      </IconStyle>
    </Style>
    <Style id="mk-ff3b3bd0-medium">
      <IconStyle>
        <color>ff3b3bd0</color>
        <scale>1.0</scale>
      </IconStyle>
    </Style>
    <Style id="mk-ff5a83ec-medium">
      <IconStyle>
        <color>ff5a83ec</color>
        <scale>1.0</scale>
      </IconStyle>
    </Style>
    <Style id="mk-ff818789-small">
      <IconStyle>
        <color>ff818789</color>
        <scale>0.8</scale>
      </IconStyle>
    </Style>
    <Style id="mk-ffb8a39b-medium">
      <IconStyle>
        <color>ffb8a39b</color>
        <scale>1.0</scale>
      </IconStyle>
    </Style>
    <Style id="mk-fff755a8-medium">
      <IconStyle>
        <color>fff755a8</color>
        <scale>1.0</scale>
      </IconStyle>
    </Style>
    <Style id="sh-e63b3bd0-143b3bd0-2">
      <LineStyle>
        <color>e63b3bd0</color>
        <width>2</width>
      </LineStyle>
      <PolyStyle>
        <color>143b3bd0</color>
        <fill>1</fill>
        <outline>1</outline>
      </PolyStyle>
    </Style>
    <Style id="sh-e65a83ec-145a83ec-2">
      <LineStyle>
        <color>e65a83ec</color>
        <width>2</width>
      </LineStyle>
      <PolyStyle>
        <color>145a83ec</color>
        <fill>1</fill>
        <outline>1</outline>
      </PolyStyle>
    </Style>
    <Style id="sh-e65a83ec-265a83ec-2">
      <LineStyle>
        <color>e65a83ec</color>
        <width>2</width>
      </LineStyle>
      <PolyStyle>
        <color>265a83ec</color>
        <fill>1</fill>
        <outline>1</outline>
      </PolyStyle>
    </Style>
    <Style id="sh-e6f755a8-14f755a8-2">
      <LineStyle>
        <color>e6f755a8</color>
        <width>2</width>
      </LineStyle>
      <PolyStyle>
        <color>14f755a8</color>
        <fill>1</fill>
        <outline>1</outline>
      </PolyStyle>
    </Style>
    <ExtendedData>
      <Data name="generated">
        <value>2026-07-26T13:49:25Z</value>
      </Data>
      <Data name="features">
        <value>500</value>
      </Data>
      <Data name="candidates">
        <value>1118</value>
      </Data>
      <Data name="cap">
        <value>500</value>
      </Data>
      <Data name="truncated">
        <value>True</value>
      </Data>
      <Data name="dropped">
        <value>618</value>
      </Data>
      <Data name="attribution">
        <value>Responder TX · respondertx.org. Sources: NOAA NWS and NWPS, TxDOT DriveTexas, Iowa Environmental Mesonet, and curated local reports. Every feature names its own source.</value>
      </Data>
    </ExtendedData>
    <Folder>
      <name>NWS alerts (active)</name>
      <open>0</open>
      <Placemark>
        <name>Flood Warning · La Salle, TX</name>
        <description>Flood Warning issued July 26 at 8:31AM CDT until July 29 at 9:30PM CDT by NWS Corpus Christi TX
Severity: warning
Expires: 2026-07-26T23:45:00-05:00
Source: NWS · https://api.weather.gov/alerts/urn:oid:2.49.0.1.840.0.39e382e6deab445724e1e4c9b42bc4fcb70b74d3.003.1
Updated: 2026-07-26T08:31:00-05:00</description>
        <styleUrl>#sh-e65a83ec-265a83ec-2</styleUrl>
        <ExtendedData>
          <Data name="folder">
            <value>NWS alerts (active)</value>
          </Data>
          <Data name="source">
            <value>NWS · https://api.weather.gov/alerts/urn:oid:2.49.0.1.840.0.39e382e6deab445724e1e4c9b42bc4fcb70b74d3.003.1</value>
          </Data>
          <Data name="updated">
            <value>2026-07-26T08:31:00-05:00</value>
          </Data>
        </ExtendedData>
        <Polygon>
          <tessellate>1</tessellate>
          <outerBoundaryIs>
            <LinearRing>
              <coordinates>-99.4,28.59 -98.94,28.18 -98.8,28.17 -98.8,28.07 -99.06,28.08 -99.39,28.41 -99.4,28.59</coordinates>
            </LinearRing>
          </outerBoundaryIs>
        </Polygon>
      </Placemark>
      <Placemark>
        <name>Flood Warning · Live Oak, TX</name>
        <description>Flood Warning issued July 26 at 8:31AM CDT by NWS Corpus Christi TX
Severity: warning
Expires: 2026-07-26T23:45:00-05:00
Source: NWS · https://api.weather.gov/alerts/urn:oid:2.49.0.1.840.0.39e382e6deab445724e1e4c9b42bc4fcb70b74d3.001.1
Updated: 2026-07-26T08:31:00-05:00</description>
        <styleUrl>#sh-e65a83ec-265a83ec-2</styleUrl>
        <ExtendedData>
          <Data name="folder">
            <value>NWS alerts (active)</value>
          </Data>
          <Data name="source">
            <value>NWS · https://api.weather.gov/alerts/urn:oid:2.49.0.1.840.0.39e382e6deab445724e1e4c9b42bc4fcb70b74d3.001.1</value>
          </Data>
          <Data name="updated">
            <value>2026-07-26T08:31:00-05:00</value>
          </Data>
        </ExtendedData>
        <Polygon>
          <tessellate>1</tessellate>
          <outerBoundaryIs>
            <LinearRing>
              <coordinates>-98.33,28.43 -98.08,28.5 -97.86,28.15 -97.94,28.1 -98.15,28.36 -98.33,28.33 -98.33,28.43</coordinates>
            </LinearRing>
          </outerBoundaryIs>
        </Polygon>
      </Placemark>
      <Placemark>
        <name>Flood Warning · McMullen, TX</name>
        <description>Flood Warning issued July 26 at 8:31AM CDT by NWS Corpus Christi TX
Severity: warning
Expires: 2026-07-26T23:45:00-05:00
Source: NWS · https://api.weather.gov/alerts/urn:oid:2.49.0.1.840.0.39e382e6deab445724e1e4c9b42bc4fcb70b74d3.002.1
Updated: 2026-07-26T08:31:00-05:00</description>
        <styleUrl>#sh-e65a83ec-265a83ec-2</styleUrl>
        <ExtendedData>
          <Data name="folder">
            <value>NWS alerts (active)</value>
          </Data>
          <Data name="source">
            <value>NWS · https://api.weather.gov/alerts/urn:oid:2.49.0.1.840.0.39e382e6deab445724e1e4c9b42bc4fcb70b74d3.002.1</value>
          </Data>
          <Data name="updated">
            <value>2026-07-26T08:31:00-05:00</value>
          </Data>
        </ExtendedData>
        <Polygon>
          <tessellate>1</tessellate>
          <outerBoundaryIs>
            <LinearRing>
              <coordinates>-98.8,28.17 -98.59,28.36 -98.33,28.45 -98.33,28.33 -98.54,28.26 -98.8,28.07 -98.8,28.17</coordinates>
            </LinearRing>
          </outerBoundaryIs>
        </Polygon>
      </Placemark>
    </Folder>
    <Folder>
      <name>Crests (event peaks)</name>
      <open>0</open>
      <Placemark>
        <name>Crest: Sabine River near Bon Wier · peak 48.47 ft</name>
        <description>Peak 48.47 ft (MAJOR) at 2026-07-24T18:23:00Z
Crest has passed
Record: 44.3 ft (2016-03-13) · EXCEEDED
Source: NOAA NWS/NWPS via Responder TX crest summary · https://respondertx.org/data/crest-summary.json
Updated: 2026-07-24T18:23:00Z</description>
        <styleUrl>#sh-e6f755a8-14f755a8-2</styleUrl>
        <ExtendedData>
          <Data name="folder">
            <value>Crests (event peaks)</value>
          </Data>
          <Data name="source">
            <value>NOAA NWS/NWPS via Responder TX crest summary · https://respondertx.org/data/crest-summary.json</value>
          </Data>
          <Data name="updated">
            <value>2026-07-24T18:23:00Z</value>
          </Data>
        </ExtendedData>
        <Polygon>
          <tessellate>1</tessellate>
          <outerBoundaryIs>
            <LinearRing>
              <coordinates>-93.59265,30.74694 -93.59319,30.75043 -93.59476,30.75368 -93.59725,30.75647 -93.60049,30.75861 -93.60428,30.75996 -93.60833,30.76042 -93.61239,30.75996 -93.61617,30.75861 -93.61942,30.75647 -93.62191,30.75368 -93.62348,30.75043 -93.62401,30.74694 -93.62348,30.74346 -93.62191,30.74021 -93.61942,30.73742 -93.61617,30.73528 -93.61239,30.73393 -93.60833,30.73347 -93.60428,30.73393 -93.60049,30.73528 -93.59725,30.73742 -93.59476,30.74021 -93.59319,30.74346 -93.59265,30.74694</coordinates>
            </LinearRing>
          </outerBoundaryIs>
        </Polygon>
      </Placemark>
      <Placemark>
        <name>Crest: Guadalupe River at Comfort · peak 35.48 ft (reconstructed)</name>
        <description>Peak 35.48 ft (MAJOR) at 2026-07-16T12:00:00Z
Crest has passed
RECONSTRUCTED peak: rebuilt from the USGS record for the window before this board's own archive begins, not read from a snapshot it captured
Source: USGS record via Responder TX crest summary (reconstructed) · https://respondertx.org/data/crest-summary.json
Updated: 2026-07-16T12:00:00Z</description>
        <styleUrl>#sh-e6f755a8-14f755a8-2</styleUrl>
        <ExtendedData>
          <Data name="folder">
            <value>Crests (event peaks)</value>
          </Data>
          <Data name="source">
            <value>USGS record via Responder TX crest summary (reconstructed) · https://respondertx.org/data/crest-summary.json</value>
          </Data>
          <Data name="updated">
            <value>2026-07-16T12:00:00Z</value>
          </Data>
        </ExtendedData>
        <Polygon>
          <tessellate>1</tessellate>
          <outerBoundaryIs>
            <LinearRing>
              <coordinates>-98.88161,29.96524 -98.88214,29.96873 -98.8837,29.97198 -98.88617,29.97477 -98.88939,29.97691 -98.89314,29.97825 -98.89717,29.97871 -98.90119,29.97825 -98.90494,29.97691 -98.90816,29.97477 -98.91064,29.97198 -98.91219,29.96873 -98.91272,29.96524 -98.91219,29.96175 -98.91064,29.9585 -98.90816,29.95571 -98.90494,29.95357 -98.90119,29.95222 -98.89717,29.95176 -98.89314,29.95222 -98.88939,29.95357 -98.88617,29.95571 -98.8837,29.9585 -98.88214,29.96175 -98.88161,29.96524</coordinates>
            </LinearRing>
          </outerBoundaryIs>
        </Polygon>
      </Placemark>
      <Placemark>
        <name>Crest: Cibolo Creek at Sutherland Springs · peak 35.34 ft (reconstructed)</name>
        <description>Peak 35.34 ft (MAJOR) at 2026-07-17T10:00:00Z
Crest has passed
RECONSTRUCTED peak: rebuilt from the USGS record for the window before this board's own archive begins, not read from a snapshot it captured
Source: USGS record via Responder TX crest summary (reconstructed) · https://respondertx.org/data/crest-summary.json
Updated: 2026-07-17T10:00:00Z</description>
        <styleUrl>#sh-e6f755a8-14f755a8-2</styleUrl>
        <ExtendedData>
          <Data name="folder">
            <value>Crests (event peaks)</value>
          </Data>
          <Data name="source">
            <value>USGS record via Responder TX crest summary (reconstructed) · https://respondertx.org/data/crest-summary.json</value>
          </Data>
          <Data name="updated">
            <value>2026-07-17T10:00:00Z</value>
          </Data>
        </ExtendedData>
        <Polygon>
          <tessellate>1</tessellate>
          <outerBoundaryIs>
            <LinearRing>
              <coordinates>-98.03789,29.27972 -98.03841,29.28321 -98.03995,29.28646 -98.04241,29.28925 -98.04561,29.29139 -98.04934,29.29274 -98.05333,29.2932 -98.05733,29.29274 -98.06106,29.29139 -98.06426,29.28925 -98.06671,29.28646 -98.06826,29.28321 -98.06878,29.27972 -98.06826,29.27623 -98.06671,29.27298 -98.06426,29.27019 -98.06106,29.26805 -98.05733,29.26671 -98.05333,29.26625 -98.04934,29.26671 -98.04561,29.26805 -98.04241,29.27019 -98.03995,29.27298 -98.03841,29.27623 -98.03789,29.27972</coordinates>
            </LinearRing>
          </outerBoundaryIs>
        </Polygon>
      </Placemark>
      <Placemark>
        <name>Crest: Pedernales River at Fredericksburg · peak 34.31 ft (reconstructed)</name>
        <description>Peak 34.31 ft (MAJOR) at 2026-07-16T14:00:00Z
Crest has passed
RECONSTRUCTED peak: rebuilt from the USGS record for the window before this board's own archive begins, not read from a snapshot it captured
Source: USGS record via Responder TX crest summary (reconstructed) · https://respondertx.org/data/crest-summary.json
Updated: 2026-07-16T14:00:00Z</description>
        <styleUrl>#sh-e6f755a8-14f755a8-2</styleUrl>
        <ExtendedData>
          <Data name="folder">
            <value>Crests (event peaks)</value>
          </Data>
          <Data name="source">
            <value>USGS record via Responder TX crest summary (reconstructed) · https://respondertx.org/data/crest-summary.json</value>
          </Data>
          <Data name="updated">
            <value>2026-07-16T14:00:00Z</value>
          </Data>
        </ExtendedData>
        <Polygon>
          <tessellate>1</tessellate>
          <outerBoundaryIs>
            <LinearRing>
              <coordinates>-98.85385,30.22028 -98.85438,30.22377 -98.85594,30.22702 -98.85842,30.22981 -98.86165,30.23195 -98.86541,30.23329 -98.86944,30.23375 -98.87348,30.23329 -98.87724,30.23195 -98.88047,30.22981 -98.88295,30.22702 -98.88451,30.22377 -98.88504,30.22028 -98.88451,30.21679 -98.88295,30.21354 -98.88047,30.21075 -98.87724,30.20861 -98.87348,30.20726 -98.86944,30.2068 -98.86541,30.20726 -98.86165,30.20861 -98.85842,30.21075 -98.85594,30.21354 -98.85438,30.21679 -98.85385,30.22028</coordinates>
            </LinearRing>
          </outerBoundaryIs>
        </Polygon>
      </Placemark>
      <Placemark>
        <name>Crest: Nueces River near Asherton · peak 31.56 ft</name>
        <description>Peak 31.56 ft (MAJOR) at 2026-07-19T01:10:00Z
Crest has passed
Source: NOAA NWS/NWPS via Responder TX crest summary · https://respondertx.org/data/crest-summary.json
Updated: 2026-07-19T01:10:00Z</description>
        <styleUrl>#sh-e6f755a8-14f755a8-2</styleUrl>
        <ExtendedData>
          <Data name="folder">
            <value>Crests (event peaks)</value>
          </Data>
          <Data name="source">
            <value>NOAA NWS/NWPS via Responder TX crest summary · https://respondertx.org/data/crest-summary.json</value>
          </Data>
          <Data name="updated">
            <value>2026-07-19T01:10:00Z</value>
          </Data>
        </ExtendedData>
        <Polygon>
          <tessellate>1</tessellate>
          <outerBoundaryIs>
            <LinearRing>
              <coordinates>-99.66633,28.5 -99.66686,28.50349 -99.66839,28.50674 -99.67082,28.50953 -99.674,28.51167 -99.6777,28.51302 -99.68167,28.51347 -99.68564,28.51302 -99.68933,28.51167 -99.69251,28.50953 -99.69495,28.50674 -99.69648,28.50349 -99.697,28.5 -99.69648,28.49651 -99.69495,28.49326 -99.69251,28.49047 -99.68933,28.48833 -99.68564,28.48698 -99.68167,28.48653 -99.6777,28.48698 -99.674,28.48833 -99.67082,28.49047 -99.66839,28.49326 -99.66686,28.49651 -99.66633,28.5</coordinates>
            </LinearRing>
          </outerBoundaryIs>
        </Polygon>
      </Placemark>
      <Placemark>
        <name>Crest: Guadalupe River at Kerrville · peak 30.06 ft (reconstructed)</name>
        <description>Peak 30.06 ft (MAJOR) at 2026-07-16T10:00:00Z
Crest has passed
RECONSTRUCTED peak: rebuilt from the USGS record for the window before this board's own archive begins, not read from a snapshot it captured
Source: USGS record via Responder TX crest summary (reconstructed) · https://respondertx.org/data/crest-summary.json
Updated: 2026-07-16T10:00:00Z</description>
        <styleUrl>#sh-e6f755a8-14f755a8-2</styleUrl>
        <ExtendedData>
          <Data name="folder">
            <value>Crests (event peaks)</value>
          </Data>
          <Data name="source">
            <value>USGS record via Responder TX crest summary (reconstructed) · https://respondertx.org/data/crest-summary.json</value>
          </Data>
          <Data name="updated">
            <value>2026-07-16T10:00:00Z</value>
          </Data>
        </ExtendedData>
        <Polygon>
          <tessellate>1</tessellate>
          <outerBoundaryIs>
            <LinearRing>
              <coordinates>-99.14749,30.05306 -99.14802,30.05654 -99.14957,30.05979 -99.15205,30.06258 -99.15527,30.06472 -99.15903,30.06607 -99.16306,30.06653 -99.16708,30.06607 -99.17084,30.06472 -99.17406,30.06258 -99.17654,30.05979 -99.17809,30.05654 -99.17862,30.05306 -99.17809,30.04957 -99.17654,30.04632 -99.17406,30.04353 -99.17084,30.04139 -99.16708,30.04004 -99.16306,30.03958 -99.15903,30.04004 -99.15527,30.04139 -99.15205,30.04353 -99.14957,30.04632 -99.14802,30.04957 -99.14749,30.05306</coordinates>
            </LinearRing>
          </outerBoundaryIs>
        </Polygon>
      </Placemark>
      <Placemark>
        <name>Crest: Frio River at Tilden · peak 29.96 ft</name>
        <description>Peak 29.96 ft (MAJOR) at 2026-07-22T18:53:00Z
Crest has passed
Source: NOAA NWS/NWPS via Responder TX crest summary · https://respondertx.org/data/crest-summary.json
Updated: 2026-07-22T18:53:00Z</description>
        <styleUrl>#sh-e6f755a8-14f755a8-2</styleUrl>
        <ExtendedData>
          <Data name="folder">
            <value>Crests (event peaks)</value>
          </Data>
          <Data name="source">
            <value>NOAA NWS/NWPS via Responder TX crest summary · https://respondertx.org/data/crest-summary.json</value>
          </Data>
          <Data name="updated">
            <value>2026-07-22T18:53:00Z</value>
          </Data>
        </ExtendedData>
        <Polygon>
          <tessellate>1</tessellate>
          <outerBoundaryIs>
            <LinearRing>
              <coordinates>-98.53189,28.46722 -98.53242,28.47071 -98.53395,28.47396 -98.53638,28.47675 -98.53956,28.47889 -98.54326,28.48024 -98.54722,28.4807 -98.55119,28.48024 -98.55489,28.47889 -98.55806,28.47675 -98.5605,28.47396 -98.56203,28.47071 -98.56255,28.46722 -98.56203,28.46373 -98.5605,28.46048 -98.55806,28.45769 -98.55489,28.45555 -98.55119,28.45421 -98.54722,28.45375 -98.54326,28.45421 -98.53956,28.45555 -98.53638,28.45769 -98.53395,28.46048 -98.53242,28.46373 -98.53189,28.46722</coordinates>
            </LinearRing>
          </outerBoundaryIs>
        </Polygon>
      </Placemark>
      <Placemark>
        <name>Crest: Nueces River at Cotulla · peak 28.99 ft</name>
        <description>Peak 28.99 ft (MAJOR) at 2026-07-22T16:53:00Z
Ongoing flood
Source: NOAA NWS/NWPS via Responder TX crest summary · https://respondertx.org/data/crest-summary.json
Updated: 2026-07-22T16:53:00Z</description>
        <styleUrl>#sh-e6f755a8-14f755a8-2</styleUrl>
        <ExtendedData>
          <Data name="folder">
            <value>Crests (event peaks)</value>
          </Data>
          <Data name="source">
            <value>NOAA NWS/NWPS via Responder TX crest summary · https://respondertx.org/data/crest-summary.json</value>
          </Data>
          <Data name="updated">
            <value>2026-07-22T16:53:00Z</value>
          </Data>
        </ExtendedData>
        <Polygon>
          <tessellate>1</tessellate>
          <outerBoundaryIs>
            <LinearRing>
              <coordinates>-99.2244,28.42611 -99.22492,28.4296 -99.22645,28.43285 -99.22889,28.43564 -99.23206,28.43778 -99.23576,28.43913 -99.23972,28.43959 -99.24369,28.43913 -99.24738,28.43778 -99.25056,28.43564 -99.25299,28.43285 -99.25452,28.4296 -99.25504,28.42611 -99.25452,28.42262 -99.25299,28.41937 -99.25056,28.41658 -99.24738,28.41444 -99.24369,28.4131 -99.23972,28.41264 -99.23576,28.4131 -99.23206,28.41444 -99.22889,28.41658 -99.22645,28.41937 -99.22492,28.42262 -99.2244,28.42611</coordinates>
            </LinearRing>
          </outerBoundaryIs>
        </Polygon>
      </Placemark>
      <Placemark>
        <name>Crest: Nueces River below Uvalde · peak 27.77 ft (reconstructed)</name>
        <description>Peak 27.77 ft (MAJOR) at 2026-07-17T00:00:00Z
Crest has passed
RECONSTRUCTED peak: rebuilt from the USGS record for the window before this board's own archive begins, not read from a snapshot it captured
Source: USGS record via Responder TX crest summary (reconstructed) · https://respondertx.org/data/crest-summary.json
Updated: 2026-07-17T00:00:00Z</description>
        <styleUrl>#sh-e6f755a8-14f755a8-2</styleUrl>
        <ExtendedData>
          <Data name="folder">
            <value>Crests (event peaks)</value>
          </Data>
          <Data name="source">
            <value>USGS record via Responder TX crest summary (reconstructed) · https://respondertx.org/data/crest-summary.json</value>
          </Data>
          <Data name="updated">
            <value>2026-07-17T00:00:00Z</value>
          </Data>
        </ExtendedData>
        <Polygon>
          <tessellate>1</tessellate>
          <outerBoundaryIs>
            <LinearRing>
              <coordinates>-99.87902,29.12361 -99.87955,29.1271 -99.88109,29.13035 -99.88354,29.13314 -99.88673,29.13528 -99.89045,29.13663 -99.89444,29.13709 -99.89844,29.13663 -99.90216,29.13528 -99.90535,29.13314 -99.9078,29.13035 -99.90934,29.1271 -99.90987,29.12361 -99.90934,29.12012 -99.9078,29.11687 -99.90535,29.11408 -99.90216,29.11194 -99.89844,29.1106 -99.89444,29.11014 -99.89045,29.1106 -99.88673,29.11194 -99.88354,29.11408 -99.88109,29.11687 -99.87955,29.12012 -99.87902,29.12361</coordinates>
            </LinearRing>
          </outerBoundaryIs>
        </Polygon>
      </Placemark>
      <Placemark>
        <name>Crest: Pedernales River at Johnson City · peak 24.46 ft (reconstructed)</name>
        <description>Peak 24.46 ft (MAJOR) at 2026-07-16T22:00:00Z
Crest has passed
RECONSTRUCTED peak: rebuilt from the USGS record for the window before this board's own archive begins, not read from a snapshot it captured
Source: USGS record via Responder TX crest summary (reconstructed) · https://respondertx.org/data/crest-summary.json
Updated: 2026-07-16T22:00:00Z</description>
        <styleUrl>#sh-e6f755a8-14f755a8-2</styleUrl>
        <ExtendedData>
          <Data name="folder">
            <value>Crests (event peaks)</value>
          </Data>
          <Data name="source">
            <value>USGS record via Responder TX crest summary (reconstructed) · https://respondertx.org/data/crest-summary.json</value>
          </Data>
          <Data name="updated">
            <value>2026-07-16T22:00:00Z</value>
          </Data>
        </ExtendedData>
        <Polygon>
          <tessellate>1</tessellate>
          <outerBoundaryIs>
            <LinearRing>
              <coordinates>-98.38356,30.29167 -98.38409,30.29515 -98.38565,30.2984 -98.38813,30.30119 -98.39136,30.30334 -98.39513,30.30468 -98.39917,30.30514 -98.40321,30.30468 -98.40697,30.30334 -98.4102,30.30119 -98.41268,30.2984 -98.41424,30.29515 -98.41477,30.29167 -98.41424,30.28818 -98.41268,30.28493 -98.4102,30.28214 -98.40697,30.28 -98.40321,30.27865 -98.39917,30.27819 -98.39513,30.27865 -98.39136,30.28 -98.38813,30.28214 -98.38565,30.28493 -98.38409,30.28818 -98.38356,30.29167</coordinates>
            </LinearRing>
          </outerBoundaryIs>
        </Polygon>
      </Placemark>
      <Placemark>
        <name>Crest: West Nueces River at Brackettville · peak 22.86 ft (reconstructed)</name>
        <description>Peak 22.86 ft (MAJOR) at 2026-07-15T16:00:00Z
Crest has passed
RECONSTRUCTED peak: rebuilt from the USGS record for the window before this board's own archive begins, not read from a snapshot it captured
Source: USGS record via Responder TX crest summary (reconstructed) · https://respondertx.org/data/crest-summary.json
Updated: 2026-07-15T16:00:00Z</description>
        <styleUrl>#sh-e6f755a8-14f755a8-2</styleUrl>
        <ExtendedData>
          <Data name="folder">
            <value>Crests (event peaks)</value>
          </Data>
          <Data name="source">
            <value>USGS record via Responder TX crest summary (reconstructed) · https://respondertx.org/data/crest-summary.json</value>
          </Data>
          <Data name="updated">
            <value>2026-07-15T16:00:00Z</value>
          </Data>
        </ExtendedData>
        <Polygon>
          <tessellate>1</tessellate>
          <outerBoundaryIs>
            <LinearRing>
              <coordinates>-100.22369,29.48108 -100.22422,29.48457 -100.22576,29.48782 -100.22822,29.49061 -100.23143,29.49275 -100.23516,29.4941 -100.23917,29.49456 -100.24317,29.4941 -100.24691,29.49275 -100.25011,29.49061 -100.25257,29.48782 -100.25412,29.48457 -100.25465,29.48108 -100.25412,29.4776 -100.25257,29.47435 -100.25011,29.47156 -100.24691,29.46941 -100.24317,29.46807 -100.23917,29.46761 -100.23516,29.46807 -100.23143,29.46941 -100.22822,29.47156 -100.22576,29.47435 -100.22422,29.4776 -100.22369,29.48108</coordinates>
            </LinearRing>
          </outerBoundaryIs>
        </Polygon>
      </Placemark>
      <Placemark>
        <name>Crest: Devils River at Cauthorn Ranch near Juno · peak 22.5 ft</name>
        <description>Peak 22.5 ft (MAJOR) at 2026-07-18T12:59:30Z
Crest has passed
Source: NOAA NWS/NWPS via Responder TX crest summary · https://respondertx.org/data/crest-summary.json
Updated: 2026-07-18T12:59:30Z</description>
        <styleUrl>#sh-e6f755a8-14f755a8-2</styleUrl>
        <ExtendedData>
          <Data name="folder">
            <value>Crests (event peaks)</value>
          </Data>
          <Data name="source">
            <value>NOAA NWS/NWPS via Responder TX crest summary · https://respondertx.org/data/crest-summary.json</value>
          </Data>
          <Data name="updated">
            <value>2026-07-18T12:59:30Z</value>
          </Data>
        </ExtendedData>
        <Polygon>
          <tessellate>1</tessellate>
          <outerBoundaryIs>
            <LinearRing>
              <coordinates>-101.09415,30.07917 -101.09468,30.08265 -101.09624,30.0859 -101.09871,30.08869 -101.10194,30.09084 -101.10569,30.09218 -101.10972,30.09264 -101.11375,30.09218 -101.11751,30.09084 -101.12073,30.08869 -101.12321,30.0859 -101.12476,30.08265 -101.12529,30.07917 -101.12476,30.07568 -101.12321,30.07243 -101.12073,30.06964 -101.11751,30.0675 -101.11375,30.06615 -101.10972,30.06569 -101.10569,30.06615 -101.10194,30.0675 -101.09871,30.06964 -101.09624,30.07243 -101.09468,30.07568 -101.09415,30.07917</coordinates>
            </LinearRing>
          </outerBoundaryIs>
        </Polygon>
      </Placemark>
      <Placemark>
        <name>Crest: Nueces River at Laguna · peak 21.71 ft (reconstructed)</name>
        <description>Peak 21.71 ft (MAJOR) at 2026-07-16T20:00:00Z
Crest has passed
RECONSTRUCTED peak: rebuilt from the USGS record for the window before this board's own archive begins, not read from a snapshot it captured
Source: USGS record via Responder TX crest summary (reconstructed) · https://respondertx.org/data/crest-summary.json
Updated: 2026-07-16T20:00:00Z</description>
        <styleUrl>#sh-e6f755a8-14f755a8-2</styleUrl>
        <ExtendedData>
          <Data name="folder">
            <value>Crests (event peaks)</value>
          </Data>
          <Data name="source">
            <value>USGS record via Responder TX crest summary (reconstructed) · https://respondertx.org/data/crest-summary.json</value>
          </Data>
          <Data name="updated">
            <value>2026-07-16T20:00:00Z</value>
          </Data>
        </ExtendedData>
        <Polygon>
          <tessellate>1</tessellate>
          <outerBoundaryIs>
            <LinearRing>
              <coordinates>-99.98147,29.42833 -99.982,29.43182 -99.98355,29.43507 -99.986,29.43786 -99.98921,29.44 -99.99294,29.44135 -99.99694,29.44181 -100.00095,29.44135 -100.00468,29.44 -100.00788,29.43786 -100.01034,29.43507 -100.01189,29.43182 -100.01242,29.42833 -100.01189,29.42485 -100.01034,29.4216 -100.00788,29.41881 -100.00468,29.41666 -100.00095,29.41532 -99.99694,29.41486 -99.99294,29.41532 -99.98921,29.41666 -99.986,29.41881 -99.98355,29.4216 -99.982,29.42485 -99.98147,29.42833</coordinates>
            </LinearRing>
          </outerBoundaryIs>
        </Polygon>
      </Placemark>
      <Placemark>
        <name>Crest: Devils River at Bakers Crossing near Juno · peak 21.15 ft</name>
        <description>Peak 21.15 ft (MAJOR) at 2026-07-18T17:43:00Z
Crest has passed
Source: NOAA NWS/NWPS via Responder TX crest summary · https://respondertx.org/data/crest-summary.json
Updated: 2026-07-18T17:43:00Z</description>
        <styleUrl>#sh-e6f755a8-14f755a8-2</styleUrl>
        <ExtendedData>
          <Data name="folder">
            <value>Crests (event peaks)</value>
          </Data>
          <Data name="source">
            <value>NOAA NWS/NWPS via Responder TX crest summary · https://respondertx.org/data/crest-summary.json</value>
          </Data>
          <Data name="updated">
            <value>2026-07-18T17:43:00Z</value>
          </Data>
        </ExtendedData>
        <Polygon>
          <tessellate>1</tessellate>
          <outerBoundaryIs>
            <LinearRing>
              <coordinates>-101.11473,29.95 -101.11526,29.95349 -101.11681,29.95674 -101.11928,29.95953 -101.1225,29.96167 -101.12625,29.96302 -101.13028,29.96347 -101.1343,29.96302 -101.13805,29.96167 -101.14127,29.95953 -101.14375,29.95674 -101.1453,29.95349 -101.14583,29.95 -101.1453,29.94651 -101.14375,29.94326 -101.14127,29.94047 -101.13805,29.93833 -101.1343,29.93698 -101.13028,29.93653 -101.12625,29.93698 -101.1225,29.93833 -101.11928,29.94047 -101.11681,29.94326 -101.11526,29.94651 -101.11473,29.95</coordinates>
            </LinearRing>
          </outerBoundaryIs>
        </Polygon>
      </Placemark>
      <Placemark>
        <name>Crest: Frio River near Derby · peak 20.51 ft</name>
        <description>Peak 20.51 ft (MAJOR) at 2026-07-18T16:35:00Z
Crest has passed
Source: NOAA NWS/NWPS via Responder TX crest summary · https://respondertx.org/data/crest-summary.json
Updated: 2026-07-18T16:35:00Z</description>
        <styleUrl>#sh-e6f755a8-14f755a8-2</styleUrl>
        <ExtendedData>
          <Data name="folder">
            <value>Crests (event peaks)</value>
          </Data>
          <Data name="source">
            <value>NOAA NWS/NWPS via Responder TX crest summary · https://respondertx.org/data/crest-summary.json</value>
          </Data>
          <Data name="updated">
            <value>2026-07-18T16:35:00Z</value>
          </Data>
        </ExtendedData>
        <Polygon>
          <tessellate>1</tessellate>
          <outerBoundaryIs>
            <LinearRing>
              <coordinates>-99.12908,28.73639 -99.1296,28.73988 -99.13114,28.74313 -99.13358,28.74592 -99.13676,28.74806 -99.14047,28.7494 -99.14444,28.74986 -99.14842,28.7494 -99.15213,28.74806 -99.15531,28.74592 -99.15775,28.74313 -99.15929,28.73988 -99.15981,28.73639 -99.15929,28.7329 -99.15775,28.72965 -99.15531,28.72686 -99.15213,28.72472 -99.14842,28.72337 -99.14444,28.72291 -99.14047,28.72337 -99.13676,28.72472 -99.13358,28.72686 -99.13114,28.72965 -99.1296,28.7329 -99.12908,28.73639</coordinates>
            </LinearRing>
          </outerBoundaryIs>
        </Polygon>
      </Placemark>
      <Placemark>
        <name>Crest: Frio River at Concan · peak 19.69 ft (reconstructed)</name>
        <description>Peak 19.69 ft (MAJOR) at 2026-07-16T20:00:00Z
Crest has passed
RECONSTRUCTED peak: rebuilt from the USGS record for the window before this board's own archive begins, not read from a snapshot it captured
Source: USGS record via Responder TX crest summary (reconstructed) · https://respondertx.org/data/crest-summary.json
Updated: 2026-07-16T20:00:00Z</description>
        <styleUrl>#sh-e6f755a8-14f755a8-2</styleUrl>
        <ExtendedData>
          <Data name="folder">
            <value>Crests (event peaks)</value>
          </Data>
          <Data name="source">
            <value>USGS record via Responder TX crest summary (reconstructed) · https://respondertx.org/data/crest-summary.json</value>
          </Data>
          <Data name="updated">
            <value>2026-07-16T20:00:00Z</value>
          </Data>
        </ExtendedData>
        <Polygon>
          <tessellate>1</tessellate>
          <outerBoundaryIs>
            <LinearRing>
              <coordinates>-99.68896,29.48833 -99.68949,29.49182 -99.69104,29.49507 -99.6935,29.49786 -99.6967,29.5 -99.70044,29.50135 -99.70444,29.50181 -99.70845,29.50135 -99.71218,29.5 -99.71539,29.49786 -99.71785,29.49507 -99.7194,29.49182 -99.71992,29.48833 -99.7194,29.48485 -99.71785,29.4816 -99.71539,29.47881 -99.71218,29.47666 -99.70845,29.47532 -99.70444,29.47486 -99.70044,29.47532 -99.6967,29.47666 -99.6935,29.47881 -99.69104,29.4816 -99.68949,29.48485 -99.68896,29.48833</coordinates>
            </LinearRing>
          </outerBoundaryIs>
        </Polygon>
      </Placemark>
      <Placemark>
        <name>Crest: Frio River below Dry Frio near Uvalde · peak 19.39 ft (reconstructed)</name>
        <description>Peak 19.39 ft (MAJOR) at 2026-07-15T18:00:00Z
Crest has passed
RECONSTRUCTED peak: rebuilt from the USGS record for the window before this board's own archive begins, not read from a snapshot it captured
Source: USGS record via Responder TX crest summary (reconstructed) · https://respondertx.org/data/crest-summary.json
Updated: 2026-07-15T18:00:00Z</description>
        <styleUrl>#sh-e6f755a8-14f755a8-2</styleUrl>
        <ExtendedData>
          <Data name="folder">
            <value>Crests (event peaks)</value>
          </Data>
          <Data name="source">
            <value>USGS record via Responder TX crest summary (reconstructed) · https://respondertx.org/data/crest-summary.json</value>
          </Data>
          <Data name="updated">
            <value>2026-07-15T18:00:00Z</value>
          </Data>
        </ExtendedData>
        <Polygon>
          <tessellate>1</tessellate>
          <outerBoundaryIs>
            <LinearRing>
              <coordinates>-99.65872,29.24556 -99.65925,29.24904 -99.66079,29.25229 -99.66325,29.25508 -99.66645,29.25722 -99.67017,29.25857 -99.67417,29.25903 -99.67816,29.25857 -99.68189,29.25722 -99.68509,29.25508 -99.68754,29.25229 -99.68908,29.24904 -99.68961,29.24556 -99.68908,29.24207 -99.68754,29.23882 -99.68509,29.23603 -99.68189,29.23389 -99.67816,29.23254 -99.67417,29.23208 -99.67017,29.23254 -99.66645,29.23389 -99.66325,29.23603 -99.66079,29.23882 -99.65925,29.24207 -99.65872,29.24556</coordinates>
            </LinearRing>
          </outerBoundaryIs>
        </Polygon>
      </Placemark>
      <Placemark>
        <name>Crest: Pecos River at Pandale Crossing · peak 15.93 ft</name>
        <description>Peak 15.93 ft (MAJOR) at 2026-07-18T03:58:00Z
Crest has passed
Source: NOAA NWS/NWPS via Responder TX crest summary · https://respondertx.org/data/crest-summary.json
Updated: 2026-07-18T03:58:00Z</description>
        <styleUrl>#sh-e6f755a8-14f755a8-2</styleUrl>
        <ExtendedData>
          <Data name="folder">
            <value>Crests (event peaks)</value>
          </Data>
          <Data name="source">
            <value>NOAA NWS/NWPS via Responder TX crest summary · https://respondertx.org/data/crest-summary.json</value>
          </Data>
          <Data name="updated">
            <value>2026-07-18T03:58:00Z</value>
          </Data>
        </ExtendedData>
        <Polygon>
          <tessellate>1</tessellate>
          <outerBoundaryIs>
            <LinearRing>
              <coordinates>-101.55664,30.125 -101.55717,30.12849 -101.55873,30.13174 -101.56121,30.13453 -101.56443,30.13667 -101.56819,30.13802 -101.57222,30.13847 -101.57625,30.13802 -101.58001,30.13667 -101.58324,30.13453 -101.58571,30.13174 -101.58727,30.12849 -101.5878,30.125 -101.58727,30.12151 -101.58571,30.11826 -101.58324,30.11547 -101.58001,30.11333 -101.57625,30.11198 -101.57222,30.11153 -101.56819,30.11198 -101.56443,30.11333 -101.56121,30.11547 -101.55873,30.11826 -101.55717,30.12151 -101.55664,30.125</coordinates>
            </LinearRing>
          </outerBoundaryIs>
        </Polygon>
      </Placemark>
      <Placemark>
        <name>Crest: Guadalupe River near Spring Branch · peak 36.35 ft (reconstructed)</name>
        <description>Peak 36.35 ft (MODERATE) at 2026-07-17T06:00:00Z
Crest has passed
RECONSTRUCTED peak: rebuilt from the USGS record for the window before this board's own archive begins, not read from a snapshot it captured
Source: USGS record via Responder TX crest summary (reconstructed) · https://respondertx.org/data/crest-summary.json
Updated: 2026-07-17T06:00:00Z</description>
        <styleUrl>#sh-e63b3bd0-143b3bd0-2</styleUrl>
        <ExtendedData>
          <Data name="folder">
            <value>Crests (event peaks)</value>
          </Data>
          <Data name="source">
            <value>USGS record via Responder TX crest summary (reconstructed) · https://respondertx.org/data/crest-summary.json</value>
          </Data>
          <Data name="updated">
            <value>2026-07-17T06:00:00Z</value>
          </Data>
        </ExtendedData>
        <Polygon>
          <tessellate>1</tessellate>
          <outerBoundaryIs>
            <LinearRing>
              <coordinates>-98.3678,29.86028 -98.36833,29.86377 -98.36988,29.86702 -98.37235,29.86981 -98.37556,29.87195 -98.37931,29.87329 -98.38333,29.87375 -98.38735,29.87329 -98.3911,29.87195 -98.39432,29.86981 -98.39679,29.86702 -98.39834,29.86377 -98.39887,29.86028 -98.39834,29.85679 -98.39679,29.85354 -98.39432,29.85075 -98.3911,29.84861 -98.38735,29.84726 -98.38333,29.8468 -98.37931,29.84726 -98.37556,29.84861 -98.37235,29.85075 -98.36988,29.85354 -98.36833,29.85679 -98.3678,29.86028</coordinates>
            </LinearRing>
          </outerBoundaryIs>
        </Polygon>
      </Placemark>
      <Placemark>
        <name>Crest: San Antonio River at SH 72 near Runge · peak 34.78 ft</name>
        <description>Peak 34.78 ft (MODERATE) at 2026-07-19T14:56:00Z
Crest has passed
Record: 47.6 ft (2016-08-22)
Source: NOAA NWS/NWPS via Responder TX crest summary · https://respondertx.org/data/crest-summary.json
Updated: 2026-07-19T14:56:00Z</description>
        <styleUrl>#sh-e63b3bd0-143b3bd0-2</styleUrl>
        <ExtendedData>
          <Data name="folder">
            <value>Crests (event peaks)</value>
          </Data>
          <Data name="source">
            <value>NOAA NWS/NWPS via Responder TX crest summary · https://respondertx.org/data/crest-summary.json</value>
          </Data>
          <Data name="updated">
            <value>2026-07-19T14:56:00Z</value>
          </Data>
        </ExtendedData>
        <Polygon>
          <tessellate>1</tessellate>
          <outerBoundaryIs>
            <LinearRing>
              <coordinates>-97.72156,28.84861 -97.72208,28.8521 -97.72362,28.85535 -97.72607,28.85814 -97.72925,28.86028 -97.73296,28.86163 -97.73694,28.86209 -97.74093,28.86163 -97.74464,28.86028 -97.74782,28.85814 -97.75027,28.85535 -97.7518,28.8521 -97.75233,28.84861 -97.7518,28.84512 -97.75027,28.84187 -97.74782,28.83908 -97.74464,28.83694 -97.74093,28.8356 -97.73694,28.83514 -97.73296,28.8356 -97.72925,28.83694 -97.72607,28.83908 -97.72362,28.84187 -97.72208,28.84512 -97.72156,28.84861</coordinates>
            </LinearRing>
          </outerBoundaryIs>
        </Polygon>
      </Placemark>
      <Placemark>
        <name>Crest: Llano River near Junction · peak 30.27 ft</name>
        <description>Peak 30.27 ft (MODERATE) at 2026-07-17T17:08:23Z
Crest has passed
Source: NOAA NWS/NWPS via Responder TX crest summary · https://respondertx.org/data/crest-summary.json
Updated: 2026-07-17T17:08:23Z</description>
        <styleUrl>#sh-e63b3bd0-143b3bd0-2</styleUrl>
        <ExtendedData>
          <Data name="folder">
            <value>Crests (event peaks)</value>
          </Data>
          <Data name="source">
            <value>NOAA NWS/NWPS via Responder TX crest summary · https://respondertx.org/data/crest-summary.json</value>
          </Data>
          <Data name="updated">
            <value>2026-07-17T17:08:23Z</value>
          </Data>
        </ExtendedData>
        <Polygon>
          <tessellate>1</tessellate>
          <outerBoundaryIs>
            <LinearRing>
              <coordinates>-99.71853,30.50417 -99.71906,30.50765 -99.72062,30.5109 -99.72311,30.51369 -99.72635,30.51584 -99.73012,30.51718 -99.73417,30.51764 -99.73821,30.51718 -99.74199,30.51584 -99.74523,30.51369 -99.74771,30.5109 -99.74927,30.50765 -99.74981,30.50417 -99.74927,30.50068 -99.74771,30.49743 -99.74523,30.49464 -99.74199,30.4925 -99.73821,30.49115 -99.73417,30.49069 -99.73012,30.49115 -99.72635,30.4925 -99.72311,30.49464 -99.72062,30.49743 -99.71906,30.50068 -99.71853,30.50417</coordinates>
            </LinearRing>
          </outerBoundaryIs>
        </Polygon>
      </Placemark>
      <Placemark>
        <name>Crest: Tres Palacios River near Midfield · peak 28.81 ft (reconstructed)</name>
        <description>Peak 28.81 ft (MODERATE) at 2026-07-15T00:00:00Z
Crest has passed
Record: 37 ft (1960-06-01)
RECONSTRUCTED peak: rebuilt from the USGS record for the window before this board's own archive begins, not read from a snapshot it captured
Source: USGS record via Responder TX crest summary (reconstructed) · https://respondertx.org/data/crest-summary.json
Updated: 2026-07-15T00:00:00Z</description>
        <styleUrl>#sh-e63b3bd0-143b3bd0-2</styleUrl>
        <ExtendedData>
          <Data name="folder">
            <value>Crests (event peaks)</value>
          </Data>
          <Data name="source">
            <value>USGS record via Responder TX crest summary (reconstructed) · https://respondertx.org/data/crest-summary.json</value>
          </Data>
          <Data name="updated">
            <value>2026-07-15T00:00:00Z</value>
          </Data>
        </ExtendedData>
        <Polygon>
          <tessellate>1</tessellate>
          <outerBoundaryIs>
            <LinearRing>
              <coordinates>-96.15544,28.92778 -96.15596,28.93127 -96.1575,28.93452 -96.15995,28.93731 -96.16314,28.93945 -96.16685,28.94079 -96.17083,28.94125 -96.17482,28.94079 -96.17853,28.93945 -96.18172,28.93731 -96.18417,28.93452 -96.1857,28.93127 -96.18623,28.92778 -96.1857,28.92429 -96.18417,28.92104 -96.18172,28.91825 -96.17853,28.91611 -96.17482,28.91476 -96.17083,28.9143 -96.16685,28.91476 -96.16314,28.91611 -96.15995,28.91825 -96.1575,28.92104 -96.15596,28.92429 -96.15544,28.92778</coordinates>
            </LinearRing>
          </outerBoundaryIs>
        </Polygon>
      </Placemark>
      <Placemark>
        <name>Crest: Llano River near Mason · peak 26.32 ft</name>
        <description>Peak 26.32 ft (MODERATE) at 2026-07-18T01:31:00Z
Crest has passed
Source: NOAA NWS/NWPS via Responder TX crest summary · https://respondertx.org/data/crest-summary.json
Updated: 2026-07-18T01:31:00Z</description>
        <styleUrl>#sh-e63b3bd0-143b3bd0-2</styleUrl>
        <ExtendedData>
          <Data name="folder">
            <value>Crests (event peaks)</value>
          </Data>
          <Data name="source">
            <value>NOAA NWS/NWPS via Responder TX crest summary · https://respondertx.org/data/crest-summary.json</value>
          </Data>
          <Data name="updated">
            <value>2026-07-18T01:31:00Z</value>
          </Data>
        </ExtendedData>
        <Polygon>
          <tessellate>1</tessellate>
          <outerBoundaryIs>
            <LinearRing>
              <coordinates>-99.09322,30.66056 -99.09376,30.66404 -99.09532,30.66729 -99.09781,30.67008 -99.10106,30.67222 -99.10483,30.67357 -99.10889,30.67403 -99.11294,30.67357 -99.11672,30.67222 -99.11997,30.67008 -99.12245,30.66729 -99.12402,30.66404 -99.12455,30.66056 -99.12402,30.65707 -99.12245,30.65382 -99.11997,30.65103 -99.11672,30.64889 -99.11294,30.64754 -99.10889,30.64708 -99.10483,30.64754 -99.10106,30.64889 -99.09781,30.65103 -99.09532,30.65382 -99.09376,30.65707 -99.09322,30.66056</coordinates>
            </LinearRing>
          </outerBoundaryIs>
        </Polygon>
      </Placemark>
      <Placemark>
        <name>Crest: Cibolo Creek near Falls City · peak 23.48 ft</name>
        <description>Peak 23.48 ft (MODERATE) at 2026-07-18T02:42:54Z
Crest has passed
Record: 39.86 ft (1998-10-19)
Source: NOAA NWS/NWPS via Responder TX crest summary · https://respondertx.org/data/crest-summary.json
Updated: 2026-07-18T02:42:54Z</description>
        <styleUrl>#sh-e63b3bd0-143b3bd0-2</styleUrl>
        <ExtendedData>
          <Data name="folder">
            <value>Crests (event peaks)</value>
          </Data>
          <Data name="source">
            <value>NOAA NWS/NWPS via Responder TX crest summary · https://respondertx.org/data/crest-summary.json</value>
          </Data>
          <Data name="updated">
            <value>2026-07-18T02:42:54Z</value>
          </Data>
        </ExtendedData>
        <Polygon>
          <tessellate>1</tessellate>
          <outerBoundaryIs>
            <LinearRing>
              <coordinates>-97.91459,29.01389 -97.91512,29.01738 -97.91666,29.02063 -97.9191,29.02342 -97.9223,29.02556 -97.92601,29.0269 -97.93,29.02736 -97.93399,29.0269 -97.9377,29.02556 -97.9409,29.02342 -97.94334,29.02063 -97.94488,29.01738 -97.94541,29.01389 -97.94488,29.0104 -97.94334,29.00715 -97.9409,29.00436 -97.9377,29.00222 -97.93399,29.00087 -97.93,29.00041 -97.92601,29.00087 -97.9223,29.00222 -97.9191,29.00436 -97.91666,29.00715 -97.91512,29.0104 -97.91459,29.01389</coordinates>
            </LinearRing>
          </outerBoundaryIs>
        </Polygon>
      </Placemark>
      <Placemark>
        <name>Crest: Sabinal River at Sabinal · peak 23.19 ft (reconstructed)</name>
        <description>Peak 23.19 ft (MODERATE) at 2026-07-16T22:00:00Z
Crest has passed
RECONSTRUCTED peak: rebuilt from the USGS record for the window before this board's own archive begins, not read from a snapshot it captured
Source: USGS record via Responder TX crest summary (reconstructed) · https://respondertx.org/data/crest-summary.json
Updated: 2026-07-16T22:00:00Z</description>
        <styleUrl>#sh-e63b3bd0-143b3bd0-2</styleUrl>
        <ExtendedData>
          <Data name="folder">
            <value>Crests (event peaks)</value>
          </Data>
          <Data name="source">
            <value>USGS record via Responder TX crest summary (reconstructed) · https://respondertx.org/data/crest-summary.json</value>
          </Data>
          <Data name="updated">
            <value>2026-07-16T22:00:00Z</value>
          </Data>
        </ExtendedData>
        <Polygon>
          <tessellate>1</tessellate>
          <outerBoundaryIs>
            <LinearRing>
              <coordinates>-99.4651,29.31417 -99.46563,29.31765 -99.46717,29.3209 -99.46963,29.32369 -99.47283,29.32584 -99.47656,29.32718 -99.48056,29.32764 -99.48456,29.32718 -99.48828,29.32584 -99.49148,29.32369 -99.49394,29.3209 -99.49548,29.31765 -99.49601,29.31417 -99.49548,29.31068 -99.49394,29.30743 -99.49148,29.30464 -99.48828,29.3025 -99.48456,29.30115 -99.48056,29.30069 -99.47656,29.30115 -99.47283,29.3025 -99.46963,29.30464 -99.46717,29.30743 -99.46563,29.31068 -99.4651,29.31417</coordinates>
            </LinearRing>
          </outerBoundaryIs>
        </Polygon>
      </Placemark>
      <Placemark>
        <name>Crest: Cibolo Creek at Selma · peak 21.93 ft (reconstructed)</name>
        <description>Peak 21.93 ft (MODERATE) at 2026-07-16T08:00:00Z
Crest has passed
RECONSTRUCTED peak: rebuilt from the USGS record for the window before this board's own archive begins, not read from a snapshot it captured
Source: USGS record via Responder TX crest summary (reconstructed) · https://respondertx.org/data/crest-summary.json
Updated: 2026-07-16T08:00:00Z</description>
        <styleUrl>#sh-e63b3bd0-143b3bd0-2</styleUrl>
        <ExtendedData>
          <Data name="folder">
            <value>Crests (event peaks)</value>
          </Data>
          <Data name="source">
            <value>USGS record via Responder TX crest summary (reconstructed) · https://respondertx.org/data/crest-summary.json</value>
          </Data>
          <Data name="updated">
            <value>2026-07-16T08:00:00Z</value>
          </Data>
        </ExtendedData>
        <Polygon>
          <tessellate>1</tessellate>
          <outerBoundaryIs>
            <LinearRing>
              <coordinates>-98.29534,29.59389 -98.29587,29.59738 -98.29741,29.60063 -98.29988,29.60342 -98.30309,29.60556 -98.30682,29.6069 -98.31083,29.60736 -98.31484,29.6069 -98.31858,29.60556 -98.32179,29.60342 -98.32425,29.60063 -98.3258,29.59738 -98.32633,29.59389 -98.3258,29.5904 -98.32425,29.58715 -98.32179,29.58436 -98.31858,29.58222 -98.31484,29.58087 -98.31083,29.58041 -98.30682,29.58087 -98.30309,29.58222 -98.29988,29.58436 -98.29741,29.58715 -98.29587,29.5904 -98.29534,29.59389</coordinates>
            </LinearRing>
          </outerBoundaryIs>
        </Polygon>
      </Placemark>
      <Placemark>
        <name>Crest: Seco Creek at Rowe Ranch near D'Hanis · peak 21.09 ft (reconstructed)</name>
        <description>Peak 21.09 ft (MODERATE) at 2026-07-15T20:00:00Z
Crest has passed
RECONSTRUCTED peak: rebuilt from the USGS record for the window before this board's own archive begins, not read from a snapshot it captured
Source: USGS record via Responder TX crest summary (reconstructed) · https://respondertx.org/data/crest-summary.json
Updated: 2026-07-15T20:00:00Z</description>
        <styleUrl>#sh-e63b3bd0-143b3bd0-2</styleUrl>
        <ExtendedData>
          <Data name="folder">
            <value>Crests (event peaks)</value>
          </Data>
          <Data name="source">
            <value>USGS record via Responder TX crest summary (reconstructed) · https://respondertx.org/data/crest-summary.json</value>
          </Data>
          <Data name="updated">
            <value>2026-07-15T20:00:00Z</value>
          </Data>
        </ExtendedData>
        <Polygon>
          <tessellate>1</tessellate>
          <outerBoundaryIs>
            <LinearRing>
              <coordinates>-99.27204,29.37056 -99.27256,29.37404 -99.27411,29.37729 -99.27657,29.38008 -99.27977,29.38222 -99.2835,29.38357 -99.2875,29.38403 -99.2915,29.38357 -99.29523,29.38222 -99.29843,29.38008 -99.30089,29.37729 -99.30244,29.37404 -99.30296,29.37056 -99.30244,29.36707 -99.30089,29.36382 -99.29843,29.36103 -99.29523,29.35889 -99.2915,29.35754 -99.2875,29.35708 -99.2835,29.35754 -99.27977,29.35889 -99.27657,29.36103 -99.27411,29.36382 -99.27256,29.36707 -99.27204,29.37056</coordinates>
            </LinearRing>
          </outerBoundaryIs>
        </Polygon>
      </Placemark>
      <Placemark>
        <name>Crest: Llano River at Llano · peak 20.83 ft</name>
        <description>Peak 20.83 ft (MODERATE) at 2026-07-18T04:28:00Z
Crest has passed
Source: NOAA NWS/NWPS via Responder TX crest summary · https://respondertx.org/data/crest-summary.json
Updated: 2026-07-18T04:28:00Z</description>
        <styleUrl>#sh-e63b3bd0-143b3bd0-2</styleUrl>
        <ExtendedData>
          <Data name="folder">
            <value>Crests (event peaks)</value>
          </Data>
          <Data name="source">
            <value>NOAA NWS/NWPS via Responder TX crest summary · https://respondertx.org/data/crest-summary.json</value>
          </Data>
          <Data name="updated">
            <value>2026-07-18T04:28:00Z</value>
          </Data>
        </ExtendedData>
        <Polygon>
          <tessellate>1</tessellate>
          <outerBoundaryIs>
            <LinearRing>
              <coordinates>-98.65377,30.75111 -98.6543,30.7546 -98.65587,30.75785 -98.65836,30.76064 -98.6616,30.76278 -98.66539,30.76413 -98.66944,30.76459 -98.6735,30.76413 -98.67728,30.76278 -98.68053,30.76064 -98.68302,30.75785 -98.68459,30.7546 -98.68512,30.75111 -98.68459,30.74762 -98.68302,30.74437 -98.68053,30.74158 -98.67728,30.73944 -98.6735,30.7381 -98.66944,30.73764 -98.66539,30.7381 -98.6616,30.73944 -98.65836,30.74158 -98.65587,30.74437 -98.6543,30.74762 -98.65377,30.75111</coordinates>
            </LinearRing>
          </outerBoundaryIs>
        </Polygon>
      </Placemark>
      <Placemark>
        <name>Crest: Rio Grande at Eagle Pass · peak 19.38 ft</name>
        <description>Peak 19.38 ft (MODERATE) at 2026-07-17T23:46:09Z
Crest has passed
Source: NOAA NWS/NWPS via Responder TX crest summary · https://respondertx.org/data/crest-summary.json
Updated: 2026-07-17T23:46:09Z</description>
        <styleUrl>#sh-e63b3bd0-143b3bd0-2</styleUrl>
        <ExtendedData>
          <Data name="folder">
            <value>Crests (event peaks)</value>
          </Data>
          <Data name="source">
            <value>NOAA NWS/NWPS via Responder TX crest summary · https://respondertx.org/data/crest-summary.json</value>
          </Data>
          <Data name="updated">
            <value>2026-07-17T23:46:09Z</value>
          </Data>
        </ExtendedData>
        <Polygon>
          <tessellate>1</tessellate>
          <outerBoundaryIs>
            <LinearRing>
              <coordinates>-100.49158,28.71389 -100.4921,28.71738 -100.49364,28.72063 -100.49608,28.72342 -100.49926,28.72556 -100.50297,28.7269 -100.50694,28.72736 -100.51092,28.7269 -100.51463,28.72556 -100.51781,28.72342 -100.52025,28.72063 -100.52178,28.71738 -100.52231,28.71389 -100.52178,28.7104 -100.52025,28.70715 -100.51781,28.70436 -100.51463,28.70222 -100.51092,28.70087 -100.50694,28.70041 -100.50297,28.70087 -100.49926,28.70222 -100.49608,28.70436 -100.49364,28.70715 -100.4921,28.7104 -100.49158,28.71389</coordinates>
            </LinearRing>
          </outerBoundaryIs>
        </Polygon>
      </Placemark>
      <Placemark>
        <name>Crest: Guadalupe River at Hunt · peak 18.12 ft (reconstructed)</name>
        <description>Peak 18.12 ft (MODERATE) at 2026-07-16T14:00:00Z
Crest has passed
RECONSTRUCTED peak: rebuilt from the USGS record for the window before this board's own archive begins, not read from a snapshot it captured
Source: USGS record via Responder TX crest summary (reconstructed) · https://respondertx.org/data/crest-summary.json
Updated: 2026-07-16T14:00:00Z</description>
        <styleUrl>#sh-e63b3bd0-143b3bd0-2</styleUrl>
        <ExtendedData>
          <Data name="folder">
            <value>Crests (event peaks)</value>
          </Data>
          <Data name="source">
            <value>USGS record via Responder TX crest summary (reconstructed) · https://respondertx.org/data/crest-summary.json</value>
          </Data>
          <Data name="updated">
            <value>2026-07-16T14:00:00Z</value>
          </Data>
        </ExtendedData>
        <Polygon>
          <tessellate>1</tessellate>
          <outerBoundaryIs>
            <LinearRing>
              <coordinates>-99.30582,30.06972 -99.30635,30.07321 -99.3079,30.07646 -99.31038,30.07925 -99.3136,30.08139 -99.31736,30.08274 -99.32139,30.0832 -99.32542,30.08274 -99.32917,30.08139 -99.3324,30.07925 -99.33487,30.07646 -99.33643,30.07321 -99.33696,30.06972 -99.33643,30.06623 -99.33487,30.06298 -99.3324,30.06019 -99.32917,30.05805 -99.32542,30.05671 -99.32139,30.05625 -99.31736,30.05671 -99.3136,30.05805 -99.31038,30.06019 -99.3079,30.06298 -99.30635,30.06623 -99.30582,30.06972</coordinates>
            </LinearRing>
          </outerBoundaryIs>
        </Polygon>
      </Placemark>
      <Placemark>
        <name>Crest: Pecos River near Langtry · peak 16.66 ft</name>
        <description>Peak 16.66 ft (MODERATE) at 2026-07-18T14:58:00Z
Crest has passed
Source: NOAA NWS/NWPS via Responder TX crest summary · https://respondertx.org/data/crest-summary.json
Updated: 2026-07-18T14:58:00Z</description>
        <styleUrl>#sh-e63b3bd0-143b3bd0-2</styleUrl>
        <ExtendedData>
          <Data name="folder">
            <value>Crests (event peaks)</value>
          </Data>
          <Data name="source">
            <value>NOAA NWS/NWPS via Responder TX crest summary · https://respondertx.org/data/crest-summary.json</value>
          </Data>
          <Data name="updated">
            <value>2026-07-18T14:58:00Z</value>
          </Data>
        </ExtendedData>
        <Polygon>
          <tessellate>1</tessellate>
          <outerBoundaryIs>
            <LinearRing>
              <coordinates>-101.4303,29.80278 -101.43083,29.80627 -101.43239,29.80952 -101.43485,29.81231 -101.43807,29.81445 -101.44181,29.81579 -101.44583,29.81625 -101.44985,29.81579 -101.4536,29.81445 -101.45681,29.81231 -101.45928,29.80952 -101.46083,29.80627 -101.46136,29.80278 -101.46083,29.79929 -101.45928,29.79604 -101.45681,29.79325 -101.4536,29.79111 -101.44985,29.78976 -101.44583,29.7893 -101.44181,29.78976 -101.43807,29.79111 -101.43485,29.79325 -101.43239,29.79604 -101.43083,29.79929 -101.4303,29.80278</coordinates>
            </LinearRing>
          </outerBoundaryIs>
        </Polygon>
      </Placemark>
      <Placemark>
        <name>Crest: Leon Creek at I-35S near San Antonio · peak 16.12 ft (reconstructed)</name>
        <description>Peak 16.12 ft (MODERATE) at 2026-07-16T08:00:00Z
Crest has passed
RECONSTRUCTED peak: rebuilt from the USGS record for the window before this board's own archive begins, not read from a snapshot it captured
Source: USGS record via Responder TX crest summary (reconstructed) · https://respondertx.org/data/crest-summary.json
Updated: 2026-07-16T08:00:00Z</description>
        <styleUrl>#sh-e63b3bd0-143b3bd0-2</styleUrl>
        <ExtendedData>
          <Data name="folder">
            <value>Crests (event peaks)</value>
          </Data>
          <Data name="source">
            <value>USGS record via Responder TX crest summary (reconstructed) · https://respondertx.org/data/crest-summary.json</value>
          </Data>
          <Data name="updated">
            <value>2026-07-16T08:00:00Z</value>
          </Data>
        </ExtendedData>
        <Polygon>
          <tessellate>1</tessellate>
          <outerBoundaryIs>
            <LinearRing>
              <coordinates>-98.56843,29.32972 -98.56896,29.33321 -98.5705,29.33646 -98.57296,29.33925 -98.57616,29.34139 -98.57989,29.34274 -98.58389,29.3432 -98.58789,29.34274 -98.59162,29.34139 -98.59482,29.33925 -98.59727,29.33646 -98.59882,29.33321 -98.59934,29.32972 -98.59882,29.32623 -98.59727,29.32298 -98.59482,29.32019 -98.59162,29.31805 -98.58789,29.31671 -98.58389,29.31625 -98.57989,29.31671 -98.57616,29.31805 -98.57296,29.32019 -98.5705,29.32298 -98.56896,29.32623 -98.56843,29.32972</coordinates>
            </LinearRing>
          </outerBoundaryIs>
        </Polygon>
      </Placemark>
      <Placemark>
        <name>Crest: Medina River at Bandera · peak 15.54 ft (reconstructed)</name>
        <description>Peak 15.54 ft (MODERATE) at 2026-07-17T00:00:00Z
Crest has passed
RECONSTRUCTED peak: rebuilt from the USGS record for the window before this board's own archive begins, not read from a snapshot it captured
Source: USGS record via Responder TX crest summary (reconstructed) · https://respondertx.org/data/crest-summary.json
Updated: 2026-07-17T00:00:00Z</description>
        <styleUrl>#sh-e63b3bd0-143b3bd0-2</styleUrl>
        <ExtendedData>
          <Data name="folder">
            <value>Crests (event peaks)</value>
          </Data>
          <Data name="source">
            <value>USGS record via Responder TX crest summary (reconstructed) · https://respondertx.org/data/crest-summary.json</value>
          </Data>
          <Data name="updated">
            <value>2026-07-17T00:00:00Z</value>
          </Data>
        </ExtendedData>
        <Polygon>
          <tessellate>1</tessellate>
          <outerBoundaryIs>
            <LinearRing>
              <coordinates>-99.05421,29.72361 -99.05473,29.7271 -99.05628,29.73035 -99.05875,29.73314 -99.06196,29.73528 -99.06571,29.73663 -99.06972,29.73709 -99.07374,29.73663 -99.07748,29.73528 -99.08069,29.73314 -99.08316,29.73035 -99.08471,29.7271 -99.08524,29.72361 -99.08471,29.72012 -99.08316,29.71687 -99.08069,29.71408 -99.07748,29.71194 -99.07374,29.7106 -99.06972,29.71014 -99.06571,29.7106 -99.06196,29.71194 -99.05875,29.71408 -99.05628,29.71687 -99.05473,29.72012 -99.05421,29.72361</coordinates>
            </LinearRing>
          </outerBoundaryIs>
        </Polygon>
      </Placemark>
      <Placemark>
        <name>Crest: Devils River at Pafford Crossing near Comstock · peak 10.76 ft</name>
        <description>Peak 10.76 ft (MODERATE) at 2026-07-19T00:40:00Z
Crest has passed
Source: NOAA NWS/NWPS via Responder TX crest summary · https://respondertx.org/data/crest-summary.json
Updated: 2026-07-19T00:40:00Z</description>
        <styleUrl>#sh-e63b3bd0-143b3bd0-2</styleUrl>
        <ExtendedData>
          <Data name="folder">
            <value>Crests (event peaks)</value>
          </Data>
          <Data name="source">
            <value>NOAA NWS/NWPS via Responder TX crest summary · https://respondertx.org/data/crest-summary.json</value>
          </Data>
          <Data name="updated">
            <value>2026-07-19T00:40:00Z</value>
          </Data>
        </ExtendedData>
        <Polygon>
          <tessellate>1</tessellate>
          <outerBoundaryIs>
            <LinearRing>
              <coordinates>-100.98449,29.67639 -100.98502,29.67988 -100.98657,29.68313 -100.98903,29.68592 -100.99225,29.68806 -100.99599,29.6894 -101,29.68986 -101.00401,29.6894 -101.00775,29.68806 -101.01097,29.68592 -101.01343,29.68313 -101.01498,29.67988 -101.01551,29.67639 -101.01498,29.6729 -101.01343,29.66965 -101.01097,29.66686 -101.00775,29.66472 -101.00401,29.66337 -101,29.66291 -100.99599,29.66337 -100.99225,29.66472 -100.98903,29.66686 -100.98657,29.66965 -100.98502,29.6729 -100.98449,29.67639</coordinates>
            </LinearRing>
          </outerBoundaryIs>
        </Polygon>
      </Placemark>
      <Placemark>
        <name>Crest: Mathis Creek at US 190 near Kurten · peak 283.17 ft (reconstructed)</name>
        <description>Peak 283.17 ft (MINOR) at 2026-07-15T06:00:00Z
Crest has passed
RECONSTRUCTED peak: rebuilt from the USGS record for the window before this board's own archive begins, not read from a snapshot it captured
Source: USGS record via Responder TX crest summary (reconstructed) · https://respondertx.org/data/crest-summary.json
Updated: 2026-07-15T06:00:00Z</description>
        <styleUrl>#sh-e65a83ec-145a83ec-2</styleUrl>
        <ExtendedData>
          <Data name="folder">
            <value>Crests (event peaks)</value>
          </Data>
          <Data name="source">
            <value>USGS record via Responder TX crest summary (reconstructed) · https://respondertx.org/data/crest-summary.json</value>
          </Data>
          <Data name="updated">
            <value>2026-07-15T06:00:00Z</value>
          </Data>
        </ExtendedData>
        <Polygon>
          <tessellate>1</tessellate>
          <outerBoundaryIs>
            <LinearRing>
              <coordinates>-96.28179,30.75761 -96.28233,30.7611 -96.2839,30.76435 -96.28639,30.76714 -96.28963,30.76928 -96.29342,30.77063 -96.29748,30.77109 -96.30153,30.77063 -96.30532,30.76928 -96.30856,30.76714 -96.31105,30.76435 -96.31262,30.7611 -96.31316,30.75761 -96.31262,30.75412 -96.31105,30.75087 -96.30856,30.74808 -96.30532,30.74594 -96.30153,30.7446 -96.29748,30.74414 -96.29342,30.7446 -96.28963,30.74594 -96.28639,30.74808 -96.2839,30.75087 -96.28233,30.75412 -96.28179,30.75761</coordinates>
            </LinearRing>
          </outerBoundaryIs>
        </Polygon>
      </Placemark>
      <Placemark>
        <name>Crest: Village Creek near Village Mills · peak 70.87 ft (reconstructed)</name>
        <description>Peak 70.87 ft (MINOR) at 2026-07-17T14:00:00Z
Crest has passed
RECONSTRUCTED peak: rebuilt from the USGS record for the window before this board's own archive begins, not read from a snapshot it captured
Source: USGS record via Responder TX crest summary (reconstructed) · https://respondertx.org/data/crest-summary.json
Updated: 2026-07-17T14:00:00Z</description>
        <styleUrl>#sh-e65a83ec-145a83ec-2</styleUrl>
        <ExtendedData>
          <Data name="folder">
            <value>Crests (event peaks)</value>
          </Data>
          <Data name="source">
            <value>USGS record via Responder TX crest summary (reconstructed) · https://respondertx.org/data/crest-summary.json</value>
          </Data>
          <Data name="updated">
            <value>2026-07-17T14:00:00Z</value>
          </Data>
        </ExtendedData>
        <Polygon>
          <tessellate>1</tessellate>
          <outerBoundaryIs>
            <LinearRing>
              <coordinates>-94.37896,30.4814 -94.3795,30.48489 -94.38106,30.48814 -94.38354,30.49093 -94.38678,30.49307 -94.39055,30.49442 -94.3946,30.49487 -94.39865,30.49442 -94.40242,30.49307 -94.40566,30.49093 -94.40814,30.48814 -94.4097,30.48489 -94.41024,30.4814 -94.4097,30.47791 -94.40814,30.47466 -94.40566,30.47187 -94.40242,30.46973 -94.39865,30.46838 -94.3946,30.46793 -94.39055,30.46838 -94.38678,30.46973 -94.38354,30.47187 -94.38106,30.47466 -94.3795,30.47791 -94.37896,30.4814</coordinates>
            </LinearRing>
          </outerBoundaryIs>
        </Polygon>
      </Placemark>
      <Placemark>
        <name>Crest: Black Creek at Highway 326 · peak 49.55 ft (reconstructed)</name>
        <description>Peak 49.55 ft (MINOR) at 2026-07-15T06:00:00Z
Crest has passed
Record: 52.72 ft (2016-06-03)
RECONSTRUCTED peak: rebuilt from the USGS record for the window before this board's own archive begins, not read from a snapshot it captured
Source: USGS record via Responder TX crest summary (reconstructed) · https://respondertx.org/data/crest-summary.json
Updated: 2026-07-15T06:00:00Z</description>
        <styleUrl>#sh-e65a83ec-145a83ec-2</styleUrl>
        <ExtendedData>
          <Data name="folder">
            <value>Crests (event peaks)</value>
          </Data>
          <Data name="source">
            <value>USGS record via Responder TX crest summary (reconstructed) · https://respondertx.org/data/crest-summary.json</value>
          </Data>
          <Data name="updated">
            <value>2026-07-15T06:00:00Z</value>
          </Data>
        </ExtendedData>
        <Polygon>
          <tessellate>1</tessellate>
          <outerBoundaryIs>
            <LinearRing>
              <coordinates>-94.34912,30.25556 -94.34965,30.25904 -94.35121,30.26229 -94.35369,30.26508 -94.35692,30.26722 -94.36068,30.26857 -94.36472,30.26903 -94.36876,30.26857 -94.37252,30.26722 -94.37575,30.26508 -94.37823,30.26229 -94.37979,30.25904 -94.38032,30.25556 -94.37979,30.25207 -94.37823,30.24882 -94.37575,30.24603 -94.37252,30.24389 -94.36876,30.24254 -94.36472,30.24208 -94.36068,30.24254 -94.35692,30.24389 -94.35369,30.24603 -94.35121,30.24882 -94.34965,30.25207 -94.34912,30.25556</coordinates>
            </LinearRing>
          </outerBoundaryIs>
        </Polygon>
      </Placemark>
      <Placemark>
        <name>Crest: San Antonio River at Goliad · peak 26.29 ft</name>
        <description>Peak 26.29 ft (MINOR) at 2026-07-20T21:08:00Z
Crest has passed
Record: 53.7 ft (1967-09-23)
Source: NOAA NWS/NWPS via Responder TX crest summary · https://respondertx.org/data/crest-summary.json
Updated: 2026-07-20T21:08:00Z</description>
        <styleUrl>#sh-e65a83ec-145a83ec-2</styleUrl>
        <ExtendedData>
          <Data name="folder">
            <value>Crests (event peaks)</value>
          </Data>
          <Data name="source">
            <value>NOAA NWS/NWPS via Responder TX crest summary · https://respondertx.org/data/crest-summary.json</value>
          </Data>
          <Data name="updated">
            <value>2026-07-20T21:08:00Z</value>
          </Data>
        </ExtendedData>
        <Polygon>
          <tessellate>1</tessellate>
          <outerBoundaryIs>
            <LinearRing>
              <coordinates>-97.36937,28.64917 -97.36989,28.65265 -97.37142,28.6559 -97.37386,28.65869 -97.37704,28.66084 -97.38075,28.66218 -97.38472,28.66264 -97.3887,28.66218 -97.3924,28.66084 -97.39558,28.65869 -97.39802,28.6559 -97.39955,28.65265 -97.40008,28.64917 -97.39955,28.64568 -97.39802,28.64243 -97.39558,28.63964 -97.3924,28.6375 -97.3887,28.63615 -97.38472,28.63569 -97.38075,28.63615 -97.37704,28.6375 -97.37386,28.63964 -97.37142,28.64243 -97.36989,28.64568 -97.36937,28.64917</coordinates>
            </LinearRing>
          </outerBoundaryIs>
        </Polygon>
      </Placemark>
      <Placemark>
        <name>Crest: Medina River at San Antonio US 281S · peak 20.88 ft (reconstructed)</name>
        <description>Peak 20.88 ft (MINOR) at 2026-07-16T14:00:00Z
Crest has passed
RECONSTRUCTED peak: rebuilt from the USGS record for the window before this board's own archive begins, not read from a snapshot it captured
Source: USGS record via Responder TX crest summary (reconstructed) · https://respondertx.org/data/crest-summary.json
Updated: 2026-07-16T14:00:00Z</description>
        <styleUrl>#sh-e65a83ec-145a83ec-2</styleUrl>
        <ExtendedData>
          <Data name="folder">
            <value>Crests (event peaks)</value>
          </Data>
          <Data name="source">
            <value>USGS record via Responder TX crest summary (reconstructed) · https://respondertx.org/data/crest-summary.json</value>
          </Data>
          <Data name="updated">
            <value>2026-07-16T14:00:00Z</value>
          </Data>
        </ExtendedData>
        <Polygon>
          <tessellate>1</tessellate>
          <outerBoundaryIs>
            <LinearRing>
              <coordinates>-98.47511,29.26389 -98.47564,29.26738 -98.47718,29.27063 -98.47963,29.27342 -98.48283,29.27556 -98.48656,29.2769 -98.49056,29.27736 -98.49455,29.2769 -98.49828,29.27556 -98.50148,29.27342 -98.50393,29.27063 -98.50548,29.26738 -98.506,29.26389 -98.50548,29.2604 -98.50393,29.25715 -98.50148,29.25436 -98.49828,29.25222 -98.49455,29.25087 -98.49056,29.25041 -98.48656,29.25087 -98.48283,29.25222 -98.47963,29.25436 -98.47718,29.25715 -98.47564,29.2604 -98.47511,29.26389</coordinates>
            </LinearRing>
          </outerBoundaryIs>
        </Polygon>
      </Placemark>
      <Placemark>
        <name>Crest: East Mustang Creek near Louise · peak 19.78 ft (reconstructed)</name>
        <description>Peak 19.78 ft (MINOR) at 2026-07-16T00:00:00Z
Crest has passed
Record: 24.35 ft (2004-11-21)
RECONSTRUCTED peak: rebuilt from the USGS record for the window before this board's own archive begins, not read from a snapshot it captured
Source: USGS record via Responder TX crest summary (reconstructed) · https://respondertx.org/data/crest-summary.json
Updated: 2026-07-16T00:00:00Z</description>
        <styleUrl>#sh-e65a83ec-145a83ec-2</styleUrl>
        <ExtendedData>
          <Data name="folder">
            <value>Crests (event peaks)</value>
          </Data>
          <Data name="source">
            <value>USGS record via Responder TX crest summary (reconstructed) · https://respondertx.org/data/crest-summary.json</value>
          </Data>
          <Data name="updated">
            <value>2026-07-16T00:00:00Z</value>
          </Data>
        </ExtendedData>
        <Polygon>
          <tessellate>1</tessellate>
          <outerBoundaryIs>
            <LinearRing>
              <coordinates>-96.40153,29.07056 -96.40205,29.07404 -96.40359,29.07729 -96.40604,29.08008 -96.40924,29.08222 -96.41295,29.08357 -96.41694,29.08403 -96.42093,29.08357 -96.42465,29.08222 -96.42785,29.08008 -96.4303,29.07729 -96.43184,29.07404 -96.43236,29.07056 -96.43184,29.06707 -96.4303,29.06382 -96.42785,29.06103 -96.42465,29.05889 -96.42093,29.05754 -96.41694,29.05708 -96.41295,29.05754 -96.40924,29.05889 -96.40604,29.06103 -96.40359,29.06382 -96.40205,29.06707 -96.40153,29.07056</coordinates>
            </LinearRing>
          </outerBoundaryIs>
        </Polygon>
      </Placemark>
      <Placemark>
        <name>Crest: Big Cow Creek near Newton · peak 15.55 ft (reconstructed)</name>
        <description>Peak 15.55 ft (MINOR) at 2026-07-15T12:00:00Z
Crest has passed
Record: 21.09 ft (2006-10-17)
RECONSTRUCTED peak: rebuilt from the USGS record for the window before this board's own archive begins, not read from a snapshot it captured
Source: USGS record via Responder TX crest summary (reconstructed) · https://respondertx.org/data/crest-summary.json
Updated: 2026-07-15T12:00:00Z</description>
        <styleUrl>#sh-e65a83ec-145a83ec-2</styleUrl>
        <ExtendedData>
          <Data name="folder">
            <value>Crests (event peaks)</value>
          </Data>
          <Data name="source">
            <value>USGS record via Responder TX crest summary (reconstructed) · https://respondertx.org/data/crest-summary.json</value>
          </Data>
          <Data name="updated">
            <value>2026-07-15T12:00:00Z</value>
          </Data>
        </ExtendedData>
        <Polygon>
          <tessellate>1</tessellate>
          <outerBoundaryIs>
            <LinearRing>
              <coordinates>-93.76987,30.81889 -93.7704,30.82238 -93.77197,30.82563 -93.77446,30.82842 -93.77771,30.83056 -93.78149,30.8319 -93.78556,30.83236 -93.78962,30.8319 -93.7934,30.83056 -93.79665,30.82842 -93.79914,30.82563 -93.80071,30.82238 -93.80125,30.81889 -93.80071,30.8154 -93.79914,30.81215 -93.79665,30.80936 -93.7934,30.80722 -93.78962,30.80587 -93.78556,30.80541 -93.78149,30.80587 -93.77771,30.80722 -93.77446,30.80936 -93.77197,30.81215 -93.7704,30.8154 -93.76987,30.81889</coordinates>
            </LinearRing>
          </outerBoundaryIs>
        </Polygon>
      </Placemark>
      <Placemark>
        <name>Crest: Dry Frio River near Reagan Wells near Uvalde 23N · peak 12.52 ft (reconstructed)</name>
        <description>Peak 12.52 ft (MINOR) at 2026-07-15T10:00:00Z
Crest has passed
RECONSTRUCTED peak: rebuilt from the USGS record for the window before this board's own archive begins, not read from a snapshot it captured
Source: USGS record via Responder TX crest summary (reconstructed) · https://respondertx.org/data/crest-summary.json
Updated: 2026-07-15T10:00:00Z</description>
        <styleUrl>#sh-e65a83ec-145a83ec-2</styleUrl>
        <ExtendedData>
          <Data name="folder">
            <value>Crests (event peaks)</value>
          </Data>
          <Data name="source">
            <value>USGS record via Responder TX crest summary (reconstructed) · https://respondertx.org/data/crest-summary.json</value>
          </Data>
          <Data name="updated">
            <value>2026-07-15T10:00:00Z</value>
          </Data>
        </ExtendedData>
        <Polygon>
          <tessellate>1</tessellate>
          <outerBoundaryIs>
            <LinearRing>
              <coordinates>-99.76563,29.50444 -99.76616,29.50793 -99.7677,29.51118 -99.77016,29.51397 -99.77337,29.51611 -99.7771,29.51746 -99.78111,29.51792 -99.78512,29.51746 -99.78885,29.51611 -99.79206,29.51397 -99.79452,29.51118 -99.79607,29.50793 -99.79659,29.50444 -99.79607,29.50096 -99.79452,29.49771 -99.79206,29.49492 -99.78885,29.49278 -99.78512,29.49143 -99.78111,29.49097 -99.7771,29.49143 -99.77337,29.49278 -99.77016,29.49492 -99.7677,29.49771 -99.76616,29.50096 -99.76563,29.50444</coordinates>
            </LinearRing>
          </outerBoundaryIs>
        </Polygon>
      </Placemark>
      <Placemark>
        <name>Crest: Boggy Creek (E TX) at Park Road · peak 11.89 ft (reconstructed)</name>
        <description>Peak 11.89 ft (MINOR) at 2026-07-14T18:00:00Z
Crest has passed
RECONSTRUCTED peak: rebuilt from the USGS record for the window before this board's own archive begins, not read from a snapshot it captured
Source: USGS record via Responder TX crest summary (reconstructed) · https://respondertx.org/data/crest-summary.json
Updated: 2026-07-14T18:00:00Z</description>
        <styleUrl>#sh-e65a83ec-145a83ec-2</styleUrl>
        <ExtendedData>
          <Data name="folder">
            <value>Crests (event peaks)</value>
          </Data>
          <Data name="source">
            <value>USGS record via Responder TX crest summary (reconstructed) · https://respondertx.org/data/crest-summary.json</value>
          </Data>
          <Data name="updated">
            <value>2026-07-14T18:00:00Z</value>
          </Data>
        </ExtendedData>
        <Polygon>
          <tessellate>1</tessellate>
          <outerBoundaryIs>
            <LinearRing>
              <coordinates>-94.1909,30.22476 -94.19143,30.22825 -94.19299,30.23149 -94.19546,30.23429 -94.19869,30.23643 -94.20246,30.23777 -94.20649,30.23823 -94.21053,30.23777 -94.21429,30.23643 -94.21752,30.23429 -94.22,30.23149 -94.22156,30.22825 -94.22209,30.22476 -94.22156,30.22127 -94.22,30.21802 -94.21752,30.21523 -94.21429,30.21309 -94.21053,30.21174 -94.20649,30.21128 -94.20246,30.21174 -94.19869,30.21309 -94.19546,30.21523 -94.19299,30.21802 -94.19143,30.22127 -94.1909,30.22476</coordinates>
            </LinearRing>
          </outerBoundaryIs>
        </Polygon>
      </Placemark>
      <Placemark>
        <name>Crest: Hondo Creek near Tarpley · peak 11.66 ft (reconstructed)</name>
        <description>Peak 11.66 ft (MINOR) at 2026-07-14T10:00:00Z
Crest has passed
RECONSTRUCTED peak: rebuilt from the USGS record for the window before this board's own archive begins, not read from a snapshot it captured
Source: USGS record via Responder TX crest summary (reconstructed) · https://respondertx.org/data/crest-summary.json
Updated: 2026-07-14T10:00:00Z</description>
        <styleUrl>#sh-e65a83ec-145a83ec-2</styleUrl>
        <ExtendedData>
          <Data name="folder">
            <value>Crests (event peaks)</value>
          </Data>
          <Data name="source">
            <value>USGS record via Responder TX crest summary (reconstructed) · https://respondertx.org/data/crest-summary.json</value>
          </Data>
          <Data name="updated">
            <value>2026-07-14T10:00:00Z</value>
          </Data>
        </ExtendedData>
        <Polygon>
          <tessellate>1</tessellate>
          <outerBoundaryIs>
            <LinearRing>
              <coordinates>-99.23229,29.57 -99.23281,29.57349 -99.23436,29.57674 -99.23682,29.57953 -99.24003,29.58167 -99.24377,29.58302 -99.24778,29.58347 -99.25179,29.58302 -99.25552,29.58167 -99.25873,29.57953 -99.26119,29.57674 -99.26274,29.57349 -99.26327,29.57 -99.26274,29.56651 -99.26119,29.56326 -99.25873,29.56047 -99.25552,29.55833 -99.25179,29.55698 -99.24778,29.55653 -99.24377,29.55698 -99.24003,29.55833 -99.23682,29.56047 -99.23436,29.56326 -99.23281,29.56651 -99.23229,29.57</coordinates>
            </LinearRing>
          </outerBoundaryIs>
        </Polygon>
      </Placemark>
      <Placemark>
        <name>Crest: Terry Gully at FM 1442 · peak 6.52 ft (reconstructed)</name>
        <description>Peak 6.52 ft (MINOR) at 2026-07-15T08:00:00Z
Crest has passed
RECONSTRUCTED peak: rebuilt from the USGS record for the window before this board's own archive begins, not read from a snapshot it captured
Source: USGS record via Responder TX crest summary (reconstructed) · https://respondertx.org/data/crest-summary.json
Updated: 2026-07-15T08:00:00Z</description>
        <styleUrl>#sh-e65a83ec-145a83ec-2</styleUrl>
        <ExtendedData>
          <Data name="folder">
            <value>Crests (event peaks)</value>
          </Data>
          <Data name="source">
            <value>USGS record via Responder TX crest summary (reconstructed) · https://respondertx.org/data/crest-summary.json</value>
          </Data>
          <Data name="updated">
            <value>2026-07-15T08:00:00Z</value>
          </Data>
        </ExtendedData>
        <Polygon>
          <tessellate>1</tessellate>
          <outerBoundaryIs>
            <LinearRing>
              <coordinates>-93.88792,30.1025 -93.88846,30.10599 -93.89001,30.10924 -93.89249,30.11203 -93.89571,30.11417 -93.89947,30.11552 -93.9035,30.11597 -93.90753,30.11552 -93.91129,30.11417 -93.91451,30.11203 -93.91699,30.10924 -93.91854,30.10599 -93.91908,30.1025 -93.91854,30.09901 -93.91699,30.09576 -93.91451,30.09297 -93.91129,30.09083 -93.90753,30.08948 -93.9035,30.08903 -93.89947,30.08948 -93.89571,30.09083 -93.89249,30.09297 -93.89001,30.09576 -93.88846,30.09901 -93.88792,30.1025</coordinates>
            </LinearRing>
          </outerBoundaryIs>
        </Polygon>
      </Placemark>
      <Placemark>
        <name>Crest: Goode Branch at CR 773 · peak 3.73 ft (reconstructed)</name>
        <description>Peak 3.73 ft (MINOR) at 2026-07-14T14:00:00Z
Crest has passed
RECONSTRUCTED peak: rebuilt from the USGS record for the window before this board's own archive begins, not read from a snapshot it captured
Source: USGS record via Responder TX crest summary (reconstructed) · https://respondertx.org/data/crest-summary.json
Updated: 2026-07-14T14:00:00Z</description>
        <styleUrl>#sh-e65a83ec-145a83ec-2</styleUrl>
        <ExtendedData>
          <Data name="folder">
            <value>Crests (event peaks)</value>
          </Data>
          <Data name="source">
            <value>USGS record via Responder TX crest summary (reconstructed) · https://respondertx.org/data/crest-summary.json</value>
          </Data>
          <Data name="updated">
            <value>2026-07-14T14:00:00Z</value>
          </Data>
        </ExtendedData>
        <Polygon>
          <tessellate>1</tessellate>
          <outerBoundaryIs>
            <LinearRing>
              <coordinates>-93.95757,30.43 -93.95811,30.43349 -93.95967,30.43674 -93.96215,30.43953 -93.96539,30.44167 -93.96916,30.44302 -93.9732,30.44347 -93.97724,30.44302 -93.98101,30.44167 -93.98425,30.43953 -93.98673,30.43674 -93.98829,30.43349 -93.98883,30.43 -93.98829,30.42651 -93.98673,30.42326 -93.98425,30.42047 -93.98101,30.41833 -93.97724,30.41698 -93.9732,30.41653 -93.96916,30.41698 -93.96539,30.41833 -93.96215,30.42047 -93.95967,30.42326 -93.95811,30.42651 -93.95757,30.43</coordinates>
            </LinearRing>
          </outerBoundaryIs>
        </Polygon>
      </Placemark>
      <Placemark>
        <name>Crest: Mill Creek (E TX) at Brownlea Road · peak 3.02 ft (reconstructed)</name>
        <description>Peak 3.02 ft (MINOR) at 2026-07-11T22:00:00Z
Crest has passed
RECONSTRUCTED peak: rebuilt from the USGS record for the window before this board's own archive begins, not read from a snapshot it captured
Source: USGS record via Responder TX crest summary (reconstructed) · https://respondertx.org/data/crest-summary.json
Updated: 2026-07-11T22:00:00Z</description>
        <styleUrl>#sh-e65a83ec-145a83ec-2</styleUrl>
        <ExtendedData>
          <Data name="folder">
            <value>Crests (event peaks)</value>
          </Data>
          <Data name="source">
            <value>USGS record via Responder TX crest summary (reconstructed) · https://respondertx.org/data/crest-summary.json</value>
          </Data>
          <Data name="updated">
            <value>2026-07-11T22:00:00Z</value>
          </Data>
        </ExtendedData>
        <Polygon>
          <tessellate>1</tessellate>
          <outerBoundaryIs>
            <LinearRing>
              <coordinates>-94.17271,30.40716 -94.17324,30.41064 -94.1748,30.41389 -94.17728,30.41668 -94.18052,30.41883 -94.18429,30.42017 -94.18833,30.42063 -94.19238,30.42017 -94.19614,30.41883 -94.19938,30.41668 -94.20186,30.41389 -94.20342,30.41064 -94.20396,30.40716 -94.20342,30.40367 -94.20186,30.40042 -94.19938,30.39763 -94.19614,30.39549 -94.19238,30.39414 -94.18833,30.39368 -94.18429,30.39414 -94.18052,30.39549 -94.17728,30.39763 -94.1748,30.40042 -94.17324,30.40367 -94.17271,30.40716</coordinates>
            </LinearRing>
          </outerBoundaryIs>
        </Polygon>
      </Placemark>
      <Placemark>
        <name>Crest: Tide Gauge at Packery Channel · peak 2.39 ft</name>
        <description>Peak 2.39 ft (MINOR) at 2026-07-25T19:38:00Z
Crest has passed
Source: NOAA NWS/NWPS via Responder TX crest summary · https://respondertx.org/data/crest-summary.json
Updated: 2026-07-25T19:38:00Z</description>
        <styleUrl>#sh-e65a83ec-145a83ec-2</styleUrl>
        <ExtendedData>
          <Data name="folder">
            <value>Crests (event peaks)</value>
          </Data>
          <Data name="source">
            <value>NOAA NWS/NWPS via Responder TX crest summary · https://respondertx.org/data/crest-summary.json</value>
          </Data>
          <Data name="updated">
            <value>2026-07-25T19:38:00Z</value>
          </Data>
        </ExtendedData>
        <Polygon>
          <tessellate>1</tessellate>
          <outerBoundaryIs>
            <LinearRing>
              <coordinates>-97.21868,27.61889 -97.2192,27.62238 -97.22072,27.62563 -97.22314,27.62842 -97.22629,27.63056 -97.22995,27.6319 -97.23389,27.63236 -97.23782,27.6319 -97.24149,27.63056 -97.24464,27.62842 -97.24706,27.62563 -97.24858,27.62238 -97.2491,27.61889 -97.24858,27.6154 -97.24706,27.61215 -97.24464,27.60936 -97.24149,27.60722 -97.23782,27.60587 -97.23389,27.60541 -97.22995,27.60587 -97.22629,27.60722 -97.22314,27.60936 -97.22072,27.61215 -97.2192,27.6154 -97.21868,27.61889</coordinates>
            </LinearRing>
          </outerBoundaryIs>
        </Polygon>
      </Placemark>
    </Folder>
    <Folder>
      <name>Gauges (NOAA NWPS)</name>
      <open>0</open>
      <Placemark>
        <name>Gauge: Nueces River at Cotulla · MAJOR</name>
        <description>Observed: 20.24 ft (MAJOR)
Forecast: 19.7 ft (major) at 2026-07-26T18:00:00Z
Source: NOAA NWPS · https://water.noaa.gov/gauges/COTT2
Updated: 2026-07-26T12:00:00Z</description>
        <styleUrl>#mk-fff755a8-medium</styleUrl>
        <ExtendedData>
          <Data name="folder">
            <value>Gauges (NOAA NWPS)</value>
          </Data>
          <Data name="source">
            <value>NOAA NWPS · https://water.noaa.gov/gauges/COTT2</value>
          </Data>
          <Data name="updated">
            <value>2026-07-26T12:00:00Z</value>
          </Data>
        </ExtendedData>
        <Point>
          <coordinates>-99.23972,28.42611</coordinates>
        </Point>
      </Placemark>
      <Placemark>
        <name>Gauge: Colorado River (TX) at Lake Travis · ACTION</name>
        <description>Observed: 681.46 ft (ACTION)
Source: NOAA NWPS · https://water.noaa.gov/gauges/MSDT2
Updated: 2026-07-26T13:00:00Z</description>
        <styleUrl>#mk-ff19b2fa-medium</styleUrl>
        <ExtendedData>
          <Data name="folder">
            <value>Gauges (NOAA NWPS)</value>
          </Data>
          <Data name="source">
            <value>NOAA NWPS · https://water.noaa.gov/gauges/MSDT2</value>
          </Data>
          <Data name="updated">
            <value>2026-07-26T13:00:00Z</value>
          </Data>
        </ExtendedData>
        <Point>
          <coordinates>-97.90696,30.39159</coordinates>
        </Point>
      </Placemark>
      <Placemark>
        <name>Gauge: Frio River at Tilden · ACTION</name>
        <description>Observed: 20.55 ft (ACTION)
Forecast: 18.1 ft (action) at 2026-07-26T18:00:00Z
Source: NOAA NWPS · https://water.noaa.gov/gauges/TIDT2
Updated: 2026-07-26T13:15:00Z</description>
        <styleUrl>#mk-ff19b2fa-medium</styleUrl>
        <ExtendedData>
          <Data name="folder">
            <value>Gauges (NOAA NWPS)</value>
          </Data>
          <Data name="source">
            <value>NOAA NWPS · https://water.noaa.gov/gauges/TIDT2</value>
          </Data>
          <Data name="updated">
            <value>2026-07-26T13:15:00Z</value>
          </Data>
        </ExtendedData>
        <Point>
          <coordinates>-98.54722,28.46722</coordinates>
        </Point>
      </Placemark>
      <Placemark>
        <name>Gauge: Williamson Creek at Manchaca Road at Austin</name>
        <description>Observed: 1.9 ft (no flooding)
Source: NOAA NWPS · https://water.noaa.gov/gauges/AAIT2
Updated: 2026-07-26T12:30:00Z</description>
        <styleUrl>#mk-ff818789-small</styleUrl>
        <ExtendedData>
          <Data name="folder">
            <value>Gauges (NOAA NWPS)</value>
          </Data>
          <Data name="source">
            <value>NOAA NWPS · https://water.noaa.gov/gauges/AAIT2</value>
          </Data>
          <Data name="updated">
            <value>2026-07-26T12:30:00Z</value>
          </Data>
        </ExtendedData>
        <Point>
          <coordinates>-97.79333,30.22111</coordinates>
        </Point>
      </Placemark>
      <Placemark>
        <name>Gauge: Hubbard Creek below Albany</name>
        <description>Observed: 3.23 ft (no flooding)
Source: NOAA NWPS · https://water.noaa.gov/gauges/ABAT2
Updated: 2026-07-26T12:00:00Z</description>
        <styleUrl>#mk-ff818789-small</styleUrl>
        <ExtendedData>
          <Data name="folder">
            <value>Gauges (NOAA NWPS)</value>
          </Data>
          <Data name="source">
            <value>NOAA NWPS · https://water.noaa.gov/gauges/ABAT2</value>
          </Data>
          <Data name="updated">
            <value>2026-07-26T12:00:00Z</value>
          </Data>
        </ExtendedData>
        <Point>
          <coordinates>-99.14028,32.73278</coordinates>
        </Point>
      </Placemark>
      <Placemark>
        <name>Gauge: Rio Chama at Abiquiu Dam</name>
        <description>Observed: 6199.35 ft (no flooding)
Source: NOAA NWPS · https://water.noaa.gov/gauges/ABIN5
Updated: 2026-07-26T12:30:00Z</description>
        <styleUrl>#mk-ff818789-small</styleUrl>
        <ExtendedData>
          <Data name="folder">
            <value>Gauges (NOAA NWPS)</value>
          </Data>
          <Data name="source">
            <value>NOAA NWPS · https://water.noaa.gov/gauges/ABIN5</value>
          </Data>
          <Data name="updated">
            <value>2026-07-26T12:30:00Z</value>
          </Data>
        </ExtendedData>
        <Point>
          <coordinates>-106.42889,36.24</coordinates>
        </Point>
      </Placemark>
      <Placemark>
        <name>Gauge: West Central Texas Lakes at Lake Abilene</name>
        <description>Observed: 1994.44 ft (no flooding)
Source: NOAA NWPS · https://water.noaa.gov/gauges/ABIT2
Updated: 2026-07-26T12:30:00Z</description>
        <styleUrl>#mk-ff818789-small</styleUrl>
        <ExtendedData>
          <Data name="folder">
            <value>Gauges (NOAA NWPS)</value>
          </Data>
          <Data name="source">
            <value>NOAA NWPS · https://water.noaa.gov/gauges/ABIT2</value>
          </Data>
          <Data name="updated">
            <value>2026-07-26T12:30:00Z</value>
          </Data>
        </ExtendedData>
        <Point>
          <coordinates>-99.88861,32.23444</coordinates>
        </Point>
      </Placemark>
      <Placemark>
        <name>Gauge: Barton Creek at Loop 360</name>
        <description>Observed: 1.65 ft (no flooding)
Source: NOAA NWPS · https://water.noaa.gov/gauges/ABTT2
Updated: 2026-07-26T13:00:00Z</description>
        <styleUrl>#mk-ff818789-small</styleUrl>
        <ExtendedData>
          <Data name="folder">
            <value>Gauges (NOAA NWPS)</value>
          </Data>
          <Data name="source">
            <value>NOAA NWPS · https://water.noaa.gov/gauges/ABTT2</value>
          </Data>
          <Data name="updated">
            <value>2026-07-26T13:00:00Z</value>
          </Data>
        </ExtendedData>
        <Point>
          <coordinates>-97.80194,30.24444</coordinates>
        </Point>
      </Placemark>
      <Placemark>
        <name>Gauge: Bull Creek above Loop 360</name>
        <description>Observed: 1.52 ft (no flooding)
Source: NOAA NWPS · https://water.noaa.gov/gauges/ABUT2
Updated: 2026-07-26T13:00:00Z</description>
        <styleUrl>#mk-ff818789-small</styleUrl>
        <ExtendedData>
          <Data name="folder">
            <value>Gauges (NOAA NWPS)</value>
          </Data>
          <Data name="source">
            <value>NOAA NWPS · https://water.noaa.gov/gauges/ABUT2</value>
          </Data>
          <Data name="updated">
            <value>2026-07-26T13:00:00Z</value>
          </Data>
        </ExtendedData>
        <Point>
          <coordinates>-97.78444,30.37194</coordinates>
        </Point>
      </Placemark>
      <Placemark>
        <name>Gauge: Clear Fork Brazos River near Fort Griffin</name>
        <description>Observed: 5.48 ft (no flooding)
Source: NOAA NWPS · https://water.noaa.gov/gauges/ABYT2
Updated: 2026-07-26T12:00:00Z</description>
        <styleUrl>#mk-ff818789-small</styleUrl>
        <ExtendedData>
          <Data name="folder">
            <value>Gauges (NOAA NWPS)</value>
          </Data>
          <Data name="source">
            <value>NOAA NWPS · https://water.noaa.gov/gauges/ABYT2</value>
          </Data>
          <Data name="updated">
            <value>2026-07-26T12:00:00Z</value>
          </Data>
        </ExtendedData>
        <Point>
          <coordinates>-99.21539,32.93298</coordinates>
        </Point>
      </Placemark>
      <Placemark>
        <name>Gauge: Deep Fork River at Arcadia Lake</name>
        <description>Observed: 1006.38 ft (no flooding)
Source: NOAA NWPS · https://water.noaa.gov/gauges/ACDO2
Updated: 2026-07-26T13:00:00Z</description>
        <styleUrl>#mk-ff818789-small</styleUrl>
        <ExtendedData>
          <Data name="folder">
            <value>Gauges (NOAA NWPS)</value>
          </Data>
          <Data name="source">
            <value>NOAA NWPS · https://water.noaa.gov/gauges/ACDO2</value>
          </Data>
          <Data name="updated">
            <value>2026-07-26T13:00:00Z</value>
          </Data>
        </ExtendedData>
        <Point>
          <coordinates>-97.36337,35.64839</coordinates>
        </Point>
      </Placemark>
      <Placemark>
        <name>Gauge: San Diego Creek at Alice</name>
        <description>Observed: 7.08 ft (no flooding)
Source: NOAA NWPS · https://water.noaa.gov/gauges/ACET2
Updated: 2026-07-26T12:00:00Z</description>
        <styleUrl>#mk-ff818789-small</styleUrl>
        <ExtendedData>
          <Data name="folder">
            <value>Gauges (NOAA NWPS)</value>
          </Data>
          <Data name="source">
            <value>NOAA NWPS · https://water.noaa.gov/gauges/ACET2</value>
          </Data>
          <Data name="updated">
            <value>2026-07-26T12:00:00Z</value>
          </Data>
        </ExtendedData>
        <Point>
          <coordinates>-98.07556,27.76664</coordinates>
        </Point>
      </Placemark>
      <Placemark>
        <name>Gauge: Pecos River below Acme</name>
        <description>Observed: 6.01 ft (no flooding)
Source: NOAA NWPS · https://water.noaa.gov/gauges/ACMN5
Updated: 2026-07-26T12:45:00Z</description>
        <styleUrl>#mk-ff818789-small</styleUrl>
        <ExtendedData>
          <Data name="folder">
            <value>Gauges (NOAA NWPS)</value>
          </Data>
          <Data name="source">
            <value>NOAA NWPS · https://water.noaa.gov/gauges/ACMN5</value>
          </Data>
          <Data name="updated">
            <value>2026-07-26T12:45:00Z</value>
          </Data>
        </ExtendedData>
        <Point>
          <coordinates>-104.3736,33.57186</coordinates>
        </Point>
      </Placemark>
      <Placemark>
        <name>Gauge: Colorado River (TX) at Austin</name>
        <description>Observed: 19.01 ft (no flooding)
Forecast: 19.6 ft (no_flooding) at 2026-07-26T14:00:00Z
Source: NOAA NWPS · https://water.noaa.gov/gauges/ACRT2
Updated: 2026-07-26T13:00:00Z</description>
        <styleUrl>#mk-ff818789-small</styleUrl>
        <ExtendedData>
          <Data name="folder">
            <value>Gauges (NOAA NWPS)</value>
          </Data>
          <Data name="source">
            <value>NOAA NWPS · https://water.noaa.gov/gauges/ACRT2</value>
          </Data>
          <Data name="updated">
            <value>2026-07-26T13:00:00Z</value>
          </Data>
        </ExtendedData>
        <Point>
          <coordinates>-97.68,30.24611</coordinates>
        </Point>
      </Placemark>
      <Placemark>
        <name>Gauge: North Texas Lakes at Waco Lake</name>
        <description>Observed: 461.85 ft (no flooding)
Source: NOAA NWPS · https://water.noaa.gov/gauges/ACTT2
Updated: 2026-07-26T12:15:00Z</description>
        <styleUrl>#mk-ff818789-small</styleUrl>
        <ExtendedData>
          <Data name="folder">
            <value>Gauges (NOAA NWPS)</value>
          </Data>
          <Data name="source">
            <value>NOAA NWPS · https://water.noaa.gov/gauges/ACTT2</value>
          </Data>
          <Data name="updated">
            <value>2026-07-26T12:15:00Z</value>
          </Data>
        </ExtendedData>
        <Point>
          <coordinates>-97.1975,31.57944</coordinates>
        </Point>
      </Placemark>
      <Placemark>
        <name>Gauge: Cow Creek (OK) near Addington</name>
        <description>Observed: 2.12 ft (no flooding)
Source: NOAA NWPS · https://water.noaa.gov/gauges/ADDO2
Updated: 2026-07-26T12:45:00Z</description>
        <styleUrl>#mk-ff818789-small</styleUrl>
        <ExtendedData>
          <Data name="folder">
            <value>Gauges (NOAA NWPS)</value>
          </Data>
          <Data name="source">
            <value>NOAA NWPS · https://water.noaa.gov/gauges/ADDO2</value>
          </Data>
          <Data name="updated">
            <value>2026-07-26T12:45:00Z</value>
          </Data>
        </ExtendedData>
        <Point>
          <coordinates>-97.97417,34.245</coordinates>
        </Point>
      </Placemark>
      <Placemark>
        <name>Gauge: Langham Creek at Addicks Reservoir</name>
        <description>Observed: 86.15 ft (no flooding)
Source: NOAA NWPS · https://water.noaa.gov/gauges/ADDT2
Updated: 2026-07-26T13:00:00Z</description>
        <styleUrl>#mk-ff818789-small</styleUrl>
        <ExtendedData>
          <Data name="folder">
            <value>Gauges (NOAA NWPS)</value>
          </Data>
          <Data name="source">
            <value>NOAA NWPS · https://water.noaa.gov/gauges/ADDT2</value>
          </Data>
          <Data name="updated">
            <value>2026-07-26T13:00:00Z</value>
          </Data>
        </ExtendedData>
        <Point>
          <coordinates>-95.62333,29.79111</coordinates>
        </Point>
      </Placemark>
      <Placemark>
        <name>Gauge: Adams Bayou at SH 87</name>
        <description>Observed: 1.27 ft (no flooding)
Source: NOAA NWPS · https://water.noaa.gov/gauges/ADMT2
Updated: 2026-07-26T12:45:00Z</description>
        <styleUrl>#mk-ff818789-small</styleUrl>
        <ExtendedData>
          <Data name="folder">
            <value>Gauges (NOAA NWPS)</value>
          </Data>
          <Data name="source">
            <value>NOAA NWPS · https://water.noaa.gov/gauges/ADMT2</value>
          </Data>
          <Data name="updated">
            <value>2026-07-26T12:45:00Z</value>
          </Data>
        </ExtendedData>
        <Point>
          <coordinates>-93.7497,30.0934</coordinates>
        </Point>
      </Placemark>
      <Placemark>
        <name>Gauge: Shoal Creek at West 12th Street</name>
        <description>Observed: 1.42 ft (no flooding)
Source: NOAA NWPS · https://water.noaa.gov/gauges/AHOT2
Updated: 2026-07-26T12:20:00Z</description>
        <styleUrl>#mk-ff818789-small</styleUrl>
        <ExtendedData>
          <Data name="folder">
            <value>Gauges (NOAA NWPS)</value>
          </Data>
          <Data name="source">
            <value>NOAA NWPS · https://water.noaa.gov/gauges/AHOT2</value>
          </Data>
          <Data name="updated">
            <value>2026-07-26T12:20:00Z</value>
          </Data>
        </ExtendedData>
        <Point>
          <coordinates>-97.75,30.27639</coordinates>
        </Point>
      </Placemark>
      <Placemark>
        <name>Gauge: Rio Chama below Abiquiu</name>
        <description>Observed: 2.34 ft (no flooding)
Source: NOAA NWPS · https://water.noaa.gov/gauges/AICN5
Updated: 2026-07-26T12:15:00Z</description>
        <styleUrl>#mk-ff818789-small</styleUrl>
        <ExtendedData>
          <Data name="folder">
            <value>Gauges (NOAA NWPS)</value>
          </Data>
          <Data name="source">
            <value>NOAA NWPS · https://water.noaa.gov/gauges/AICN5</value>
          </Data>
          <Data name="updated">
            <value>2026-07-26T12:15:00Z</value>
          </Data>
        </ExtendedData>
        <Point>
          <coordinates>-106.4175,36.23722</coordinates>
        </Point>
      </Placemark>
      <Placemark>
        <name>Gauge: San Fernando Creek near Alice</name>
        <description>Observed: 0.69 ft (no flooding)
Source: NOAA NWPS · https://water.noaa.gov/gauges/AICT2
Updated: 2026-07-26T12:15:00Z</description>
        <styleUrl>#mk-ff818789-small</styleUrl>
        <ExtendedData>
          <Data name="folder">
            <value>Gauges (NOAA NWPS)</value>
          </Data>
          <Data name="source">
            <value>NOAA NWPS · https://water.noaa.gov/gauges/AICT2</value>
          </Data>
          <Data name="updated">
            <value>2026-07-26T12:15:00Z</value>
          </Data>
        </ExtendedData>
        <Point>
          <coordinates>-98.03333,27.77222</coordinates>
        </Point>
      </Placemark>
      <Placemark>
        <name>Gauge: North Texas Lakes at Aquilla Lake</name>
        <description>Observed: 537.73 ft (no flooding)
Source: NOAA NWPS · https://water.noaa.gov/gauges/ALAT2
Updated: 2026-07-26T12:30:00Z</description>
        <styleUrl>#mk-ff818789-small</styleUrl>
        <ExtendedData>
          <Data name="folder">
            <value>Gauges (NOAA NWPS)</value>
          </Data>
          <Data name="source">
            <value>NOAA NWPS · https://water.noaa.gov/gauges/ALAT2</value>
          </Data>
          <Data name="updated">
            <value>2026-07-26T12:30:00Z</value>
          </Data>
        </ExtendedData>
        <Point>
          <coordinates>-97.2025,31.89972</coordinates>
        </Point>
      </Placemark>
      <Placemark>
        <name>Gauge: Colorado River (TX) at Lake Austin</name>
        <description>Observed: 492.36 ft (no flooding)
Source: NOAA NWPS · https://water.noaa.gov/gauges/ALKT2
Updated: 2026-07-26T13:00:00Z</description>
        <styleUrl>#mk-ff818789-small</styleUrl>
        <ExtendedData>
          <Data name="folder">
            <value>Gauges (NOAA NWPS)</value>
          </Data>
          <Data name="source">
            <value>NOAA NWPS · https://water.noaa.gov/gauges/ALKT2</value>
          </Data>
          <Data name="updated">
            <value>2026-07-26T13:00:00Z</value>
          </Data>
        </ExtendedData>
        <Point>
          <coordinates>-97.7864,30.31493</coordinates>
        </Point>
      </Placemark>
      <Placemark>
        <name>Gauge: Angelina River near Alto</name>
        <description>Observed: 10.58 ft (no flooding)
Source: NOAA NWPS · https://water.noaa.gov/gauges/ALOT2
Updated: 2026-07-26T12:00:00Z</description>
        <styleUrl>#mk-ff818789-small</styleUrl>
        <ExtendedData>
          <Data name="folder">
            <value>Gauges (NOAA NWPS)</value>
          </Data>
          <Data name="source">
            <value>NOAA NWPS · https://water.noaa.gov/gauges/ALOT2</value>
          </Data>
          <Data name="updated">
            <value>2026-07-26T12:00:00Z</value>
          </Data>
        </ExtendedData>
        <Point>
          <coordinates>-94.95272,31.67184</coordinates>
        </Point>
      </Placemark>
      <Placemark>
        <name>Gauge: North Fork of the Red River at Lake Altus at Lugert</name>
        <description>Observed: 1537.63 ft (no flooding)
Source: NOAA NWPS · https://water.noaa.gov/gauges/ALTO2
Updated: 2026-07-26T12:30:00Z</description>
        <styleUrl>#mk-ff818789-small</styleUrl>
        <ExtendedData>
          <Data name="folder">
            <value>Gauges (NOAA NWPS)</value>
          </Data>
          <Data name="source">
            <value>NOAA NWPS · https://water.noaa.gov/gauges/ALTO2</value>
          </Data>
          <Data name="updated">
            <value>2026-07-26T12:30:00Z</value>
          </Data>
        </ExtendedData>
        <Point>
          <coordinates>-99.29564,34.88562</coordinates>
        </Point>
      </Placemark>
      <Placemark>
        <name>Gauge: Little Wichita River near Archer City</name>
        <description>Observed: 4.41 ft (no flooding)
Source: NOAA NWPS · https://water.noaa.gov/gauges/ALWT2
Updated: 2026-07-26T12:30:00Z</description>
        <styleUrl>#mk-ff818789-small</styleUrl>
        <ExtendedData>
          <Data name="folder">
            <value>Gauges (NOAA NWPS)</value>
          </Data>
          <Data name="source">
            <value>NOAA NWPS · https://water.noaa.gov/gauges/ALWT2</value>
          </Data>
          <Data name="updated">
            <value>2026-07-26T12:30:00Z</value>
          </Data>
        </ExtendedData>
        <Point>
          <coordinates>-98.61311,33.6626</coordinates>
        </Point>
      </Placemark>
      <Placemark>
        <name>Gauge: Washita River at Alex</name>
        <description>Observed: -0.04 ft (no flooding)
Source: NOAA NWPS · https://water.noaa.gov/gauges/ALXO2
Updated: 2026-07-26T12:00:00Z</description>
        <styleUrl>#mk-ff818789-small</styleUrl>
        <ExtendedData>
          <Data name="folder">
            <value>Gauges (NOAA NWPS)</value>
          </Data>
          <Data name="source">
            <value>NOAA NWPS · https://water.noaa.gov/gauges/ALXO2</value>
          </Data>
          <Data name="updated">
            <value>2026-07-26T12:00:00Z</value>
          </Data>
        </ExtendedData>
        <Point>
          <coordinates>-97.77393,34.9259</coordinates>
        </Point>
      </Placemark>
      <Placemark>
        <name>Gauge: Canadian River at Amarillo</name>
        <description>Observed: 0.84 ft (no flooding)
Forecast: 0.8 ft (no_flooding) at 2026-07-26T18:00:00Z
Source: NOAA NWPS · https://water.noaa.gov/gauges/AMAT2
Updated: 2026-07-26T12:45:00Z</description>
        <styleUrl>#mk-ff818789-small</styleUrl>
        <ExtendedData>
          <Data name="folder">
            <value>Gauges (NOAA NWPS)</value>
          </Data>
          <Data name="source">
            <value>NOAA NWPS · https://water.noaa.gov/gauges/AMAT2</value>
          </Data>
          <Data name="updated">
            <value>2026-07-26T12:45:00Z</value>
          </Data>
        </ExtendedData>
        <Point>
          <coordinates>-101.87917,35.47028</coordinates>
        </Point>
      </Placemark>
      <Placemark>
        <name>Gauge: Cimarron River near Ames</name>
        <description>Observed: 2.67 ft (no flooding)
Source: NOAA NWPS · https://water.noaa.gov/gauges/AMCO2
Updated: 2026-07-26T12:00:00Z</description>
        <styleUrl>#mk-ff818789-small</styleUrl>
        <ExtendedData>
          <Data name="folder">
            <value>Gauges (NOAA NWPS)</value>
          </Data>
          <Data name="source">
            <value>NOAA NWPS · https://water.noaa.gov/gauges/AMCO2</value>
          </Data>
          <Data name="updated">
            <value>2026-07-26T12:00:00Z</value>
          </Data>
        </ExtendedData>
        <Point>
          <coordinates>-98.25444,36.21833</coordinates>
        </Point>
      </Placemark>
      <Placemark>
        <name>Gauge: Rio Grande at Lake Amistad</name>
        <description>Observed: 1056.65 ft (no flooding)
Source: NOAA NWPS · https://water.noaa.gov/gauges/AMIT2
Updated: 2026-07-26T12:15:00Z</description>
        <styleUrl>#mk-ff818789-small</styleUrl>
        <ExtendedData>
          <Data name="folder">
            <value>Gauges (NOAA NWPS)</value>
          </Data>
          <Data name="source">
            <value>NOAA NWPS · https://water.noaa.gov/gauges/AMIT2</value>
          </Data>
          <Data name="updated">
            <value>2026-07-26T12:15:00Z</value>
          </Data>
        </ExtendedData>
        <Point>
          <coordinates>-101.05871,29.45022</coordinates>
        </Point>
      </Placemark>
      <Placemark>
        <name>Gauge: Brazos River at Aspermont 10S</name>
        <description>Observed: 4.18 ft (no flooding)
Source: NOAA NWPS · https://water.noaa.gov/gauges/AMTT2
Updated: 2026-07-26T12:15:00Z</description>
        <styleUrl>#mk-ff818789-small</styleUrl>
        <ExtendedData>
          <Data name="folder">
            <value>Gauges (NOAA NWPS)</value>
          </Data>
          <Data name="source">
            <value>NOAA NWPS · https://water.noaa.gov/gauges/AMTT2</value>
          </Data>
          <Data name="updated">
            <value>2026-07-26T12:15:00Z</value>
          </Data>
        </ExtendedData>
        <Point>
          <coordinates>-100.18066,33.00816</coordinates>
        </Point>
      </Placemark>
      <Placemark>
        <name>Gauge: Washita River at Anadarko</name>
        <description>Observed: 6.49 ft (no flooding)
Source: NOAA NWPS · https://water.noaa.gov/gauges/ANDO2
Updated: 2026-07-26T12:30:00Z</description>
        <styleUrl>#mk-ff818789-small</styleUrl>
        <ExtendedData>
          <Data name="folder">
            <value>Gauges (NOAA NWPS)</value>
          </Data>
          <Data name="source">
            <value>NOAA NWPS · https://water.noaa.gov/gauges/ANDO2</value>
          </Data>
          <Data name="updated">
            <value>2026-07-26T12:30:00Z</value>
          </Data>
        </ExtendedData>
        <Point>
          <coordinates>-98.24339,35.08423</coordinates>
        </Point>
      </Placemark>
      <Placemark>
        <name>Gauge: AMAFCA at North Floodway Channel near Alameda</name>
        <description>Observed: 0.21 ft (no flooding)
Source: NOAA NWPS · https://water.noaa.gov/gauges/ANFN5
Updated: 2026-07-26T12:50:00Z</description>
        <styleUrl>#mk-ff818789-small</styleUrl>
        <ExtendedData>
          <Data name="folder">
            <value>Gauges (NOAA NWPS)</value>
          </Data>
          <Data name="source">
            <value>NOAA NWPS · https://water.noaa.gov/gauges/ANFN5</value>
          </Data>
          <Data name="updated">
            <value>2026-07-26T12:50:00Z</value>
          </Data>
        </ExtendedData>
        <Point>
          <coordinates>-106.59972,35.19806</coordinates>
        </Point>
      </Placemark>
      <Placemark>
        <name>Gauge: Tide Gauge above Aransas Pass</name>
        <description>Observed: 1.79 ft (no flooding)
Forecast: 1.19 ft (not_defined) at 2026-07-27T12:00:00Z
Source: NOAA NWPS · https://water.noaa.gov/gauges/ANPT2
Updated: 2026-07-26T12:54:00Z</description>
        <styleUrl>#mk-ff818789-small</styleUrl>
        <ExtendedData>
          <Data name="folder">
            <value>Gauges (NOAA NWPS)</value>
          </Data>
          <Data name="source">
            <value>NOAA NWPS · https://water.noaa.gov/gauges/ANPT2</value>
          </Data>
          <Data name="updated">
            <value>2026-07-26T12:54:00Z</value>
          </Data>
        </ExtendedData>
        <Point>
          <coordinates>-97.039,27.837</coordinates>
        </Point>
      </Placemark>
      <Placemark>
        <name>Gauge: Kiamichi River near Antlers</name>
        <description>Observed: 1.97 ft (no flooding)
Source: NOAA NWPS · https://water.noaa.gov/gauges/ANTO2
Updated: 2026-07-26T12:30:00Z</description>
        <styleUrl>#mk-ff818789-small</styleUrl>
        <ExtendedData>
          <Data name="folder">
            <value>Gauges (NOAA NWPS)</value>
          </Data>
          <Data name="source">
            <value>NOAA NWPS · https://water.noaa.gov/gauges/ANTO2</value>
          </Data>
          <Data name="updated">
            <value>2026-07-26T12:30:00Z</value>
          </Data>
        </ExtendedData>
        <Point>
          <coordinates>-95.605,34.24861</coordinates>
        </Point>
      </Placemark>
      <Placemark>
        <name>Gauge: Brazos River near Aquilla</name>
        <description>Observed: 6.13 ft (no flooding)
Source: NOAA NWPS · https://water.noaa.gov/gauges/AQLT2
Updated: 2026-07-26T13:00:00Z</description>
        <styleUrl>#mk-ff818789-small</styleUrl>
        <ExtendedData>
          <Data name="folder">
            <value>Gauges (NOAA NWPS)</value>
          </Data>
          <Data name="source">
            <value>NOAA NWPS · https://water.noaa.gov/gauges/AQLT2</value>
          </Data>
          <Data name="updated">
            <value>2026-07-26T13:00:00Z</value>
          </Data>
        </ExtendedData>
        <Point>
          <coordinates>-97.2975,31.81222</coordinates>
        </Point>
      </Placemark>
      <Placemark>
        <name>Gauge: Rock Creek (OK) at Lake of the Arbuckles</name>
        <description>Observed: 872.92 ft (no flooding)
Source: NOAA NWPS · https://water.noaa.gov/gauges/ARBO2
Updated: 2026-07-26T13:00:00Z</description>
        <styleUrl>#mk-ff818789-small</styleUrl>
        <ExtendedData>
          <Data name="folder">
            <value>Gauges (NOAA NWPS)</value>
          </Data>
          <Data name="source">
            <value>NOAA NWPS · https://water.noaa.gov/gauges/ARBO2</value>
          </Data>
          <Data name="updated">
            <value>2026-07-26T13:00:00Z</value>
          </Data>
        </ExtendedData>
        <Point>
          <coordinates>-97.03085,34.43064</coordinates>
        </Point>
      </Placemark>
      <Placemark>
        <name>Gauge: Red River at Arthur City</name>
        <description>Observed: 4.55 ft (no flooding)
Forecast: 4.9 ft (no_flooding) at 2026-07-27T06:00:00Z
Source: NOAA NWPS · https://water.noaa.gov/gauges/ARCT2
Updated: 2026-07-26T12:00:00Z</description>
        <styleUrl>#mk-ff818789-small</styleUrl>
        <ExtendedData>
          <Data name="folder">
            <value>Gauges (NOAA NWPS)</value>
          </Data>
          <Data name="source">
            <value>NOAA NWPS · https://water.noaa.gov/gauges/ARCT2</value>
          </Data>
          <Data name="updated">
            <value>2026-07-26T12:00:00Z</value>
          </Data>
        </ExtendedData>
        <Point>
          <coordinates>-95.50167,33.875</coordinates>
        </Point>
      </Placemark>
      <Placemark>
        <name>Gauge: North Fork Little Wichita River at Lake Kickapoo</name>
        <description>Observed: 1042.97 ft (no flooding)
Source: NOAA NWPS · https://water.noaa.gov/gauges/ARHT2
Updated: 2026-07-26T12:00:00Z</description>
        <styleUrl>#mk-ff818789-small</styleUrl>
        <ExtendedData>
          <Data name="folder">
            <value>Gauges (NOAA NWPS)</value>
          </Data>
          <Data name="source">
            <value>NOAA NWPS · https://water.noaa.gov/gauges/ARHT2</value>
          </Data>
          <Data name="updated">
            <value>2026-07-26T12:00:00Z</value>
          </Data>
        </ExtendedData>
        <Point>
          <coordinates>-98.77895,33.66316</coordinates>
        </Point>
      </Placemark>
      <Placemark>
        <name>Gauge: Little Wichita River at Lake Arrowhead</name>
        <description>Observed: 922.47 ft (no flooding)
Source: NOAA NWPS · https://water.noaa.gov/gauges/ARRT2
Updated: 2026-07-26T12:00:00Z</description>
        <styleUrl>#mk-ff818789-small</styleUrl>
        <ExtendedData>
          <Data name="folder">
            <value>Gauges (NOAA NWPS)</value>
          </Data>
          <Data name="source">
            <value>NOAA NWPS · https://water.noaa.gov/gauges/ARRT2</value>
          </Data>
          <Data name="updated">
            <value>2026-07-26T12:00:00Z</value>
          </Data>
        </ExtendedData>
        <Point>
          <coordinates>-98.37172,33.76427</coordinates>
        </Point>
      </Placemark>
      <Placemark>
        <name>Gauge: Salt Fork - Brazos River near Aspermont 13N</name>
        <description>Observed: 2.91 ft (no flooding)
Source: NOAA NWPS · https://water.noaa.gov/gauges/ARTT2
Updated: 2026-07-26T12:30:00Z</description>
        <styleUrl>#mk-ff818789-small</styleUrl>
        <ExtendedData>
          <Data name="folder">
            <value>Gauges (NOAA NWPS)</value>
          </Data>
          <Data name="source">
            <value>NOAA NWPS · https://water.noaa.gov/gauges/ARTT2</value>
          </Data>
          <Data name="updated">
            <value>2026-07-26T12:30:00Z</value>
          </Data>
        </ExtendedData>
        <Point>
          <coordinates>-100.23778,33.33389</coordinates>
        </Point>
      </Placemark>
      <Placemark>
        <name>Gauge: Shoal Creek above Silverway Drive</name>
        <description>Observed: 1.03 ft (no flooding)
Source: NOAA NWPS · https://water.noaa.gov/gauges/ASHT2
Updated: 2026-07-26T12:15:00Z</description>
        <styleUrl>#mk-ff818789-small</styleUrl>
        <ExtendedData>
          <Data name="folder">
            <value>Gauges (NOAA NWPS)</value>
          </Data>
          <Data name="source">
            <value>NOAA NWPS · https://water.noaa.gov/gauges/ASHT2</value>
          </Data>
          <Data name="updated">
            <value>2026-07-26T12:15:00Z</value>
          </Data>
        </ExtendedData>
        <Point>
          <coordinates>-97.73889,30.35417</coordinates>
        </Point>
      </Placemark>
      <Placemark>
        <name>Gauge: Nueces River near Asherton</name>
        <description>Observed: 17.82 ft (no flooding)
Forecast: 17.5 ft (no_flooding) at 2026-07-26T18:00:00Z
Source: NOAA NWPS · https://water.noaa.gov/gauges/ASRT2
Updated: 2026-07-26T12:30:00Z</description>
        <styleUrl>#mk-ff818789-small</styleUrl>
        <ExtendedData>
          <Data name="folder">
            <value>Gauges (NOAA NWPS)</value>
          </Data>
          <Data name="source">
            <value>NOAA NWPS · https://water.noaa.gov/gauges/ASRT2</value>
          </Data>
          <Data name="updated">
            <value>2026-07-26T12:30:00Z</value>
          </Data>
        </ExtendedData>
        <Point>
          <coordinates>-99.68167,28.5</coordinates>
        </Point>
      </Placemark>
      <Placemark>
        <name>Gauge: Attoyac Bayou near Chireno</name>
        <description>Observed: 2.66 ft (no flooding)
Source: NOAA NWPS · https://water.noaa.gov/gauges/ATBT2
Updated: 2026-07-26T12:30:00Z</description>
        <styleUrl>#mk-ff818789-small</styleUrl>
        <ExtendedData>
          <Data name="folder">
            <value>Gauges (NOAA NWPS)</value>
          </Data>
          <Data name="source">
            <value>NOAA NWPS · https://water.noaa.gov/gauges/ATBT2</value>
          </Data>
          <Data name="updated">
            <value>2026-07-26T12:30:00Z</value>
          </Data>
        </ExtendedData>
        <Point>
          <coordinates>-94.30417,31.50417</coordinates>
        </Point>
      </Placemark>
      <Placemark>
        <name>Gauge: Pecos River below Anton Chico</name>
        <description>Observed: 2.27 ft (no flooding)
Source: NOAA NWPS · https://water.noaa.gov/gauges/ATCN5
Updated: 2026-07-26T12:00:00Z</description>
        <styleUrl>#mk-ff818789-small</styleUrl>
        <ExtendedData>
          <Data name="folder">
            <value>Gauges (NOAA NWPS)</value>
          </Data>
          <Data name="source">
            <value>NOAA NWPS · https://water.noaa.gov/gauges/ATCN5</value>
          </Data>
          <Data name="updated">
            <value>2026-07-26T12:00:00Z</value>
          </Data>
        </ExtendedData>
        <Point>
          <coordinates>-105.10889,35.17861</coordinates>
        </Point>
      </Placemark>
      <Placemark>
        <name>Gauge: Atascosa River at FM 476 near Pleasanton</name>
        <description>Observed: 6.19 ft (no flooding)
Source: NOAA NWPS · https://water.noaa.gov/gauges/ATCT2
Updated: 2026-07-26T12:30:00Z</description>
        <styleUrl>#mk-ff818789-small</styleUrl>
        <ExtendedData>
          <Data name="folder">
            <value>Gauges (NOAA NWPS)</value>
          </Data>
          <Data name="source">
            <value>NOAA NWPS · https://water.noaa.gov/gauges/ATCT2</value>
          </Data>
          <Data name="updated">
            <value>2026-07-26T12:30:00Z</value>
          </Data>
        </ExtendedData>
        <Point>
          <coordinates>-98.5116,29</coordinates>
        </Point>
      </Placemark>
      <Placemark>
        <name>Gauge: North Texas Lakes at Lake Athens</name>
        <description>Observed: 439.81 ft (no flooding)
Source: NOAA NWPS · https://water.noaa.gov/gauges/ATHT2
Updated: 2026-07-26T12:30:00Z</description>
        <styleUrl>#mk-ff818789-small</styleUrl>
        <ExtendedData>
          <Data name="folder">
            <value>Gauges (NOAA NWPS)</value>
          </Data>
          <Data name="source">
            <value>NOAA NWPS · https://water.noaa.gov/gauges/ATHT2</value>
          </Data>
          <Data name="updated">
            <value>2026-07-26T12:30:00Z</value>
          </Data>
        </ExtendedData>
        <Point>
          <coordinates>-95.765,32.21056</coordinates>
        </Point>
      </Placemark>
      <Placemark>
        <name>Gauge: Onion Creek at US 183</name>
        <description>Observed: 4.85 ft (no flooding)
Source: NOAA NWPS · https://water.noaa.gov/gauges/ATIT2
Updated: 2026-07-26T12:20:00Z</description>
        <styleUrl>#mk-ff818789-small</styleUrl>
        <ExtendedData>
          <Data name="folder">
            <value>Gauges (NOAA NWPS)</value>
          </Data>
          <Data name="source">
            <value>NOAA NWPS · https://water.noaa.gov/gauges/ATIT2</value>
          </Data>
          <Data name="updated">
            <value>2026-07-26T12:20:00Z</value>
          </Data>
        </ExtendedData>
        <Point>
          <coordinates>-97.68833,30.17778</coordinates>
        </Point>
      </Placemark>
      <Placemark>
        <name>Gauge: North Boggy Creek at Atoka Lake</name>
        <description>Observed: 588.01 ft (no flooding)
Source: NOAA NWPS · https://water.noaa.gov/gauges/ATKO2
Updated: 2026-07-26T12:30:00Z</description>
        <styleUrl>#mk-ff818789-small</styleUrl>
        <ExtendedData>
          <Data name="folder">
            <value>Gauges (NOAA NWPS)</value>
          </Data>
          <Data name="source">
            <value>NOAA NWPS · https://water.noaa.gov/gauges/ATKO2</value>
          </Data>
          <Data name="updated">
            <value>2026-07-26T12:30:00Z</value>
          </Data>
        </ExtendedData>
        <Point>
          <coordinates>-96.0836,34.44537</coordinates>
        </Point>
      </Placemark>
      <Placemark>
        <name>Gauge: Muddy Boggy Creek at Atoka</name>
        <description>Observed: 14.01 ft (no flooding)
Source: NOAA NWPS · https://water.noaa.gov/gauges/ATMO2
Updated: 2026-07-26T12:45:00Z</description>
        <styleUrl>#mk-ff818789-small</styleUrl>
        <ExtendedData>
          <Data name="folder">
            <value>Gauges (NOAA NWPS)</value>
          </Data>
          <Data name="source">
            <value>NOAA NWPS · https://water.noaa.gov/gauges/ATMO2</value>
          </Data>
          <Data name="updated">
            <value>2026-07-26T12:45:00Z</value>
          </Data>
        </ExtendedData>
        <Point>
          <coordinates>-96.125,34.39417</coordinates>
        </Point>
      </Placemark>
      <Placemark>
        <name>Gauge: Neches River near Alto</name>
        <description>Observed: 4.05 ft (no flooding)
Source: NOAA NWPS · https://water.noaa.gov/gauges/ATOT2
Updated: 2026-07-26T12:15:00Z</description>
        <styleUrl>#mk-ff818789-small</styleUrl>
        <ExtendedData>
          <Data name="folder">
            <value>Gauges (NOAA NWPS)</value>
          </Data>
          <Data name="source">
            <value>NOAA NWPS · https://water.noaa.gov/gauges/ATOT2</value>
          </Data>
          <Data name="updated">
            <value>2026-07-26T12:15:00Z</value>
          </Data>
        </ExtendedData>
        <Point>
          <coordinates>-95.1655,31.5792</coordinates>
        </Point>
      </Placemark>
      <Placemark>
        <name>Gauge: Pecos River 6 miles E of Artesia</name>
        <description>Observed: 1.74 ft (no flooding)
Source: NOAA NWPS · https://water.noaa.gov/gauges/ATSN5
Updated: 2026-07-26T12:15:00Z</description>
        <styleUrl>#mk-ff818789-small</styleUrl>
        <ExtendedData>
          <Data name="folder">
            <value>Gauges (NOAA NWPS)</value>
          </Data>
          <Data name="source">
            <value>NOAA NWPS · https://water.noaa.gov/gauges/ATSN5</value>
          </Data>
          <Data name="updated">
            <value>2026-07-26T12:15:00Z</value>
          </Data>
        </ExtendedData>
        <Point>
          <coordinates>-104.32383,32.84086</coordinates>
        </Point>
      </Placemark>
      <Placemark>
        <name>Gauge: Austin Bayou at SH 35 near Liverpool</name>
        <description>Observed: 9 ft (no flooding)
Source: NOAA NWPS · https://water.noaa.gov/gauges/AUST2
Updated: 2026-07-26T12:55:00Z</description>
        <styleUrl>#mk-ff818789-small</styleUrl>
        <ExtendedData>
          <Data name="folder">
            <value>Gauges (NOAA NWPS)</value>
          </Data>
          <Data name="source">
            <value>NOAA NWPS · https://water.noaa.gov/gauges/AUST2</value>
          </Data>
          <Data name="updated">
            <value>2026-07-26T12:55:00Z</value>
          </Data>
        </ExtendedData>
        <Point>
          <coordinates>-95.33179,29.28088</coordinates>
        </Point>
      </Placemark>
      <Placemark>
        <name>Gauge: Pecos River at Avalon Reservoir Dam</name>
        <description>Observed: 3175.18 ft (no flooding)
Source: NOAA NWPS · https://water.noaa.gov/gauges/AVLN5
Updated: 2026-07-26T12:30:00Z</description>
        <styleUrl>#mk-ff818789-small</styleUrl>
        <ExtendedData>
          <Data name="folder">
            <value>Gauges (NOAA NWPS)</value>
          </Data>
          <Data name="source">
            <value>NOAA NWPS · https://water.noaa.gov/gauges/AVLN5</value>
          </Data>
          <Data name="updated">
            <value>2026-07-26T12:30:00Z</value>
          </Data>
        </ExtendedData>
        <Point>
          <coordinates>-104.25235,32.49137</coordinates>
        </Point>
      </Placemark>
      <Placemark>
        <name>Gauge: Bird Creek at Avant</name>
        <description>Observed: 3.34 ft (no flooding)
Source: NOAA NWPS · https://water.noaa.gov/gauges/AVTO2
Updated: 2026-07-26T12:30:00Z</description>
        <styleUrl>#mk-ff818789-small</styleUrl>
        <ExtendedData>
          <Data name="folder">
            <value>Gauges (NOAA NWPS)</value>
          </Data>
          <Data name="source">
            <value>NOAA NWPS · https://water.noaa.gov/gauges/AVTO2</value>
          </Data>
          <Data name="updated">
            <value>2026-07-26T12:30:00Z</value>
          </Data>
        </ExtendedData>
        <Point>
          <coordinates>-96.06,36.485</coordinates>
        </Point>
      </Placemark>
      <Placemark>
        <name>Gauge: Willow Creek (OK) near Albert</name>
        <description>Observed: 0.67 ft (no flooding)
Source: NOAA NWPS · https://water.noaa.gov/gauges/AWCO2
Updated: 2026-07-26T12:30:00Z</description>
        <styleUrl>#mk-ff818789-small</styleUrl>
        <ExtendedData>
          <Data name="folder">
            <value>Gauges (NOAA NWPS)</value>
          </Data>
          <Data name="source">
            <value>NOAA NWPS · https://water.noaa.gov/gauges/AWCO2</value>
          </Data>
          <Data name="updated">
            <value>2026-07-26T12:30:00Z</value>
          </Data>
        </ExtendedData>
        <Point>
          <coordinates>-98.46617,35.23339</coordinates>
        </Point>
      </Placemark>
      <Placemark>
        <name>Gauge: Ayish Bayou near San Augustine</name>
        <description>Observed: 2.92 ft (no flooding)
Source: NOAA NWPS · https://water.noaa.gov/gauges/AYIT2
Updated: 2026-07-26T12:15:00Z</description>
        <styleUrl>#mk-ff818789-small</styleUrl>
        <ExtendedData>
          <Data name="folder">
            <value>Gauges (NOAA NWPS)</value>
          </Data>
          <Data name="source">
            <value>NOAA NWPS · https://water.noaa.gov/gauges/AYIT2</value>
          </Data>
          <Data name="updated">
            <value>2026-07-26T12:15:00Z</value>
          </Data>
        </ExtendedData>
        <Point>
          <coordinates>-94.15083,31.39611</coordinates>
        </Point>
      </Placemark>
      <Placemark>
        <name>Gauge: Tide Gauge at Baffin Bay</name>
        <description>Observed: 0.05 ft (no flooding)
Source: NOAA NWPS · https://water.noaa.gov/gauges/BABT2
Updated: 2026-07-26T12:54:00Z</description>
        <styleUrl>#mk-ff818789-small</styleUrl>
        <ExtendedData>
          <Data name="folder">
            <value>Gauges (NOAA NWPS)</value>
          </Data>
          <Data name="source">
            <value>NOAA NWPS · https://water.noaa.gov/gauges/BABT2</value>
          </Data>
          <Data name="updated">
            <value>2026-07-26T12:54:00Z</value>
          </Data>
        </ExtendedData>
        <Point>
          <coordinates>-97.40491,27.29702</coordinates>
        </Point>
      </Placemark>
      <Placemark>
        <name>Gauge: Colorado River (TX) near Bay City</name>
        <description>Observed: 12.55 ft (no flooding)
Forecast: 13.8 ft (no_flooding) at 2026-07-26T14:00:00Z
Source: NOAA NWPS · https://water.noaa.gov/gauges/BACT2
Updated: 2026-07-26T12:15:00Z</description>
        <styleUrl>#mk-ff818789-small</styleUrl>
        <ExtendedData>
          <Data name="folder">
            <value>Gauges (NOAA NWPS)</value>
          </Data>
          <Data name="source">
            <value>NOAA NWPS · https://water.noaa.gov/gauges/BACT2</value>
          </Data>
          <Data name="updated">
            <value>2026-07-26T12:15:00Z</value>
          </Data>
        </ExtendedData>
        <Point>
          <coordinates>-96.01222,28.97389</coordinates>
        </Point>
      </Placemark>
      <Placemark>
        <name>Gauge: Buffalo Bayou at Barker Reservoir</name>
        <description>Observed: 73.15 ft (no flooding)
Source: NOAA NWPS · https://water.noaa.gov/gauges/BAKT2
Updated: 2026-07-26T13:00:00Z</description>
        <styleUrl>#mk-ff818789-small</styleUrl>
        <ExtendedData>
          <Data name="folder">
            <value>Gauges (NOAA NWPS)</value>
          </Data>
          <Data name="source">
            <value>NOAA NWPS · https://water.noaa.gov/gauges/BAKT2</value>
          </Data>
          <Data name="updated">
            <value>2026-07-26T13:00:00Z</value>
          </Data>
        </ExtendedData>
        <Point>
          <coordinates>-95.64694,29.76972</coordinates>
        </Point>
      </Placemark>
      <Placemark>
        <name>Gauge: Elm Creek (Colorado Basin WCTX) at Ballinger</name>
        <description>Observed: 3.86 ft (no flooding)
Source: NOAA NWPS · https://water.noaa.gov/gauges/BAMT2
Updated: 2026-07-26T12:30:00Z</description>
        <styleUrl>#mk-ff818789-small</styleUrl>
        <ExtendedData>
          <Data name="folder">
            <value>Gauges (NOAA NWPS)</value>
          </Data>
          <Data name="source">
            <value>NOAA NWPS · https://water.noaa.gov/gauges/BAMT2</value>
          </Data>
          <Data name="updated">
            <value>2026-07-26T12:30:00Z</value>
          </Data>
        </ExtendedData>
        <Point>
          <coordinates>-99.9475,31.74917</coordinates>
        </Point>
      </Placemark>
      <Placemark>
        <name>Gauge: Blanco River at Crabapple Road</name>
        <description>Observed: 0.77 ft (no flooding)
Source: NOAA NWPS · https://water.noaa.gov/gauges/BAPT2
Updated: 2026-07-26T13:00:00Z</description>
        <styleUrl>#mk-ff818789-small</styleUrl>
        <ExtendedData>
          <Data name="folder">
            <value>Gauges (NOAA NWPS)</value>
          </Data>
          <Data name="source">
            <value>NOAA NWPS · https://water.noaa.gov/gauges/BAPT2</value>
          </Data>
          <Data name="updated">
            <value>2026-07-26T13:00:00Z</value>
          </Data>
        </ExtendedData>
        <Point>
          <coordinates>-98.51056,30.1025</coordinates>
        </Point>
      </Placemark>
      <Placemark>
        <name>Gauge: Northwest Arkansas Lakes at Barling Lock and Dam</name>
        <description>Observed: 391.6 ft (no flooding)
Source: NOAA NWPS · https://water.noaa.gov/gauges/BARA4
Updated: 2026-07-26T12:00:00Z</description>
        <styleUrl>#mk-ff818789-small</styleUrl>
        <ExtendedData>
          <Data name="folder">
            <value>Gauges (NOAA NWPS)</value>
          </Data>
          <Data name="source">
            <value>NOAA NWPS · https://water.noaa.gov/gauges/BARA4</value>
          </Data>
          <Data name="updated">
            <value>2026-07-26T12:00:00Z</value>
          </Data>
        </ExtendedData>
        <Point>
          <coordinates>-94.29833,35.34889</coordinates>
        </Point>
      </Placemark>
      <Placemark>
        <name>Gauge: Brazos River above San Felipe</name>
        <description>Observed: 94.42 ft (no flooding)
Forecast: 94.4 ft (no_flooding) at 2026-07-26T15:00:00Z
Source: NOAA NWPS · https://water.noaa.gov/gauges/BAWT2
Updated: 2026-07-26T12:30:00Z</description>
        <styleUrl>#mk-ff818789-small</styleUrl>
        <ExtendedData>
          <Data name="folder">
            <value>Gauges (NOAA NWPS)</value>
          </Data>
          <Data name="source">
            <value>NOAA NWPS · https://water.noaa.gov/gauges/BAWT2</value>
          </Data>
          <Data name="updated">
            <value>2026-07-26T12:30:00Z</value>
          </Data>
        </ExtendedData>
        <Point>
          <coordinates>-96.09556,29.80833</coordinates>
        </Point>
      </Placemark>
      <Placemark>
        <name>Gauge: Bear Creek at Barker</name>
        <description>Observed: 97.45 ft (no flooding)
Source: NOAA NWPS · https://water.noaa.gov/gauges/BBAT2
Updated: 2026-07-26T12:30:00Z</description>
        <styleUrl>#mk-ff818789-small</styleUrl>
        <ExtendedData>
          <Data name="folder">
            <value>Gauges (NOAA NWPS)</value>
          </Data>
          <Data name="source">
            <value>NOAA NWPS · https://water.noaa.gov/gauges/BBAT2</value>
          </Data>
          <Data name="updated">
            <value>2026-07-26T12:30:00Z</value>
          </Data>
        </ExtendedData>
        <Point>
          <coordinates>-95.68667,29.83056</coordinates>
        </Point>
      </Placemark>
      <Placemark>
        <name>Gauge: Buffalo Bayou at Shepherd Drive</name>
        <description>Observed: 5.48 ft (no flooding)
Source: NOAA NWPS · https://water.noaa.gov/gauges/BBST2
Updated: 2026-07-26T12:15:00Z</description>
        <styleUrl>#mk-ff818789-small</styleUrl>
        <ExtendedData>
          <Data name="folder">
            <value>Gauges (NOAA NWPS)</value>
          </Data>
          <Data name="source">
            <value>NOAA NWPS · https://water.noaa.gov/gauges/BBST2</value>
          </Data>
          <Data name="updated">
            <value>2026-07-26T12:15:00Z</value>
          </Data>
        </ExtendedData>
        <Point>
          <coordinates>-95.40833,29.76</coordinates>
        </Point>
      </Placemark>
      <Placemark>
        <name>Gauge: Brazos River near Bryan</name>
        <description>Observed: 9.46 ft (no flooding)
Forecast: 9.4 ft (no_flooding) at 2026-07-26T15:00:00Z
Source: NOAA NWPS · https://water.noaa.gov/gauges/BBZT2
Updated: 2026-07-26T12:15:00Z</description>
        <styleUrl>#mk-ff818789-small</styleUrl>
        <ExtendedData>
          <Data name="folder">
            <value>Gauges (NOAA NWPS)</value>
          </Data>
          <Data name="source">
            <value>NOAA NWPS · https://water.noaa.gov/gauges/BBZT2</value>
          </Data>
          <Data name="updated">
            <value>2026-07-26T12:15:00Z</value>
          </Data>
        </ExtendedData>
        <Point>
          <coordinates>-96.54389,30.62667</coordinates>
        </Point>
      </Placemark>
      <Placemark>
        <name>Gauge: North Texas Lakes at Lake Amon Carter</name>
        <description>Observed: 917.93 ft (no flooding)
Source: NOAA NWPS · https://water.noaa.gov/gauges/BCAT2
Updated: 2026-07-26T13:00:00Z</description>
        <styleUrl>#mk-ff818789-small</styleUrl>
        <ExtendedData>
          <Data name="folder">
            <value>Gauges (NOAA NWPS)</value>
          </Data>
          <Data name="source">
            <value>NOAA NWPS · https://water.noaa.gov/gauges/BCAT2</value>
          </Data>
          <Data name="updated">
            <value>2026-07-26T13:00:00Z</value>
          </Data>
        </ExtendedData>
        <Point>
          <coordinates>-97.86278,33.47417</coordinates>
        </Point>
      </Placemark>
      <Placemark>
        <name>Gauge: Barton Creek above Barton Springs</name>
        <description>Observed: 1.43 ft (no flooding)
Source: NOAA NWPS · https://water.noaa.gov/gauges/BCCT2
Updated: 2026-07-26T12:20:00Z</description>
        <styleUrl>#mk-ff818789-small</styleUrl>
        <ExtendedData>
          <Data name="folder">
            <value>Gauges (NOAA NWPS)</value>
          </Data>
          <Data name="source">
            <value>NOAA NWPS · https://water.noaa.gov/gauges/BCCT2</value>
          </Data>
          <Data name="updated">
            <value>2026-07-26T12:20:00Z</value>
          </Data>
        </ExtendedData>
        <Point>
          <coordinates>-97.77194,30.26333</coordinates>
        </Point>
      </Placemark>
      <Placemark>
        <name>Gauge: Bear Creek below Route 1826 at Driftwood</name>
        <description>Observed: 3.34 ft (no flooding)
Source: NOAA NWPS · https://water.noaa.gov/gauges/BCDT2
Updated: 2026-07-26T13:00:00Z</description>
        <styleUrl>#mk-ff818789-small</styleUrl>
        <ExtendedData>
          <Data name="folder">
            <value>Gauges (NOAA NWPS)</value>
          </Data>
          <Data name="source">
            <value>NOAA NWPS · https://water.noaa.gov/gauges/BCDT2</value>
          </Data>
          <Data name="updated">
            <value>2026-07-26T13:00:00Z</value>
          </Data>
        </ExtendedData>
        <Point>
          <coordinates>-97.93972,30.15528</coordinates>
        </Point>
      </Placemark>
      <Placemark>
        <name>Gauge: McCain Creek near Blanchard</name>
        <description>Observed: 4.22 ft (no flooding)
Source: NOAA NWPS · https://water.noaa.gov/gauges/BCHL1
Updated: 2026-07-26T12:10:00Z</description>
        <styleUrl>#mk-ff818789-small</styleUrl>
        <ExtendedData>
          <Data name="folder">
            <value>Gauges (NOAA NWPS)</value>
          </Data>
          <Data name="source">
            <value>NOAA NWPS · https://water.noaa.gov/gauges/BCHL1</value>
          </Data>
          <Data name="updated">
            <value>2026-07-26T12:10:00Z</value>
          </Data>
        </ExtendedData>
        <Point>
          <coordinates>-93.83694,32.60194</coordinates>
        </Point>
      </Placemark>
      <Placemark>
        <name>Gauge: Brushy Creek at I-35 Round Rock</name>
        <description>Observed: 3.89 ft (no flooding)
Source: NOAA NWPS · https://water.noaa.gov/gauges/BCIT2
Updated: 2026-07-26T12:50:00Z</description>
        <styleUrl>#mk-ff818789-small</styleUrl>
        <ExtendedData>
          <Data name="folder">
            <value>Gauges (NOAA NWPS)</value>
          </Data>
          <Data name="source">
            <value>NOAA NWPS · https://water.noaa.gov/gauges/BCIT2</value>
          </Data>
          <Data name="updated">
            <value>2026-07-26T12:50:00Z</value>
          </Data>
        </ExtendedData>
        <Point>
          <coordinates>-97.68639,30.51278</coordinates>
        </Point>
      </Placemark>
      <Placemark>
        <name>Gauge: Bear Creek at Spillar Ranch Road</name>
        <description>Observed: 1 ft (no flooding)
Source: NOAA NWPS · https://water.noaa.gov/gauges/BCMT2
Updated: 2026-07-26T12:10:00Z</description>
        <styleUrl>#mk-ff818789-small</styleUrl>
        <ExtendedData>
          <Data name="folder">
            <value>Gauges (NOAA NWPS)</value>
          </Data>
          <Data name="source">
            <value>NOAA NWPS · https://water.noaa.gov/gauges/BCMT2</value>
          </Data>
          <Data name="updated">
            <value>2026-07-26T12:10:00Z</value>
          </Data>
        </ExtendedData>
        <Point>
          <coordinates>-97.90694,30.16361</coordinates>
        </Point>
      </Placemark>
      <Placemark>
        <name>Gauge: Big Creek near Needville</name>
        <description>Observed: 1.82 ft (no flooding)
Source: NOAA NWPS · https://water.noaa.gov/gauges/BCNT2
Updated: 2026-07-26T12:15:00Z</description>
        <styleUrl>#mk-ff818789-small</styleUrl>
        <ExtendedData>
          <Data name="folder">
            <value>Gauges (NOAA NWPS)</value>
          </Data>
          <Data name="source">
            <value>NOAA NWPS · https://water.noaa.gov/gauges/BCNT2</value>
          </Data>
          <Data name="updated">
            <value>2026-07-26T12:15:00Z</value>
          </Data>
        </ExtendedData>
        <Point>
          <coordinates>-95.80301,29.47191</coordinates>
        </Point>
      </Placemark>
      <Placemark>
        <name>Gauge: West Central Texas Lakes at Brady Creek Reservoir</name>
        <description>Observed: 1741.93 ft (no flooding)
Source: NOAA NWPS · https://water.noaa.gov/gauges/BCRT2
Updated: 2026-07-26T12:45:00Z</description>
        <styleUrl>#mk-ff818789-small</styleUrl>
        <ExtendedData>
          <Data name="folder">
            <value>Gauges (NOAA NWPS)</value>
          </Data>
          <Data name="source">
            <value>NOAA NWPS · https://water.noaa.gov/gauges/BCRT2</value>
          </Data>
          <Data name="updated">
            <value>2026-07-26T12:45:00Z</value>
          </Data>
        </ExtendedData>
        <Point>
          <coordinates>-99.38528,31.13806</coordinates>
        </Point>
      </Placemark>
      <Placemark>
        <name>Gauge: Boggy Creek at Webberville Road</name>
        <description>Observed: 0.65 ft (no flooding)
Source: NOAA NWPS · https://water.noaa.gov/gauges/BCWT2
Updated: 2026-07-26T12:50:00Z</description>
        <styleUrl>#mk-ff818789-small</styleUrl>
        <ExtendedData>
          <Data name="folder">
            <value>Gauges (NOAA NWPS)</value>
          </Data>
          <Data name="source">
            <value>NOAA NWPS · https://water.noaa.gov/gauges/BCWT2</value>
          </Data>
          <Data name="updated">
            <value>2026-07-26T12:50:00Z</value>
          </Data>
        </ExtendedData>
        <Point>
          <coordinates>-97.7125,30.26306</coordinates>
        </Point>
      </Placemark>
      <Placemark>
        <name>Gauge: Cypress Creek (E TX) at CR 725</name>
        <description>Observed: no reading (no flooding)
Source: NOAA NWPS · https://water.noaa.gov/gauges/BCYT2
Updated: 0001-01-01T00:00:00Z</description>
        <styleUrl>#mk-ff818789-small</styleUrl>
        <ExtendedData>
          <Data name="folder">
            <value>Gauges (NOAA NWPS)</value>
          </Data>
          <Data name="source">
            <value>NOAA NWPS · https://water.noaa.gov/gauges/BCYT2</value>
          </Data>
          <Data name="updated">
            <value>0001-01-01T00:00:00Z</value>
          </Data>
        </ExtendedData>
        <Point>
          <coordinates>-93.9392,30.4753</coordinates>
        </Point>
      </Placemark>
      <Placemark>
        <name>Gauge: Medina River at Bandera</name>
        <description>Observed: 5.4 ft (no flooding)
Source: NOAA NWPS · https://water.noaa.gov/gauges/BDAT2
Updated: 2026-07-26T12:45:00Z</description>
        <styleUrl>#mk-ff818789-small</styleUrl>
        <ExtendedData>
          <Data name="folder">
            <value>Gauges (NOAA NWPS)</value>
          </Data>
          <Data name="source">
            <value>NOAA NWPS · https://water.noaa.gov/gauges/BDAT2</value>
          </Data>
          <Data name="updated">
            <value>2026-07-26T12:45:00Z</value>
          </Data>
        </ExtendedData>
        <Point>
          <coordinates>-99.06972,29.72361</coordinates>
        </Point>
      </Placemark>
      <Placemark>
        <name>Gauge: Delaware Creek near Bromide</name>
        <description>Observed: 4.26 ft (no flooding)
Source: NOAA NWPS · https://water.noaa.gov/gauges/BDCO2
Updated: 2026-07-26T12:30:00Z</description>
        <styleUrl>#mk-ff818789-small</styleUrl>
        <ExtendedData>
          <Data name="folder">
            <value>Gauges (NOAA NWPS)</value>
          </Data>
          <Data name="source">
            <value>NOAA NWPS · https://water.noaa.gov/gauges/BDCO2</value>
          </Data>
          <Data name="updated">
            <value>2026-07-26T12:30:00Z</value>
          </Data>
        </ExtendedData>
        <Point>
          <coordinates>-96.53993,34.40702</coordinates>
        </Point>
      </Placemark>
      <Placemark>
        <name>Gauge: North Texas Lakes at Lake Daniel</name>
        <description>Observed: no reading (no flooding)
Source: NOAA NWPS · https://water.noaa.gov/gauges/BDLT2
Updated: 0001-01-01T00:00:00Z</description>
        <styleUrl>#mk-ff818789-small</styleUrl>
        <ExtendedData>
          <Data name="folder">
            <value>Gauges (NOAA NWPS)</value>
          </Data>
          <Data name="source">
            <value>NOAA NWPS · https://water.noaa.gov/gauges/BDLT2</value>
          </Data>
          <Data name="updated">
            <value>0001-01-01T00:00:00Z</value>
          </Data>
        </ExtendedData>
        <Point>
          <coordinates>-98.86917,32.64778</coordinates>
        </Point>
      </Placemark>
      <Placemark>
        <name>Gauge: Onion Creek at Buda</name>
        <description>Observed: 3.53 ft (no flooding)
Source: NOAA NWPS · https://water.noaa.gov/gauges/BDUT2
Updated: 2026-07-26T13:00:00Z</description>
        <styleUrl>#mk-ff818789-small</styleUrl>
        <ExtendedData>
          <Data name="folder">
            <value>Gauges (NOAA NWPS)</value>
          </Data>
          <Data name="source">
            <value>NOAA NWPS · https://water.noaa.gov/gauges/BDUT2</value>
          </Data>
          <Data name="updated">
            <value>2026-07-26T13:00:00Z</value>
          </Data>
        </ExtendedData>
        <Point>
          <coordinates>-97.84861,30.08667</coordinates>
        </Point>
      </Placemark>
      <Placemark>
        <name>Gauge: North Texas Lakes at Bardwell Lake</name>
        <description>Observed: 420.87 ft (no flooding)
Source: NOAA NWPS · https://water.noaa.gov/gauges/BDWT2
Updated: 2026-07-26T12:30:00Z</description>
        <styleUrl>#mk-ff818789-small</styleUrl>
        <ExtendedData>
          <Data name="folder">
            <value>Gauges (NOAA NWPS)</value>
          </Data>
          <Data name="source">
            <value>NOAA NWPS · https://water.noaa.gov/gauges/BDWT2</value>
          </Data>
          <Data name="updated">
            <value>2026-07-26T12:30:00Z</value>
          </Data>
        </ExtendedData>
        <Point>
          <coordinates>-96.64389,32.25333</coordinates>
        </Point>
      </Placemark>
      <Placemark>
        <name>Gauge: Neches River at Beaumont</name>
        <description>Observed: no reading (no flooding)
Source: NOAA NWPS · https://water.noaa.gov/gauges/BEAT2
Updated: 0001-01-01T00:00:00Z</description>
        <styleUrl>#mk-ff818789-small</styleUrl>
        <ExtendedData>
          <Data name="folder">
            <value>Gauges (NOAA NWPS)</value>
          </Data>
          <Data name="source">
            <value>NOAA NWPS · https://water.noaa.gov/gauges/BEAT2</value>
          </Data>
          <Data name="updated">
            <value>0001-01-01T00:00:00Z</value>
          </Data>
        </ExtendedData>
        <Point>
          <coordinates>-94.09639,30.13306</coordinates>
        </Point>
      </Placemark>
      <Placemark>
        <name>Gauge: Big Creek at TX 150 near Shepherd</name>
        <description>Observed: 132.95 ft (no flooding)
Source: NOAA NWPS · https://water.noaa.gov/gauges/BEHT2
Updated: 2026-07-26T12:50:00Z</description>
        <styleUrl>#mk-ff818789-small</styleUrl>
        <ExtendedData>
          <Data name="folder">
            <value>Gauges (NOAA NWPS)</value>
          </Data>
          <Data name="source">
            <value>NOAA NWPS · https://water.noaa.gov/gauges/BEHT2</value>
          </Data>
          <Data name="updated">
            <value>2026-07-26T12:50:00Z</value>
          </Data>
        </ExtendedData>
        <Point>
          <coordinates>-95.03129,30.50218</coordinates>
        </Point>
      </Placemark>
      <Placemark>
        <name>Gauge: Sabine River near Beckville</name>
        <description>Observed: 6.77 ft (no flooding)
Source: NOAA NWPS · https://water.noaa.gov/gauges/BEKT2
Updated: 2026-07-26T12:45:00Z</description>
        <styleUrl>#mk-ff818789-small</styleUrl>
        <ExtendedData>
          <Data name="folder">
            <value>Gauges (NOAA NWPS)</value>
          </Data>
          <Data name="source">
            <value>NOAA NWPS · https://water.noaa.gov/gauges/BEKT2</value>
          </Data>
          <Data name="updated">
            <value>2026-07-26T12:45:00Z</value>
          </Data>
        </ExtendedData>
        <Point>
          <coordinates>-94.35333,32.32722</coordinates>
        </Point>
      </Placemark>
      <Placemark>
        <name>Gauge: Mill Creek near Bellville</name>
        <description>Observed: 2.75 ft (no flooding)
Source: NOAA NWPS · https://water.noaa.gov/gauges/BEMT2
Updated: 2026-07-26T12:30:00Z</description>
        <styleUrl>#mk-ff818789-small</styleUrl>
        <ExtendedData>
          <Data name="folder">
            <value>Gauges (NOAA NWPS)</value>
          </Data>
          <Data name="source">
            <value>NOAA NWPS · https://water.noaa.gov/gauges/BEMT2</value>
          </Data>
          <Data name="updated">
            <value>2026-07-26T12:30:00Z</value>
          </Data>
        </ExtendedData>
        <Point>
          <coordinates>-96.205,29.88083</coordinates>
        </Point>
      </Placemark>
      <Placemark>
        <name>Gauge: South Wichita River near Benjamin</name>
        <description>Observed: 8.4 ft (no flooding)
Source: NOAA NWPS · https://water.noaa.gov/gauges/BENT2
Updated: 2026-07-26T12:45:00Z</description>
        <styleUrl>#mk-ff818789-small</styleUrl>
        <ExtendedData>
          <Data name="folder">
            <value>Gauges (NOAA NWPS)</value>
          </Data>
          <Data name="source">
            <value>NOAA NWPS · https://water.noaa.gov/gauges/BENT2</value>
          </Data>
          <Data name="updated">
            <value>2026-07-26T12:45:00Z</value>
          </Data>
        </ExtendedData>
        <Point>
          <coordinates>-99.80093,33.64426</coordinates>
        </Point>
      </Placemark>
      <Placemark>
        <name>Gauge: Jemez River at Jemez Canyon Reservoir</name>
        <description>Observed: 5157.91 ft (no flooding)
Source: NOAA NWPS · https://water.noaa.gov/gauges/BERN5
Updated: 2026-07-26T12:45:00Z</description>
        <styleUrl>#mk-ff818789-small</styleUrl>
        <ExtendedData>
          <Data name="folder">
            <value>Gauges (NOAA NWPS)</value>
          </Data>
          <Data name="source">
            <value>NOAA NWPS · https://water.noaa.gov/gauges/BERN5</value>
          </Data>
          <Data name="updated">
            <value>2026-07-26T12:45:00Z</value>
          </Data>
        </ExtendedData>
        <Point>
          <coordinates>-106.54722,35.39444</coordinates>
        </Point>
      </Placemark>
      <Placemark>
        <name>Gauge: Bear Creek at FM 2722 nr Sattler</name>
        <description>Observed: 1.89 ft (no flooding)
Source: NOAA NWPS · https://water.noaa.gov/gauges/BEST2
Updated: 2026-07-26T13:00:00Z</description>
        <styleUrl>#mk-ff818789-small</styleUrl>
        <ExtendedData>
          <Data name="folder">
            <value>Gauges (NOAA NWPS)</value>
          </Data>
          <Data name="source">
            <value>NOAA NWPS · https://water.noaa.gov/gauges/BEST2</value>
          </Data>
          <Data name="updated">
            <value>2026-07-26T13:00:00Z</value>
          </Data>
        </ExtendedData>
        <Point>
          <coordinates>-98.23028,29.80833</coordinates>
        </Point>
      </Placemark>
      <Placemark>
        <name>Gauge: Rio Grande Below Falcon Reservoir</name>
        <description>Observed: 1.1 ft (no flooding)
Source: NOAA NWPS · https://water.noaa.gov/gauges/BFAT2
Updated: 2026-07-26T12:45:00Z</description>
        <styleUrl>#mk-ff818789-small</styleUrl>
        <ExtendedData>
          <Data name="folder">
            <value>Gauges (NOAA NWPS)</value>
          </Data>
          <Data name="source">
            <value>NOAA NWPS · https://water.noaa.gov/gauges/BFAT2</value>
          </Data>
          <Data name="updated">
            <value>2026-07-26T12:45:00Z</value>
          </Data>
        </ExtendedData>
        <Point>
          <coordinates>-99.16667,26.55722</coordinates>
        </Point>
      </Placemark>
      <Placemark>
        <name>Gauge: Blanco River at Fischer Store Rd near Fischer</name>
        <description>Observed: 3.81 ft (no flooding)
Source: NOAA NWPS · https://water.noaa.gov/gauges/BFST2
Updated: 2026-07-26T13:00:00Z</description>
        <styleUrl>#mk-ff818789-small</styleUrl>
        <ExtendedData>
          <Data name="folder">
            <value>Gauges (NOAA NWPS)</value>
          </Data>
          <Data name="source">
            <value>NOAA NWPS · https://water.noaa.gov/gauges/BFST2</value>
          </Data>
          <Data name="updated">
            <value>2026-07-26T13:00:00Z</value>
          </Data>
        </ExtendedData>
        <Point>
          <coordinates>-98.20036,30.00058</coordinates>
        </Point>
      </Placemark>
      <Placemark>
        <name>Gauge: Big Sandy Creek (Brazos River Basin) above Breckenridge</name>
        <description>Observed: 5.91 ft (no flooding)
Source: NOAA NWPS · https://water.noaa.gov/gauges/BGET2
Updated: 2026-07-26T12:00:00Z</description>
        <styleUrl>#mk-ff818789-small</styleUrl>
        <ExtendedData>
          <Data name="folder">
            <value>Gauges (NOAA NWPS)</value>
          </Data>
          <Data name="source">
            <value>NOAA NWPS · https://water.noaa.gov/gauges/BGET2</value>
          </Data>
          <Data name="updated">
            <value>2026-07-26T12:00:00Z</value>
          </Data>
        </ExtendedData>
        <Point>
          <coordinates>-99.00417,32.64833</coordinates>
        </Point>
      </Placemark>
      <Placemark>
        <name>Gauge: Big Cypress Creek near Karnack</name>
        <description>Observed: 4.89 ft (no flooding)
Source: NOAA NWPS · https://water.noaa.gov/gauges/BGKT2
Updated: 2026-07-26T12:45:00Z</description>
        <styleUrl>#mk-ff818789-small</styleUrl>
        <ExtendedData>
          <Data name="folder">
            <value>Gauges (NOAA NWPS)</value>
          </Data>
          <Data name="source">
            <value>NOAA NWPS · https://water.noaa.gov/gauges/BGKT2</value>
          </Data>
          <Data name="updated">
            <value>2026-07-26T12:45:00Z</value>
          </Data>
        </ExtendedData>
        <Point>
          <coordinates>-94.2325,32.73861</coordinates>
        </Point>
      </Placemark>
      <Placemark>
        <name>Gauge: Boggy Creek at Manor Road</name>
        <description>Observed: 1.04 ft (no flooding)
Source: NOAA NWPS · https://water.noaa.gov/gauges/BGMT2
Updated: 2026-07-26T13:00:00Z</description>
        <styleUrl>#mk-ff818789-small</styleUrl>
        <ExtendedData>
          <Data name="folder">
            <value>Gauges (NOAA NWPS)</value>
          </Data>
          <Data name="source">
            <value>NOAA NWPS · https://water.noaa.gov/gauges/BGMT2</value>
          </Data>
          <Data name="updated">
            <value>2026-07-26T13:00:00Z</value>
          </Data>
        </ExtendedData>
        <Point>
          <coordinates>-97.70861,30.28611</coordinates>
        </Point>
      </Placemark>
      <Placemark>
        <name>Gauge: Deep Fork River near Beggs</name>
        <description>Observed: -0.82 ft (no flooding)
Source: NOAA NWPS · https://water.noaa.gov/gauges/BGSO2
Updated: 2026-07-26T12:15:00Z</description>
        <styleUrl>#mk-ff818789-small</styleUrl>
        <ExtendedData>
          <Data name="folder">
            <value>Gauges (NOAA NWPS)</value>
          </Data>
          <Data name="source">
            <value>NOAA NWPS · https://water.noaa.gov/gauges/BGSO2</value>
          </Data>
          <Data name="updated">
            <value>2026-07-26T12:15:00Z</value>
          </Data>
        </ExtendedData>
        <Point>
          <coordinates>-96.06833,35.67389</coordinates>
        </Point>
      </Placemark>
      <Placemark>
        <name>Gauge: Prairie Dog Town Fork of the Red River at Brice 6SW</name>
        <description>Observed: 4.82 ft (no flooding)
Source: NOAA NWPS · https://water.noaa.gov/gauges/BICT2
Updated: 2026-07-26T12:00:00Z</description>
        <styleUrl>#mk-ff818789-small</styleUrl>
        <ExtendedData>
          <Data name="folder">
            <value>Gauges (NOAA NWPS)</value>
          </Data>
          <Data name="source">
            <value>NOAA NWPS · https://water.noaa.gov/gauges/BICT2</value>
          </Data>
          <Data name="updated">
            <value>2026-07-26T12:00:00Z</value>
          </Data>
        </ExtendedData>
        <Point>
          <coordinates>-100.94028,34.62778</coordinates>
        </Point>
      </Placemark>
      <Placemark>
        <name>Gauge: Pine Island Bayou at B.I. Pump Plant</name>
        <description>Observed: 2.51 ft (no flooding)
Source: NOAA NWPS · https://water.noaa.gov/gauges/BIPT2
Updated: 2026-07-26T12:15:00Z</description>
        <styleUrl>#mk-ff818789-small</styleUrl>
        <ExtendedData>
          <Data name="folder">
            <value>Gauges (NOAA NWPS)</value>
          </Data>
          <Data name="source">
            <value>NOAA NWPS · https://water.noaa.gov/gauges/BIPT2</value>
          </Data>
          <Data name="updated">
            <value>2026-07-26T12:15:00Z</value>
          </Data>
        </ExtendedData>
        <Point>
          <coordinates>-94.18889,30.17917</coordinates>
        </Point>
      </Placemark>
      <Placemark>
        <name>Gauge: Red River near Burkburnett</name>
        <description>Observed: 2.43 ft (no flooding)
Source: NOAA NWPS · https://water.noaa.gov/gauges/BKBT2
Updated: 2026-07-26T12:30:00Z</description>
        <styleUrl>#mk-ff818789-small</styleUrl>
        <ExtendedData>
          <Data name="folder">
            <value>Gauges (NOAA NWPS)</value>
          </Data>
          <Data name="source">
            <value>NOAA NWPS · https://water.noaa.gov/gauges/BKBT2</value>
          </Data>
          <Data name="updated">
            <value>2026-07-26T12:30:00Z</value>
          </Data>
        </ExtendedData>
        <Point>
          <coordinates>-98.53172,34.11009</coordinates>
        </Point>
      </Placemark>
      <Placemark>
        <name>Gauge: Devils River at Bakers Crossing near Juno</name>
        <description>Observed: 2.68 ft (no flooding)
Source: NOAA NWPS · https://water.noaa.gov/gauges/BKCT2
Updated: 2026-07-26T12:15:00Z</description>
        <styleUrl>#mk-ff818789-small</styleUrl>
        <ExtendedData>
          <Data name="folder">
            <value>Gauges (NOAA NWPS)</value>
          </Data>
          <Data name="source">
            <value>NOAA NWPS · https://water.noaa.gov/gauges/BKCT2</value>
          </Data>
          <Data name="updated">
            <value>2026-07-26T12:15:00Z</value>
          </Data>
        </ExtendedData>
        <Point>
          <coordinates>-101.13028,29.95</coordinates>
        </Point>
      </Placemark>
      <Placemark>
        <name>Gauge: Brushy Creek at Kenney Fort Blvd nr Round Rock</name>
        <description>Observed: 3.72 ft (no flooding)
Source: NOAA NWPS · https://water.noaa.gov/gauges/BKFT2
Updated: 2026-07-26T12:35:00Z</description>
        <styleUrl>#mk-ff818789-small</styleUrl>
        <ExtendedData>
          <Data name="folder">
            <value>Gauges (NOAA NWPS)</value>
          </Data>
          <Data name="source">
            <value>NOAA NWPS · https://water.noaa.gov/gauges/BKFT2</value>
          </Data>
          <Data name="updated">
            <value>2026-07-26T12:35:00Z</value>
          </Data>
        </ExtendedData>
        <Point>
          <coordinates>-97.63667,30.51222</coordinates>
        </Point>
      </Placemark>
      <Placemark>
        <name>Gauge: Sabine River at Toledo Bend Reservoir</name>
        <description>Observed: 170.11 ft (no flooding)
Source: NOAA NWPS · https://water.noaa.gov/gauges/BKLT2
Updated: 2026-07-26T12:00:00Z</description>
        <styleUrl>#mk-ff818789-small</styleUrl>
        <ExtendedData>
          <Data name="folder">
            <value>Gauges (NOAA NWPS)</value>
          </Data>
          <Data name="source">
            <value>NOAA NWPS · https://water.noaa.gov/gauges/BKLT2</value>
          </Data>
          <Data name="updated">
            <value>2026-07-26T12:00:00Z</value>
          </Data>
        </ExtendedData>
        <Point>
          <coordinates>-93.57194,31.19611</coordinates>
        </Point>
      </Placemark>
      <Placemark>
        <name>Gauge: Brushy Creek at FM 619 near Taylor</name>
        <description>Observed: 7.66 ft (no flooding)
Source: NOAA NWPS · https://water.noaa.gov/gauges/BKTT2
Updated: 2026-07-26T12:15:00Z</description>
        <styleUrl>#mk-ff818789-small</styleUrl>
        <ExtendedData>
          <Data name="folder">
            <value>Gauges (NOAA NWPS)</value>
          </Data>
          <Data name="source">
            <value>NOAA NWPS · https://water.noaa.gov/gauges/BKTT2</value>
          </Data>
          <Data name="updated">
            <value>2026-07-26T12:15:00Z</value>
          </Data>
        </ExtendedData>
        <Point>
          <coordinates>-97.33833,30.51944</coordinates>
        </Point>
      </Placemark>
      <Placemark>
        <name>Gauge: North Texas Lakes at Lake Bonham</name>
        <description>Observed: 564.4 ft (no flooding)
Source: NOAA NWPS · https://water.noaa.gov/gauges/BLBT2
Updated: 2026-07-26T13:00:00Z</description>
        <styleUrl>#mk-ff818789-small</styleUrl>
        <ExtendedData>
          <Data name="folder">
            <value>Gauges (NOAA NWPS)</value>
          </Data>
          <Data name="source">
            <value>NOAA NWPS · https://water.noaa.gov/gauges/BLBT2</value>
          </Data>
          <Data name="updated">
            <value>2026-07-26T13:00:00Z</value>
          </Data>
        </ExtendedData>
        <Point>
          <coordinates>-96.16389,33.64528</coordinates>
        </Point>
      </Placemark>
      <Placemark>
        <name>Gauge: Leon River near Belton</name>
        <description>Observed: 3.94 ft (no flooding)
Source: NOAA NWPS · https://water.noaa.gov/gauges/BLET2
Updated: 2026-07-26T12:15:00Z</description>
        <styleUrl>#mk-ff818789-small</styleUrl>
        <ExtendedData>
          <Data name="folder">
            <value>Gauges (NOAA NWPS)</value>
          </Data>
          <Data name="source">
            <value>NOAA NWPS · https://water.noaa.gov/gauges/BLET2</value>
          </Data>
          <Data name="updated">
            <value>2026-07-26T12:15:00Z</value>
          </Data>
        </ExtendedData>
        <Point>
          <coordinates>-97.44111,31.07</coordinates>
        </Point>
      </Placemark>
      <Placemark>
        <name>Gauge: Colorado River (TX) near Ballinger</name>
        <description>Observed: 4.03 ft (no flooding)
Source: NOAA NWPS · https://water.noaa.gov/gauges/BLIT2
Updated: 2026-07-26T12:00:00Z</description>
        <styleUrl>#mk-ff818789-small</styleUrl>
        <ExtendedData>
          <Data name="folder">
            <value>Gauges (NOAA NWPS)</value>
          </Data>
          <Data name="source">
            <value>NOAA NWPS · https://water.noaa.gov/gauges/BLIT2</value>
          </Data>
          <Data name="updated">
            <value>2026-07-26T12:00:00Z</value>
          </Data>
        </ExtendedData>
        <Point>
          <coordinates>-100.02611,31.71528</coordinates>
        </Point>
      </Placemark>
      <Placemark>
        <name>Gauge: West Central Texas Lakes at Oak Creek Reservoir</name>
        <description>Observed: 1975.39 ft (no flooding)
Source: NOAA NWPS · https://water.noaa.gov/gauges/BLKT2
Updated: 2026-07-26T12:45:00Z</description>
        <styleUrl>#mk-ff818789-small</styleUrl>
        <ExtendedData>
          <Data name="folder">
            <value>Gauges (NOAA NWPS)</value>
          </Data>
          <Data name="source">
            <value>NOAA NWPS · https://water.noaa.gov/gauges/BLKT2</value>
          </Data>
          <Data name="updated">
            <value>2026-07-26T12:45:00Z</value>
          </Data>
        </ExtendedData>
        <Point>
          <coordinates>-100.26806,32.04056</coordinates>
        </Point>
      </Placemark>
      <Placemark>
        <name>Gauge: North Texas Lakes at Belton Lake</name>
        <description>Observed: 594.97 ft (no flooding)
Source: NOAA NWPS · https://water.noaa.gov/gauges/BLNT2
Updated: 2026-07-26T12:00:00Z</description>
        <styleUrl>#mk-ff818789-small</styleUrl>
        <ExtendedData>
          <Data name="folder">
            <value>Gauges (NOAA NWPS)</value>
          </Data>
          <Data name="source">
            <value>NOAA NWPS · https://water.noaa.gov/gauges/BLNT2</value>
          </Data>
          <Data name="updated">
            <value>2026-07-26T12:00:00Z</value>
          </Data>
        </ExtendedData>
        <Point>
          <coordinates>-97.47444,31.10611</coordinates>
        </Point>
      </Placemark>
      <Placemark>
        <name>Gauge: Blue River (OK) near Blue</name>
        <description>Observed: 5.73 ft (no flooding)
Forecast: 5.7 ft (no_flooding) at 2026-07-26T18:00:00Z
Source: NOAA NWPS · https://water.noaa.gov/gauges/BLUO2
Updated: 2026-07-26T12:30:00Z</description>
        <styleUrl>#mk-ff818789-small</styleUrl>
        <ExtendedData>
          <Data name="folder">
            <value>Gauges (NOAA NWPS)</value>
          </Data>
          <Data name="source">
            <value>NOAA NWPS · https://water.noaa.gov/gauges/BLUO2</value>
          </Data>
          <Data name="updated">
            <value>2026-07-26T12:30:00Z</value>
          </Data>
        </ExtendedData>
        <Point>
          <coordinates>-96.2411,33.99704</coordinates>
        </Point>
      </Placemark>
      <Placemark>
        <name>Gauge: Marys Creek near Benbrook</name>
        <description>Observed: 1.13 ft (no flooding)
Source: NOAA NWPS · https://water.noaa.gov/gauges/BMCT2
Updated: 2026-07-26T12:45:00Z</description>
        <styleUrl>#mk-ff818789-small</styleUrl>
        <ExtendedData>
          <Data name="folder">
            <value>Gauges (NOAA NWPS)</value>
          </Data>
          <Data name="source">
            <value>NOAA NWPS · https://water.noaa.gov/gauges/BMCT2</value>
          </Data>
          <Data name="updated">
            <value>2026-07-26T12:45:00Z</value>
          </Data>
        </ExtendedData>
        <Point>
          <coordinates>-97.44694,32.695</coordinates>
        </Point>
      </Placemark>
      <Placemark>
        <name>Gauge: Manadas Creek at Bristol Road nr Laredo</name>
        <description>Observed: 0.68 ft (no flooding)
Source: NOAA NWPS · https://water.noaa.gov/gauges/BMKT2
Updated: 2026-07-26T12:15:00Z</description>
        <styleUrl>#mk-ff818789-small</styleUrl>
        <ExtendedData>
          <Data name="folder">
            <value>Gauges (NOAA NWPS)</value>
          </Data>
          <Data name="source">
            <value>NOAA NWPS · https://water.noaa.gov/gauges/BMKT2</value>
          </Data>
          <Data name="updated">
            <value>2026-07-26T12:15:00Z</value>
          </Data>
        </ExtendedData>
        <Point>
          <coordinates>-99.5147,27.5838</coordinates>
        </Point>
      </Placemark>
      <Placemark>
        <name>Gauge: Petit Jean River at Blue Mountain Dam</name>
        <description>Observed: 376.11 ft (no flooding)
Source: NOAA NWPS · https://water.noaa.gov/gauges/BMTA4
Updated: 2026-07-26T13:00:00Z</description>
        <styleUrl>#mk-ff818789-small</styleUrl>
        <ExtendedData>
          <Data name="folder">
            <value>Gauges (NOAA NWPS)</value>
          </Data>
          <Data name="source">
            <value>NOAA NWPS · https://water.noaa.gov/gauges/BMTA4</value>
          </Data>
          <Data name="updated">
            <value>2026-07-26T13:00:00Z</value>
          </Data>
        </ExtendedData>
        <Point>
          <coordinates>-93.65056,35.10167</coordinates>
        </Point>
      </Placemark>
      <Placemark>
        <name>Gauge: North Texas Lakes at Benbrook Lake</name>
        <description>Observed: 692.41 ft (no flooding)
Source: NOAA NWPS · https://water.noaa.gov/gauges/BNBT2
Updated: 2026-07-26T12:00:00Z</description>
        <styleUrl>#mk-ff818789-small</styleUrl>
        <ExtendedData>
          <Data name="folder">
            <value>Gauges (NOAA NWPS)</value>
          </Data>
          <Data name="source">
            <value>NOAA NWPS · https://water.noaa.gov/gauges/BNBT2</value>
          </Data>
          <Data name="updated">
            <value>2026-07-26T12:00:00Z</value>
          </Data>
        </ExtendedData>
        <Point>
          <coordinates>-97.44833,32.65056</coordinates>
        </Point>
      </Placemark>
      <Placemark>
        <name>Gauge: San Bernard River near Boling</name>
        <description>Observed: 3.73 ft (no flooding)
Source: NOAA NWPS · https://water.noaa.gov/gauges/BOLT2
Updated: 2026-07-26T12:15:00Z</description>
        <styleUrl>#mk-ff818789-small</styleUrl>
        <ExtendedData>
          <Data name="folder">
            <value>Gauges (NOAA NWPS)</value>
          </Data>
          <Data name="source">
            <value>NOAA NWPS · https://water.noaa.gov/gauges/BOLT2</value>
          </Data>
          <Data name="updated">
            <value>2026-07-26T12:15:00Z</value>
          </Data>
        </ExtendedData>
        <Point>
          <coordinates>-95.89389,29.31333</coordinates>
        </Point>
      </Placemark>
      <Placemark>
        <name>Gauge: Boggy Creek (E TX) at Park Road</name>
        <description>Observed: 0.12 ft (no flooding)
Source: NOAA NWPS · https://water.noaa.gov/gauges/BOPT2
Updated: 2026-07-26T13:00:00Z</description>
        <styleUrl>#mk-ff818789-small</styleUrl>
        <ExtendedData>
          <Data name="folder">
            <value>Gauges (NOAA NWPS)</value>
          </Data>
          <Data name="source">
            <value>NOAA NWPS · https://water.noaa.gov/gauges/BOPT2</value>
          </Data>
          <Data name="updated">
            <value>2026-07-26T13:00:00Z</value>
          </Data>
        </ExtendedData>
        <Point>
          <coordinates>-94.20649,30.22476</coordinates>
        </Point>
      </Placemark>
      <Placemark>
        <name>Gauge: Rio Grande at Boquillas Crossing</name>
        <description>Observed: 3.14 ft (no flooding)
Forecast: 3.2 ft (no_flooding) at 2026-07-26T15:00:00Z
Source: NOAA NWPS · https://water.noaa.gov/gauges/BOQT2
Updated: 2026-07-26T12:00:00Z</description>
        <styleUrl>#mk-ff818789-small</styleUrl>
        <ExtendedData>
          <Data name="folder">
            <value>Gauges (NOAA NWPS)</value>
          </Data>
          <Data name="source">
            <value>NOAA NWPS · https://water.noaa.gov/gauges/BOQT2</value>
          </Data>
          <Data name="updated">
            <value>2026-07-26T12:00:00Z</value>
          </Data>
        </ExtendedData>
        <Point>
          <coordinates>-102.97544,29.18354</coordinates>
        </Point>
      </Placemark>
      <Placemark>
        <name>Gauge: West Fork Trinity River near Boyd</name>
        <description>Observed: 6.16 ft (no flooding)
Source: NOAA NWPS · https://water.noaa.gov/gauges/BOYT2
Updated: 2026-07-26T12:15:00Z</description>
        <styleUrl>#mk-ff818789-small</styleUrl>
        <ExtendedData>
          <Data name="folder">
            <value>Gauges (NOAA NWPS)</value>
          </Data>
          <Data name="source">
            <value>NOAA NWPS · https://water.noaa.gov/gauges/BOYT2</value>
          </Data>
          <Data name="updated">
            <value>2026-07-26T12:15:00Z</value>
          </Data>
        </ExtendedData>
        <Point>
          <coordinates>-97.55833,33.08528</coordinates>
        </Point>
      </Placemark>
      <Placemark>
        <name>Gauge: North Texas Lakes at Lake Bridgeport</name>
        <description>Observed: 831.05 ft (no flooding)
Source: NOAA NWPS · https://water.noaa.gov/gauges/BPRT2
Updated: 2026-07-26T12:00:00Z</description>
        <styleUrl>#mk-ff818789-small</styleUrl>
        <ExtendedData>
          <Data name="folder">
            <value>Gauges (NOAA NWPS)</value>
          </Data>
          <Data name="source">
            <value>NOAA NWPS · https://water.noaa.gov/gauges/BPRT2</value>
          </Data>
          <Data name="updated">
            <value>2026-07-26T12:00:00Z</value>
          </Data>
        </ExtendedData>
        <Point>
          <coordinates>-97.83167,33.22278</coordinates>
        </Point>
      </Placemark>
      <Placemark>
        <name>Gauge: South Wichita River at Guthrie 6E</name>
        <description>Observed: 3.4 ft (no flooding)
Source: NOAA NWPS · https://water.noaa.gov/gauges/BPST2
Updated: 2026-07-26T12:30:00Z</description>
        <styleUrl>#mk-ff818789-small</styleUrl>
        <ExtendedData>
          <Data name="folder">
            <value>Gauges (NOAA NWPS)</value>
          </Data>
          <Data name="source">
            <value>NOAA NWPS · https://water.noaa.gov/gauges/BPST2</value>
          </Data>
          <Data name="updated">
            <value>2026-07-26T12:30:00Z</value>
          </Data>
        </ExtendedData>
        <Point>
          <coordinates>-100.20861,33.62222</coordinates>
        </Point>
      </Placemark>
      <Placemark>
        <name>Gauge: Brady Creek at Brady</name>
        <description>Observed: 6.79 ft (no flooding)
Source: NOAA NWPS · https://water.noaa.gov/gauges/BRAT2
Updated: 2026-07-26T12:30:00Z</description>
        <styleUrl>#mk-ff818789-small</styleUrl>
        <ExtendedData>
          <Data name="folder">
            <value>Gauges (NOAA NWPS)</value>
          </Data>
          <Data name="source">
            <value>NOAA NWPS · https://water.noaa.gov/gauges/BRAT2</value>
          </Data>
          <Data name="updated">
            <value>2026-07-26T12:30:00Z</value>
          </Data>
        </ExtendedData>
        <Point>
          <coordinates>-99.33472,31.13806</coordinates>
        </Point>
      </Placemark>
      <Placemark>
        <name>Gauge: Blanco River at Blanco</name>
        <description>Observed: 12.59 ft (no flooding)
Forecast: 12.6 ft (no_flooding) at 2026-07-26T14:00:00Z
Source: NOAA NWPS · https://water.noaa.gov/gauges/BRBT2
Updated: 2026-07-26T11:00:00Z</description>
        <styleUrl>#mk-ff818789-small</styleUrl>
        <ExtendedData>
          <Data name="folder">
            <value>Gauges (NOAA NWPS)</value>
          </Data>
          <Data name="source">
            <value>NOAA NWPS · https://water.noaa.gov/gauges/BRBT2</value>
          </Data>
          <Data name="updated">
            <value>2026-07-26T11:00:00Z</value>
          </Data>
        </ExtendedData>
        <Point>
          <coordinates>-98.42318,30.0928</coordinates>
        </Point>
      </Placemark>
      <Placemark>
        <name>Gauge: Canadian River near Bridgeport</name>
        <description>Observed: 9.12 ft (no flooding)
Source: NOAA NWPS · https://water.noaa.gov/gauges/BRIO2
Updated: 2026-07-26T12:45:00Z</description>
        <styleUrl>#mk-ff818789-small</styleUrl>
        <ExtendedData>
          <Data name="folder">
            <value>Gauges (NOAA NWPS)</value>
          </Data>
          <Data name="source">
            <value>NOAA NWPS · https://water.noaa.gov/gauges/BRIO2</value>
          </Data>
          <Data name="updated">
            <value>2026-07-26T12:45:00Z</value>
          </Data>
        </ExtendedData>
        <Point>
          <coordinates>-98.31784,35.54366</coordinates>
        </Point>
      </Placemark>
      <Placemark>
        <name>Gauge: Lavaca River at Breslau</name>
        <description>Observed: no reading (no flooding)
Source: NOAA NWPS · https://water.noaa.gov/gauges/BRLT2
Updated: 0001-01-01T00:00:00Z</description>
        <styleUrl>#mk-ff818789-small</styleUrl>
        <ExtendedData>
          <Data name="folder">
            <value>Gauges (NOAA NWPS)</value>
          </Data>
          <Data name="source">
            <value>NOAA NWPS · https://water.noaa.gov/gauges/BRLT2</value>
          </Data>
          <Data name="updated">
            <value>0001-01-01T00:00:00Z</value>
          </Data>
        </ExtendedData>
        <Point>
          <coordinates>-97.00167,29.52028</coordinates>
        </Point>
      </Placemark>
      <Placemark>
        <name>Gauge: Big Sandy Creek (Trinity River Basin) near Bridgeport</name>
        <description>Observed: 0.67 ft (no flooding)
Source: NOAA NWPS · https://water.noaa.gov/gauges/BRPT2
Updated: 2026-07-26T12:15:00Z</description>
        <styleUrl>#mk-ff818789-small</styleUrl>
        <ExtendedData>
          <Data name="folder">
            <value>Gauges (NOAA NWPS)</value>
          </Data>
          <Data name="source">
            <value>NOAA NWPS · https://water.noaa.gov/gauges/BRPT2</value>
          </Data>
          <Data name="updated">
            <value>2026-07-26T12:15:00Z</value>
          </Data>
        </ExtendedData>
        <Point>
          <coordinates>-97.69444,33.23167</coordinates>
        </Point>
      </Placemark>
      <Placemark>
        <name>Gauge: Colorado River (TX) at Bastrop</name>
        <description>Observed: 8.01 ft (no flooding)
Forecast: 7.5 ft (no_flooding) at 2026-07-26T14:00:00Z
Source: NOAA NWPS · https://water.noaa.gov/gauges/BRTT2
Updated: 2026-07-26T13:00:00Z</description>
        <styleUrl>#mk-ff818789-small</styleUrl>
        <ExtendedData>
          <Data name="folder">
            <value>Gauges (NOAA NWPS)</value>
          </Data>
          <Data name="source">
            <value>NOAA NWPS · https://water.noaa.gov/gauges/BRTT2</value>
          </Data>
          <Data name="updated">
            <value>2026-07-26T13:00:00Z</value>
          </Data>
        </ExtendedData>
        <Point>
          <coordinates>-97.31917,30.10444</coordinates>
        </Point>
      </Placemark>
      <Placemark>
        <name>Gauge: Sabine River near Burkeville</name>
        <description>Observed: 11.51 ft (no flooding)
Forecast: 17.7 ft (no_flooding) at 2026-07-27T06:00:00Z
Source: NOAA NWPS · https://water.noaa.gov/gauges/BRVT2
Updated: 2026-07-26T12:15:00Z</description>
        <styleUrl>#mk-ff818789-small</styleUrl>
        <ExtendedData>
          <Data name="folder">
            <value>Gauges (NOAA NWPS)</value>
          </Data>
          <Data name="source">
            <value>NOAA NWPS · https://water.noaa.gov/gauges/BRVT2</value>
          </Data>
          <Data name="updated">
            <value>2026-07-26T12:15:00Z</value>
          </Data>
        </ExtendedData>
        <Point>
          <coordinates>-93.51944,31.06389</coordinates>
        </Point>
      </Placemark>
      <Placemark>
        <name>Gauge: Kings River near Berryville</name>
        <description>Observed: 3.08 ft (no flooding)
Forecast: 3.1 ft (no_flooding) at 2026-07-26T18:00:00Z
Source: NOAA NWPS · https://water.noaa.gov/gauges/BRYA4
Updated: 2026-07-26T12:15:00Z</description>
        <styleUrl>#mk-ff818789-small</styleUrl>
        <ExtendedData>
          <Data name="folder">
            <value>Gauges (NOAA NWPS)</value>
          </Data>
          <Data name="source">
            <value>NOAA NWPS · https://water.noaa.gov/gauges/BRYA4</value>
          </Data>
          <Data name="updated">
            <value>2026-07-26T12:15:00Z</value>
          </Data>
        </ExtendedData>
        <Point>
          <coordinates>-93.62083,36.42722</coordinates>
        </Point>
      </Placemark>
      <Placemark>
        <name>Gauge: North Texas Lakes at Lake Mexia</name>
        <description>Observed: 447.9 ft (no flooding)
Source: NOAA NWPS · https://water.noaa.gov/gauges/BSAT2
Updated: 2026-07-26T13:00:00Z</description>
        <styleUrl>#mk-ff818789-small</styleUrl>
        <ExtendedData>
          <Data name="folder">
            <value>Gauges (NOAA NWPS)</value>
          </Data>
          <Data name="source">
            <value>NOAA NWPS · https://water.noaa.gov/gauges/BSAT2</value>
          </Data>
          <Data name="updated">
            <value>2026-07-26T13:00:00Z</value>
          </Data>
        </ExtendedData>
        <Point>
          <coordinates>-96.57861,31.64361</coordinates>
        </Point>
      </Placemark>
      <Placemark>
        <name>Gauge: South Fork Rocky Creek near Briggs, TX</name>
        <description>Observed: 1.26 ft (no flooding)
Source: NOAA NWPS · https://water.noaa.gov/gauges/BSJT2
Updated: 2026-07-26T12:30:00Z</description>
        <styleUrl>#mk-ff818789-small</styleUrl>
        <ExtendedData>
          <Data name="folder">
            <value>Gauges (NOAA NWPS)</value>
          </Data>
          <Data name="source">
            <value>NOAA NWPS · https://water.noaa.gov/gauges/BSJT2</value>
          </Data>
          <Data name="updated">
            <value>2026-07-26T12:30:00Z</value>
          </Data>
        </ExtendedData>
        <Point>
          <coordinates>-98.03667,30.91139</coordinates>
        </Point>
      </Placemark>
      <Placemark>
        <name>Gauge: Blanco River at San Marcos</name>
        <description>Observed: 8.21 ft (no flooding)
Source: NOAA NWPS · https://water.noaa.gov/gauges/BSMT2
Updated: 2026-07-26T12:45:00Z</description>
        <styleUrl>#mk-ff818789-small</styleUrl>
        <ExtendedData>
          <Data name="folder">
            <value>Gauges (NOAA NWPS)</value>
          </Data>
          <Data name="source">
            <value>NOAA NWPS · https://water.noaa.gov/gauges/BSMT2</value>
          </Data>
          <Data name="updated">
            <value>2026-07-26T12:45:00Z</value>
          </Data>
        </ExtendedData>
        <Point>
          <coordinates>-97.91056,29.87944</coordinates>
        </Point>
      </Placemark>
      <Placemark>
        <name>Gauge: Big Sandy Creek near Big Sandy</name>
        <description>Observed: 3.64 ft (no flooding)
Source: NOAA NWPS · https://water.noaa.gov/gauges/BSNT2
Updated: 2026-07-26T12:00:00Z</description>
        <styleUrl>#mk-ff818789-small</styleUrl>
        <ExtendedData>
          <Data name="folder">
            <value>Gauges (NOAA NWPS)</value>
          </Data>
          <Data name="source">
            <value>NOAA NWPS · https://water.noaa.gov/gauges/BSNT2</value>
          </Data>
          <Data name="updated">
            <value>2026-07-26T12:00:00Z</value>
          </Data>
        </ExtendedData>
        <Point>
          <coordinates>-95.09139,32.60389</coordinates>
        </Point>
      </Placemark>
      <Placemark>
        <name>Gauge: Blue Spring 5 miles E of Whites City</name>
        <description>Observed: 3.76 ft (no flooding)
Source: NOAA NWPS · https://water.noaa.gov/gauges/BSSN5
Updated: 2026-07-26T12:45:00Z</description>
        <styleUrl>#mk-ff818789-small</styleUrl>
        <ExtendedData>
          <Data name="folder">
            <value>Gauges (NOAA NWPS)</value>
          </Data>
          <Data name="source">
            <value>NOAA NWPS · https://water.noaa.gov/gauges/BSSN5</value>
          </Data>
          <Data name="updated">
            <value>2026-07-26T12:45:00Z</value>
          </Data>
        </ExtendedData>
        <Point>
          <coordinates>-104.2845,32.18459</coordinates>
        </Point>
      </Placemark>
      <Placemark>
        <name>Gauge: San Saba River near Brady</name>
        <description>Observed: 2.56 ft (no flooding)
Source: NOAA NWPS · https://water.noaa.gov/gauges/BSST2
Updated: 2026-07-26T13:00:00Z</description>
        <styleUrl>#mk-ff818789-small</styleUrl>
        <ExtendedData>
          <Data name="folder">
            <value>Gauges (NOAA NWPS)</value>
          </Data>
          <Data name="source">
            <value>NOAA NWPS · https://water.noaa.gov/gauges/BSST2</value>
          </Data>
          <Data name="updated">
            <value>2026-07-26T13:00:00Z</value>
          </Data>
        </ExtendedData>
        <Point>
          <coordinates>-99.26861,31.00389</coordinates>
        </Point>
      </Placemark>
      <Placemark>
        <name>Gauge: Salado Creek at Wilderness Road near San Antonio</name>
        <description>Observed: 1 ft (no flooding)
Source: NOAA NWPS · https://water.noaa.gov/gauges/BSWT2
Updated: 2026-07-26T13:00:00Z</description>
        <styleUrl>#mk-ff818789-small</styleUrl>
        <ExtendedData>
          <Data name="folder">
            <value>Gauges (NOAA NWPS)</value>
          </Data>
          <Data name="source">
            <value>NOAA NWPS · https://water.noaa.gov/gauges/BSWT2</value>
          </Data>
          <Data name="updated">
            <value>2026-07-26T13:00:00Z</value>
          </Data>
        </ExtendedData>
        <Point>
          <coordinates>-98.56528,29.63056</coordinates>
        </Point>
      </Placemark>
      <Placemark>
        <name>Gauge: Brushy Creek at FM 973 nr Coupland</name>
        <description>Observed: 5.76 ft (no flooding)
Source: NOAA NWPS · https://water.noaa.gov/gauges/BSYT2
Updated: 2026-07-26T12:40:00Z</description>
        <styleUrl>#mk-ff818789-small</styleUrl>
        <ExtendedData>
          <Data name="folder">
            <value>Gauges (NOAA NWPS)</value>
          </Data>
          <Data name="source">
            <value>NOAA NWPS · https://water.noaa.gov/gauges/BSYT2</value>
          </Data>
          <Data name="updated">
            <value>2026-07-26T12:40:00Z</value>
          </Data>
        </ExtendedData>
        <Point>
          <coordinates>-97.46333,30.46917</coordinates>
        </Point>
      </Placemark>
      <Placemark>
        <name>Gauge: Turkey Creek (OK) near Bison</name>
        <description>Observed: 5.39 ft (no flooding)
Source: NOAA NWPS · https://water.noaa.gov/gauges/BTCO2
Updated: 2026-07-26T12:15:00Z</description>
        <styleUrl>#mk-ff818789-small</styleUrl>
        <ExtendedData>
          <Data name="folder">
            <value>Gauges (NOAA NWPS)</value>
          </Data>
          <Data name="source">
            <value>NOAA NWPS · https://water.noaa.gov/gauges/BTCO2</value>
          </Data>
          <Data name="updated">
            <value>2026-07-26T12:15:00Z</value>
          </Data>
        </ExtendedData>
        <Point>
          <coordinates>-97.96191,36.18867</coordinates>
        </Point>
      </Placemark>
      <Placemark>
        <name>Gauge: Pecos River 14 miles NW of Pandale</name>
        <description>Observed: 6.18 ft (no flooding)
Source: NOAA NWPS · https://water.noaa.gov/gauges/BTNT2
Updated: 2026-07-26T12:00:00Z</description>
        <styleUrl>#mk-ff818789-small</styleUrl>
        <ExtendedData>
          <Data name="folder">
            <value>Gauges (NOAA NWPS)</value>
          </Data>
          <Data name="source">
            <value>NOAA NWPS · https://water.noaa.gov/gauges/BTNT2</value>
          </Data>
          <Data name="updated">
            <value>2026-07-26T12:00:00Z</value>
          </Data>
        </ExtendedData>
        <Point>
          <coordinates>-101.74156,30.314</coordinates>
        </Point>
      </Placemark>
      <Placemark>
        <name>Gauge: West Nueces River at Brackettville</name>
        <description>Observed: 2.61 ft (no flooding)
Source: NOAA NWPS · https://water.noaa.gov/gauges/BTVT2
Updated: 2026-07-26T12:30:00Z</description>
        <styleUrl>#mk-ff818789-small</styleUrl>
        <ExtendedData>
          <Data name="folder">
            <value>Gauges (NOAA NWPS)</value>
          </Data>
          <Data name="source">
            <value>NOAA NWPS · https://water.noaa.gov/gauges/BTVT2</value>
          </Data>
          <Data name="updated">
            <value>2026-07-26T12:30:00Z</value>
          </Data>
        </ExtendedData>
        <Point>
          <coordinates>-100.23917,29.48108</coordinates>
        </Point>
      </Placemark>
      <Placemark>
        <name>Gauge: Colorado River (TX) at Lake Buchanan</name>
        <description>Observed: 1019.78 ft (no flooding)
Source: NOAA NWPS · https://water.noaa.gov/gauges/BUDT2
Updated: 2026-07-26T13:00:00Z</description>
        <styleUrl>#mk-ff818789-small</styleUrl>
        <ExtendedData>
          <Data name="folder">
            <value>Gauges (NOAA NWPS)</value>
          </Data>
          <Data name="source">
            <value>NOAA NWPS · https://water.noaa.gov/gauges/BUDT2</value>
          </Data>
          <Data name="updated">
            <value>2026-07-26T13:00:00Z</value>
          </Data>
        </ExtendedData>
        <Point>
          <coordinates>-98.41806,30.75139</coordinates>
        </Point>
      </Placemark>
      <Placemark>
        <name>Gauge: Sabine River at CR 2082</name>
        <description>Observed: 71.11 ft (no flooding)
Source: NOAA NWPS · https://water.noaa.gov/gauges/BUKT2
Updated: 2026-07-26T12:15:00Z</description>
        <styleUrl>#mk-ff818789-small</styleUrl>
        <ExtendedData>
          <Data name="folder">
            <value>Gauges (NOAA NWPS)</value>
          </Data>
          <Data name="source">
            <value>NOAA NWPS · https://water.noaa.gov/gauges/BUKT2</value>
          </Data>
          <Data name="updated">
            <value>2026-07-26T12:15:00Z</value>
          </Data>
        </ExtendedData>
        <Point>
          <coordinates>-93.5719,30.9694</coordinates>
        </Point>
      </Placemark>
      <Placemark>
        <name>Gauge: Nolan River at Blum</name>
        <description>Observed: 1.36 ft (no flooding)
Source: NOAA NWPS · https://water.noaa.gov/gauges/BUMT2
Updated: 2026-07-26T12:30:00Z</description>
        <styleUrl>#mk-ff818789-small</styleUrl>
        <ExtendedData>
          <Data name="folder">
            <value>Gauges (NOAA NWPS)</value>
          </Data>
          <Data name="source">
            <value>NOAA NWPS · https://water.noaa.gov/gauges/BUMT2</value>
          </Data>
          <Data name="updated">
            <value>2026-07-26T12:30:00Z</value>
          </Data>
        </ExtendedData>
        <Point>
          <coordinates>-97.4025,32.15056</coordinates>
        </Point>
      </Placemark>
      <Placemark>
        <name>Gauge: Buxton Creek at HWY 27 near DeQuincy</name>
        <description>Observed: 1.41 ft (no flooding)
Source: NOAA NWPS · https://water.noaa.gov/gauges/BUXL1
Updated: 2026-07-26T12:00:00Z</description>
        <styleUrl>#mk-ff818789-small</styleUrl>
        <ExtendedData>
          <Data name="folder">
            <value>Gauges (NOAA NWPS)</value>
          </Data>
          <Data name="source">
            <value>NOAA NWPS · https://water.noaa.gov/gauges/BUXL1</value>
          </Data>
          <Data name="updated">
            <value>2026-07-26T12:00:00Z</value>
          </Data>
        </ExtendedData>
        <Point>
          <coordinates>-93.42461,30.42311</coordinates>
        </Point>
      </Placemark>
      <Placemark>
        <name>Gauge: Northwest Arkansas Lakes at Beaver Lake</name>
        <description>Observed: 1120.98 ft (no flooding)
Source: NOAA NWPS · https://water.noaa.gov/gauges/BVGA4
Updated: 2026-07-26T12:00:00Z</description>
        <styleUrl>#mk-ff818789-small</styleUrl>
        <ExtendedData>
          <Data name="folder">
            <value>Gauges (NOAA NWPS)</value>
          </Data>
          <Data name="source">
            <value>NOAA NWPS · https://water.noaa.gov/gauges/BVGA4</value>
          </Data>
          <Data name="updated">
            <value>2026-07-26T12:00:00Z</value>
          </Data>
        </ExtendedData>
        <Point>
          <coordinates>-93.84722,36.42083</coordinates>
        </Point>
      </Placemark>
      <Placemark>
        <name>Gauge: Cibolo Creek at Specht Road near Bulverde</name>
        <description>Observed: 3.88 ft (no flooding)
Source: NOAA NWPS · https://water.noaa.gov/gauges/BVST2
Updated: 2026-07-26T13:00:00Z</description>
        <styleUrl>#mk-ff818789-small</styleUrl>
        <ExtendedData>
          <Data name="folder">
            <value>Gauges (NOAA NWPS)</value>
          </Data>
          <Data name="source">
            <value>NOAA NWPS · https://water.noaa.gov/gauges/BVST2</value>
          </Data>
          <Data name="updated">
            <value>2026-07-26T13:00:00Z</value>
          </Data>
        </ExtendedData>
        <Point>
          <coordinates>-98.49337,29.73678</coordinates>
        </Point>
      </Placemark>
      <Placemark>
        <name>Gauge: Sister Grove Creek near Blue Ridge</name>
        <description>Observed: 11.8 ft (no flooding)
Source: NOAA NWPS · https://water.noaa.gov/gauges/BVWT2
Updated: 2026-07-26T12:00:00Z</description>
        <styleUrl>#mk-ff818789-small</styleUrl>
        <ExtendedData>
          <Data name="folder">
            <value>Gauges (NOAA NWPS)</value>
          </Data>
          <Data name="source">
            <value>NOAA NWPS · https://water.noaa.gov/gauges/BVWT2</value>
          </Data>
          <Data name="updated">
            <value>2026-07-26T12:00:00Z</value>
          </Data>
        </ExtendedData>
        <Point>
          <coordinates>-96.48278,33.29444</coordinates>
        </Point>
      </Placemark>
      <Placemark>
        <name>Gauge: Pecan Bayou at Brownwood</name>
        <description>Observed: 5.31 ft (no flooding)
Source: NOAA NWPS · https://water.noaa.gov/gauges/BWDT2
Updated: 2026-07-26T12:00:00Z</description>
        <styleUrl>#mk-ff818789-small</styleUrl>
        <ExtendedData>
          <Data name="folder">
            <value>Gauges (NOAA NWPS)</value>
          </Data>
          <Data name="source">
            <value>NOAA NWPS · https://water.noaa.gov/gauges/BWDT2</value>
          </Data>
          <Data name="updated">
            <value>2026-07-26T12:00:00Z</value>
          </Data>
        </ExtendedData>
        <Point>
          <coordinates>-98.97549,31.7364</coordinates>
        </Point>
      </Placemark>
      <Placemark>
        <name>Gauge: Sabine River near Bon Wier</name>
        <description>Observed: 15.4 ft (no flooding)
Forecast: 17.1 ft (no_flooding) at 2026-07-29T18:00:00Z
Source: NOAA NWPS · https://water.noaa.gov/gauges/BWRT2
Updated: 2026-07-26T12:15:00Z</description>
        <styleUrl>#mk-ff818789-small</styleUrl>
        <ExtendedData>
          <Data name="folder">
            <value>Gauges (NOAA NWPS)</value>
          </Data>
          <Data name="source">
            <value>NOAA NWPS · https://water.noaa.gov/gauges/BWRT2</value>
          </Data>
          <Data name="updated">
            <value>2026-07-26T12:15:00Z</value>
          </Data>
        </ExtendedData>
        <Point>
          <coordinates>-93.60833,30.74694</coordinates>
        </Point>
      </Placemark>
      <Placemark>
        <name>Gauge: Brushy Creek at Cedar Park</name>
        <description>Observed: 0.79 ft (no flooding)
Source: NOAA NWPS · https://water.noaa.gov/gauges/BYBT2
Updated: 2026-07-26T13:00:00Z</description>
        <styleUrl>#mk-ff818789-small</styleUrl>
        <ExtendedData>
          <Data name="folder">
            <value>Gauges (NOAA NWPS)</value>
          </Data>
          <Data name="source">
            <value>NOAA NWPS · https://water.noaa.gov/gauges/BYBT2</value>
          </Data>
          <Data name="updated">
            <value>2026-07-26T13:00:00Z</value>
          </Data>
        </ExtendedData>
        <Point>
          <coordinates>-97.74972,30.525</coordinates>
        </Point>
      </Placemark>
      <Placemark>
        <name>Gauge: Nueces River at Calallen</name>
        <description>Observed: 4.18 ft (no flooding)
Source: NOAA NWPS · https://water.noaa.gov/gauges/CAAT2
Updated: 2026-07-26T12:30:00Z</description>
        <styleUrl>#mk-ff818789-small</styleUrl>
        <ExtendedData>
          <Data name="folder">
            <value>Gauges (NOAA NWPS)</value>
          </Data>
          <Data name="source">
            <value>NOAA NWPS · https://water.noaa.gov/gauges/CAAT2</value>
          </Data>
          <Data name="updated">
            <value>2026-07-26T12:30:00Z</value>
          </Data>
        </ExtendedData>
        <Point>
          <coordinates>-97.625,27.883</coordinates>
        </Point>
      </Placemark>
      <Placemark>
        <name>Gauge: Washita River near Carnegie</name>
        <description>Observed: 1.53 ft (no flooding)
Source: NOAA NWPS · https://water.noaa.gov/gauges/CAGO2
Updated: 2026-07-26T12:00:00Z</description>
        <styleUrl>#mk-ff818789-small</styleUrl>
        <ExtendedData>
          <Data name="folder">
            <value>Gauges (NOAA NWPS)</value>
          </Data>
          <Data name="source">
            <value>NOAA NWPS · https://water.noaa.gov/gauges/CAGO2</value>
          </Data>
          <Data name="updated">
            <value>2026-07-26T12:00:00Z</value>
          </Data>
        </ExtendedData>
        <Point>
          <coordinates>-98.56395,35.11728</coordinates>
        </Point>
      </Placemark>
      <Placemark>
        <name>Gauge: Carters Creek at FM 60 near College Station</name>
        <description>Observed: 240.55 ft (no flooding)
Source: NOAA NWPS · https://water.noaa.gov/gauges/CAKT2
Updated: 2026-07-26T12:45:00Z</description>
        <styleUrl>#mk-ff818789-small</styleUrl>
        <ExtendedData>
          <Data name="folder">
            <value>Gauges (NOAA NWPS)</value>
          </Data>
          <Data name="source">
            <value>NOAA NWPS · https://water.noaa.gov/gauges/CAKT2</value>
          </Data>
          <Data name="updated">
            <value>2026-07-26T12:45:00Z</value>
          </Data>
        </ExtendedData>
        <Point>
          <coordinates>-96.30813,30.64173</coordinates>
        </Point>
      </Placemark>
      <Placemark>
        <name>Gauge: Clear Boggy Creek above Caney Creek near Caney</name>
        <description>Observed: 9.44 ft (no flooding)
Source: NOAA NWPS · https://water.noaa.gov/gauges/CANO2
Updated: 2026-07-26T12:30:00Z</description>
        <styleUrl>#mk-ff818789-small</styleUrl>
        <ExtendedData>
          <Data name="folder">
            <value>Gauges (NOAA NWPS)</value>
          </Data>
          <Data name="source">
            <value>NOAA NWPS · https://water.noaa.gov/gauges/CANO2</value>
          </Data>
          <Data name="updated">
            <value>2026-07-26T12:30:00Z</value>
          </Data>
        </ExtendedData>
        <Point>
          <coordinates>-96.21277,34.25509</coordinates>
        </Point>
      </Placemark>
      <Placemark>
        <name>Gauge: North Fork of the Red River near Carter</name>
        <description>Observed: 5.02 ft (no flooding)
Source: NOAA NWPS · https://water.noaa.gov/gauges/CARO2
Updated: 2026-07-26T12:30:00Z</description>
        <styleUrl>#mk-ff818789-small</styleUrl>
        <ExtendedData>
          <Data name="folder">
            <value>Gauges (NOAA NWPS)</value>
          </Data>
          <Data name="source">
            <value>NOAA NWPS · https://water.noaa.gov/gauges/CARO2</value>
          </Data>
          <Data name="updated">
            <value>2026-07-26T12:30:00Z</value>
          </Data>
        </ExtendedData>
        <Point>
          <coordinates>-99.50731,35.16811</coordinates>
        </Point>
      </Placemark>
      <Placemark>
        <name>Gauge: Elm Fork Trinity River near Carrollton</name>
        <description>Observed: 3.71 ft (no flooding)
Source: NOAA NWPS · https://water.noaa.gov/gauges/CART2
Updated: 2026-07-26T12:15:00Z</description>
        <styleUrl>#mk-ff818789-small</styleUrl>
        <ExtendedData>
          <Data name="folder">
            <value>Gauges (NOAA NWPS)</value>
          </Data>
          <Data name="source">
            <value>NOAA NWPS · https://water.noaa.gov/gauges/CART2</value>
          </Data>
          <Data name="updated">
            <value>2026-07-26T12:15:00Z</value>
          </Data>
        </ExtendedData>
        <Point>
          <coordinates>-96.94417,32.96583</coordinates>
        </Point>
      </Placemark>
      <Placemark>
        <name>Gauge: Rio Grande at Columbia Bridge</name>
        <description>Observed: 7.12 ft (no flooding)
Source: NOAA NWPS · https://water.noaa.gov/gauges/CBBT2
Updated: 2026-07-26T12:15:00Z</description>
        <styleUrl>#mk-ff818789-small</styleUrl>
        <ExtendedData>
          <Data name="folder">
            <value>Gauges (NOAA NWPS)</value>
          </Data>
          <Data name="source">
            <value>NOAA NWPS · https://water.noaa.gov/gauges/CBBT2</value>
          </Data>
          <Data name="updated">
            <value>2026-07-26T12:15:00Z</value>
          </Data>
        </ExtendedData>
        <Point>
          <coordinates>-99.74361,27.70111</coordinates>
        </Point>
      </Placemark>
      <Placemark>
        <name>Gauge: Pecos River at Brantley Reservoir Dam</name>
        <description>Observed: 3238.68 ft (no flooding)
Source: NOAA NWPS · https://water.noaa.gov/gauges/CBLN5
Updated: 2026-07-26T12:00:00Z</description>
        <styleUrl>#mk-ff818789-small</styleUrl>
        <ExtendedData>
          <Data name="folder">
            <value>Gauges (NOAA NWPS)</value>
          </Data>
          <Data name="source">
            <value>NOAA NWPS · https://water.noaa.gov/gauges/CBLN5</value>
          </Data>
          <Data name="updated">
            <value>2026-07-26T12:00:00Z</value>
          </Data>
        </ExtendedData>
        <Point>
          <coordinates>-104.37861,32.54667</coordinates>
        </Point>
      </Placemark>
      <Placemark>
        <name>Gauge: Choupique Bayou at Highway 108</name>
        <description>Observed: 0.97 ft (no flooding)
Source: NOAA NWPS · https://water.noaa.gov/gauges/CBQL1
Updated: 2026-07-26T12:35:00Z</description>
        <styleUrl>#mk-ff818789-small</styleUrl>
        <ExtendedData>
          <Data name="folder">
            <value>Gauges (NOAA NWPS)</value>
          </Data>
          <Data name="source">
            <value>NOAA NWPS · https://water.noaa.gov/gauges/CBQL1</value>
          </Data>
          <Data name="updated">
            <value>2026-07-26T12:35:00Z</value>
          </Data>
        </ExtendedData>
        <Point>
          <coordinates>-93.42222,30.13944</coordinates>
        </Point>
      </Placemark>
      <Placemark>
        <name>Gauge: Cross Bayou at Hwy 80 West of Greenwood</name>
        <description>Observed: 1.61 ft (no flooding)
Source: NOAA NWPS · https://water.noaa.gov/gauges/CBSL1
Updated: 2026-07-26T12:00:00Z</description>
        <styleUrl>#mk-ff818789-small</styleUrl>
        <ExtendedData>
          <Data name="folder">
            <value>Gauges (NOAA NWPS)</value>
          </Data>
          <Data name="source">
            <value>NOAA NWPS · https://water.noaa.gov/gauges/CBSL1</value>
          </Data>
          <Data name="updated">
            <value>2026-07-26T12:00:00Z</value>
          </Data>
        </ExtendedData>
        <Point>
          <coordinates>-94.01444,32.45583</coordinates>
        </Point>
      </Placemark>
      <Placemark>
        <name>Gauge: Colorado River (TX) at Columbus</name>
        <description>Observed: 15.36 ft (no flooding)
Forecast: 15.1 ft (no_flooding) at 2026-07-26T14:00:00Z
Source: NOAA NWPS · https://water.noaa.gov/gauges/CBST2
Updated: 2026-07-26T12:15:00Z</description>
        <styleUrl>#mk-ff818789-small</styleUrl>
        <ExtendedData>
          <Data name="folder">
            <value>Gauges (NOAA NWPS)</value>
          </Data>
          <Data name="source">
            <value>NOAA NWPS · https://water.noaa.gov/gauges/CBST2</value>
          </Data>
          <Data name="updated">
            <value>2026-07-26T12:15:00Z</value>
          </Data>
        </ExtendedData>
        <Point>
          <coordinates>-96.53667,29.70611</coordinates>
        </Point>
      </Placemark>
      <Placemark>
        <name>Gauge: Nueces River near Bluntzer</name>
        <description>Observed: 7.13 ft (no flooding)
Source: NOAA NWPS · https://water.noaa.gov/gauges/CBVT2
Updated: 2026-07-26T12:00:00Z</description>
        <styleUrl>#mk-ff818789-small</styleUrl>
        <ExtendedData>
          <Data name="folder">
            <value>Gauges (NOAA NWPS)</value>
          </Data>
          <Data name="source">
            <value>NOAA NWPS · https://water.noaa.gov/gauges/CBVT2</value>
          </Data>
          <Data name="updated">
            <value>2026-07-26T12:00:00Z</value>
          </Data>
        </ExtendedData>
        <Point>
          <coordinates>-97.7755,27.9375</coordinates>
        </Point>
      </Placemark>
      <Placemark>
        <name>Gauge: Choupique Bayou at Dave Dugas Road</name>
        <description>Observed: no reading (no flooding)
Source: NOAA NWPS · https://water.noaa.gov/gauges/CCDL1
Updated: 0001-01-01T00:00:00Z</description>
        <styleUrl>#mk-ff818789-small</styleUrl>
        <ExtendedData>
          <Data name="folder">
            <value>Gauges (NOAA NWPS)</value>
          </Data>
          <Data name="source">
            <value>NOAA NWPS · https://water.noaa.gov/gauges/CCDL1</value>
          </Data>
          <Data name="updated">
            <value>0001-01-01T00:00:00Z</value>
          </Data>
        </ExtendedData>
        <Point>
          <coordinates>-93.42694,30.16861</coordinates>
        </Point>
      </Placemark>
      <Placemark>
        <name>Gauge: Spavinaw Creek near Colcord</name>
        <description>Observed: 7.05 ft (no flooding)
Forecast: 6.87 ft (not_defined) at 2026-07-26T14:00:00Z
Source: NOAA NWPS · https://water.noaa.gov/gauges/CCDO2
Updated: 2026-07-26T13:00:00Z</description>
        <styleUrl>#mk-ff818789-small</styleUrl>
        <ExtendedData>
          <Data name="folder">
            <value>Gauges (NOAA NWPS)</value>
          </Data>
          <Data name="source">
            <value>NOAA NWPS · https://water.noaa.gov/gauges/CCDO2</value>
          </Data>
          <Data name="updated">
            <value>2026-07-26T13:00:00Z</value>
          </Data>
        </ExtendedData>
        <Point>
          <coordinates>-94.685,36.3225</coordinates>
        </Point>
      </Placemark>
      <Placemark>
        <name>Gauge: Cypress Creek near Cypress</name>
        <description>Observed: 102.63 ft (no flooding)
Source: NOAA NWPS · https://water.noaa.gov/gauges/CCGT2
Updated: 2026-07-26T12:45:00Z</description>
        <styleUrl>#mk-ff818789-small</styleUrl>
        <ExtendedData>
          <Data name="folder">
            <value>Gauges (NOAA NWPS)</value>
          </Data>
          <Data name="source">
            <value>NOAA NWPS · https://water.noaa.gov/gauges/CCGT2</value>
          </Data>
          <Data name="updated">
            <value>2026-07-26T12:45:00Z</value>
          </Data>
        </ExtendedData>
        <Point>
          <coordinates>-95.59833,29.97333</coordinates>
        </Point>
      </Placemark>
      <Placemark>
        <name>Gauge: Washita River near Chickasha</name>
        <description>Observed: no reading (no flooding)
Source: NOAA NWPS · https://water.noaa.gov/gauges/CCKO2
Updated: 0001-01-01T00:00:00Z</description>
        <styleUrl>#mk-ff818789-small</styleUrl>
        <ExtendedData>
          <Data name="folder">
            <value>Gauges (NOAA NWPS)</value>
          </Data>
          <Data name="source">
            <value>NOAA NWPS · https://water.noaa.gov/gauges/CCKO2</value>
          </Data>
          <Data name="updated">
            <value>0001-01-01T00:00:00Z</value>
          </Data>
        </ExtendedData>
        <Point>
          <coordinates>-97.9597,35.0856</coordinates>
        </Point>
      </Placemark>
      <Placemark>
        <name>Gauge: Champion Creek at Champion Creek Reservoir</name>
        <description>Observed: 2063.84 ft (no flooding)
Source: NOAA NWPS · https://water.noaa.gov/gauges/CCRT2
Updated: 2026-07-26T12:15:00Z</description>
        <styleUrl>#mk-ff818789-small</styleUrl>
        <ExtendedData>
          <Data name="folder">
            <value>Gauges (NOAA NWPS)</value>
          </Data>
          <Data name="source">
            <value>NOAA NWPS · https://water.noaa.gov/gauges/CCRT2</value>
          </Data>
          <Data name="updated">
            <value>2026-07-26T12:15:00Z</value>
          </Data>
        </ExtendedData>
        <Point>
          <coordinates>-100.85872,32.28151</coordinates>
        </Point>
      </Placemark>
      <Placemark>
        <name>Gauge: North Texas Lakes at Lake Cisco</name>
        <description>Observed: 1504.5 ft (no flooding)
Source: NOAA NWPS · https://water.noaa.gov/gauges/CCST2
Updated: 2026-07-26T12:30:00Z</description>
        <styleUrl>#mk-ff818789-small</styleUrl>
        <ExtendedData>
          <Data name="folder">
            <value>Gauges (NOAA NWPS)</value>
          </Data>
          <Data name="source">
            <value>NOAA NWPS · https://water.noaa.gov/gauges/CCST2</value>
          </Data>
          <Data name="updated">
            <value>2026-07-26T12:30:00Z</value>
          </Data>
        </ExtendedData>
        <Point>
          <coordinates>-98.98528,32.43778</coordinates>
        </Point>
      </Placemark>
      <Placemark>
        <name>Gauge: Coleto Creek at Highway 59</name>
        <description>Observed: 3.87 ft (no flooding)
Forecast: 3.9 ft (no_flooding) at 2026-07-26T15:00:00Z
Source: NOAA NWPS · https://water.noaa.gov/gauges/CCVT2
Updated: 2026-07-26T12:30:00Z</description>
        <styleUrl>#mk-ff818789-small</styleUrl>
        <ExtendedData>
          <Data name="folder">
            <value>Gauges (NOAA NWPS)</value>
          </Data>
          <Data name="source">
            <value>NOAA NWPS · https://water.noaa.gov/gauges/CCVT2</value>
          </Data>
          <Data name="updated">
            <value>2026-07-26T12:30:00Z</value>
          </Data>
        </ExtendedData>
        <Point>
          <coordinates>-97.138,28.731</coordinates>
        </Point>
      </Placemark>
      <Placemark>
        <name>Gauge: Washita River near Cordell</name>
        <description>Observed: 3.95 ft (no flooding)
Source: NOAA NWPS · https://water.noaa.gov/gauges/CCWO2
Updated: 2026-07-26T10:15:00Z</description>
        <styleUrl>#mk-ff818789-small</styleUrl>
        <ExtendedData>
          <Data name="folder">
            <value>Gauges (NOAA NWPS)</value>
          </Data>
          <Data name="source">
            <value>NOAA NWPS · https://water.noaa.gov/gauges/CCWO2</value>
          </Data>
          <Data name="updated">
            <value>2026-07-26T10:15:00Z</value>
          </Data>
        </ExtendedData>
        <Point>
          <coordinates>-98.83674,35.29172</coordinates>
        </Point>
      </Placemark>
      <Placemark>
        <name>Gauge: Colorado River (TX) 1 mile WSW of Colorado City</name>
        <description>Observed: 3.52 ft (no flooding)
Source: NOAA NWPS · https://water.noaa.gov/gauges/CDCT2
Updated: 2026-07-26T12:15:00Z</description>
        <styleUrl>#mk-ff818789-small</styleUrl>
        <ExtendedData>
          <Data name="folder">
            <value>Gauges (NOAA NWPS)</value>
          </Data>
          <Data name="source">
            <value>NOAA NWPS · https://water.noaa.gov/gauges/CDCT2</value>
          </Data>
          <Data name="updated">
            <value>2026-07-26T12:15:00Z</value>
          </Data>
        </ExtendedData>
        <Point>
          <coordinates>-100.87872,32.39262</coordinates>
        </Point>
      </Placemark>
      <Placemark>
        <name>Gauge: Rio Grande at Candelaria Crossing</name>
        <description>Observed: 7.3 ft (no flooding)
Source: NOAA NWPS · https://water.noaa.gov/gauges/CDET2
Updated: 2026-07-26T12:00:00Z</description>
        <styleUrl>#mk-ff818789-small</styleUrl>
        <ExtendedData>
          <Data name="folder">
            <value>Gauges (NOAA NWPS)</value>
          </Data>
          <Data name="source">
            <value>NOAA NWPS · https://water.noaa.gov/gauges/CDET2</value>
          </Data>
          <Data name="updated">
            <value>2026-07-26T12:00:00Z</value>
          </Data>
        </ExtendedData>
        <Point>
          <coordinates>-104.68722,30.17611</coordinates>
        </Point>
      </Placemark>
      <Placemark>
        <name>Gauge: Canadian River at Canadian</name>
        <description>Observed: 0.91 ft (no flooding)
Source: NOAA NWPS · https://water.noaa.gov/gauges/CDNT2
Updated: 2026-07-26T12:45:00Z</description>
        <styleUrl>#mk-ff818789-small</styleUrl>
        <ExtendedData>
          <Data name="folder">
            <value>Gauges (NOAA NWPS)</value>
          </Data>
          <Data name="source">
            <value>NOAA NWPS · https://water.noaa.gov/gauges/CDNT2</value>
          </Data>
          <Data name="updated">
            <value>2026-07-26T12:45:00Z</value>
          </Data>
        </ExtendedData>
        <Point>
          <coordinates>-100.37028,35.935</coordinates>
        </Point>
      </Placemark>
      <Placemark>
        <name>Gauge: Pease River at Childress 17SE</name>
        <description>Observed: no reading (no flooding)
Source: NOAA NWPS · https://water.noaa.gov/gauges/CDPT2
Updated: 0001-01-01T00:00:00Z</description>
        <styleUrl>#mk-ff818789-small</styleUrl>
        <ExtendedData>
          <Data name="folder">
            <value>Gauges (NOAA NWPS)</value>
          </Data>
          <Data name="source">
            <value>NOAA NWPS · https://water.noaa.gov/gauges/CDPT2</value>
          </Data>
          <Data name="updated">
            <value>0001-01-01T00:00:00Z</value>
          </Data>
        </ExtendedData>
        <Point>
          <coordinates>-100.07333,34.2275</coordinates>
        </Point>
      </Placemark>
      <Placemark>
        <name>Gauge: West Fork San Jacinto River near Conroe</name>
        <description>Observed: 94.13 ft (no flooding)
Source: NOAA NWPS · https://water.noaa.gov/gauges/CFKT2
Updated: 2026-07-26T12:15:00Z</description>
        <styleUrl>#mk-ff818789-small</styleUrl>
        <ExtendedData>
          <Data name="folder">
            <value>Gauges (NOAA NWPS)</value>
          </Data>
          <Data name="source">
            <value>NOAA NWPS · https://water.noaa.gov/gauges/CFKT2</value>
          </Data>
          <Data name="updated">
            <value>2026-07-26T12:15:00Z</value>
          </Data>
        </ExtendedData>
        <Point>
          <coordinates>-95.45694,30.24444</coordinates>
        </Point>
      </Placemark>
      <Placemark>
        <name>Gauge: Galisteo Creek at Galisteo Dam</name>
        <description>Observed: 5480.03 ft (no flooding)
Source: NOAA NWPS · https://water.noaa.gov/gauges/CGRN5
Updated: 2026-07-26T12:45:00Z</description>
        <styleUrl>#mk-ff818789-small</styleUrl>
        <ExtendedData>
          <Data name="folder">
            <value>Gauges (NOAA NWPS)</value>
          </Data>
          <Data name="source">
            <value>NOAA NWPS · https://water.noaa.gov/gauges/CGRN5</value>
          </Data>
          <Data name="updated">
            <value>2026-07-26T12:45:00Z</value>
          </Data>
        </ExtendedData>
        <Point>
          <coordinates>-106.20833,35.46222</coordinates>
        </Point>
      </Placemark>
      <Placemark>
        <name>Gauge: Prairie Dog Town Fork of the Red River at Childress 10N</name>
        <description>Observed: 7.19 ft (no flooding)
Source: NOAA NWPS · https://water.noaa.gov/gauges/CHLT2
Updated: 2026-07-26T12:45:00Z</description>
        <styleUrl>#mk-ff818789-small</styleUrl>
        <ExtendedData>
          <Data name="folder">
            <value>Gauges (NOAA NWPS)</value>
          </Data>
          <Data name="source">
            <value>NOAA NWPS · https://water.noaa.gov/gauges/CHLT2</value>
          </Data>
          <Data name="updated">
            <value>2026-07-26T12:45:00Z</value>
          </Data>
        </ExtendedData>
        <Point>
          <coordinates>-100.19361,34.56917</coordinates>
        </Point>
      </Placemark>
      <Placemark>
        <name>Gauge: Frio River at Choke Canyon Dam</name>
        <description>Observed: 191.69 ft (no flooding)
Source: NOAA NWPS · https://water.noaa.gov/gauges/CHOT2
Updated: 2026-07-26T10:00:00Z</description>
        <styleUrl>#mk-ff818789-small</styleUrl>
        <ExtendedData>
          <Data name="folder">
            <value>Gauges (NOAA NWPS)</value>
          </Data>
          <Data name="source">
            <value>NOAA NWPS · https://water.noaa.gov/gauges/CHOT2</value>
          </Data>
          <Data name="updated">
            <value>2026-07-26T10:00:00Z</value>
          </Data>
        </ExtendedData>
        <Point>
          <coordinates>-98.24556,28.48361</coordinates>
        </Point>
      </Placemark>
      <Placemark>
        <name>Gauge: South Concho River at Christoval</name>
        <description>Observed: 1.9 ft (no flooding)
Source: NOAA NWPS · https://water.noaa.gov/gauges/CHVT2
Updated: 2026-07-26T12:50:00Z</description>
        <styleUrl>#mk-ff818789-small</styleUrl>
        <ExtendedData>
          <Data name="folder">
            <value>Gauges (NOAA NWPS)</value>
          </Data>
          <Data name="source">
            <value>NOAA NWPS · https://water.noaa.gov/gauges/CHVT2</value>
          </Data>
          <Data name="updated">
            <value>2026-07-26T12:50:00Z</value>
          </Data>
        </ExtendedData>
        <Point>
          <coordinates>-100.50167,31.18694</coordinates>
        </Point>
      </Placemark>
      <Placemark>
        <name>Gauge: Wichita River near Charlie</name>
        <description>Observed: 4.75 ft (no flooding)
Source: NOAA NWPS · https://water.noaa.gov/gauges/CHWT2
Updated: 2026-07-26T12:45:00Z</description>
        <styleUrl>#mk-ff818789-small</styleUrl>
        <ExtendedData>
          <Data name="folder">
            <value>Gauges (NOAA NWPS)</value>
          </Data>
          <Data name="source">
            <value>NOAA NWPS · https://water.noaa.gov/gauges/CHWT2</value>
          </Data>
          <Data name="updated">
            <value>2026-07-26T12:45:00Z</value>
          </Data>
        </ExtendedData>
        <Point>
          <coordinates>-98.29671,34.05315</coordinates>
        </Point>
      </Placemark>
      <Placemark>
        <name>Gauge: Washita River near Cheyenne</name>
        <description>Observed: 5.54 ft (no flooding)
Source: NOAA NWPS · https://water.noaa.gov/gauges/CHYO2
Updated: 2026-07-26T12:00:00Z</description>
        <styleUrl>#mk-ff818789-small</styleUrl>
        <ExtendedData>
          <Data name="folder">
            <value>Gauges (NOAA NWPS)</value>
          </Data>
          <Data name="source">
            <value>NOAA NWPS · https://water.noaa.gov/gauges/CHYO2</value>
          </Data>
          <Data name="updated">
            <value>2026-07-26T12:00:00Z</value>
          </Data>
        </ExtendedData>
        <Point>
          <coordinates>-99.66844,35.62644</coordinates>
        </Point>
      </Placemark>
      <Placemark>
        <name>Gauge: Cibolo Creek near Boerne</name>
        <description>Observed: 4.82 ft (no flooding)
Source: NOAA NWPS · https://water.noaa.gov/gauges/CICT2
Updated: 2026-07-26T13:00:00Z</description>
        <styleUrl>#mk-ff818789-small</styleUrl>
        <ExtendedData>
          <Data name="folder">
            <value>Gauges (NOAA NWPS)</value>
          </Data>
          <Data name="source">
            <value>NOAA NWPS · https://water.noaa.gov/gauges/CICT2</value>
          </Data>
          <Data name="updated">
            <value>2026-07-26T13:00:00Z</value>
          </Data>
        </ExtendedData>
        <Point>
          <coordinates>-98.70944,29.775</coordinates>
        </Point>
      </Placemark>
      <Placemark>
        <name>Gauge: Coleto Creek at Coleto Creek Reservoir</name>
        <description>Observed: 95.74 ft (no flooding)
Source: NOAA NWPS · https://water.noaa.gov/gauges/CKDT2
Updated: 2026-07-26T12:00:00Z</description>
        <styleUrl>#mk-ff818789-small</styleUrl>
        <ExtendedData>
          <Data name="folder">
            <value>Gauges (NOAA NWPS)</value>
          </Data>
          <Data name="source">
            <value>NOAA NWPS · https://water.noaa.gov/gauges/CKDT2</value>
          </Data>
          <Data name="updated">
            <value>2026-07-26T12:00:00Z</value>
          </Data>
        </ExtendedData>
        <Point>
          <coordinates>-97.16472,28.73083</coordinates>
        </Point>
      </Placemark>
      <Placemark>
        <name>Gauge: Cole Creek at I-10</name>
        <description>Observed: 1.5 ft (no flooding)
Source: NOAA NWPS · https://water.noaa.gov/gauges/CKET2
Updated: 2026-07-26T12:45:00Z</description>
        <styleUrl>#mk-ff818789-small</styleUrl>
        <ExtendedData>
          <Data name="folder">
            <value>Gauges (NOAA NWPS)</value>
          </Data>
          <Data name="source">
            <value>NOAA NWPS · https://water.noaa.gov/gauges/CKET2</value>
          </Data>
          <Data name="updated">
            <value>2026-07-26T12:45:00Z</value>
          </Data>
        </ExtendedData>
        <Point>
          <coordinates>-93.8638,30.1321</coordinates>
        </Point>
      </Placemark>
      <Placemark>
        <name>Gauge: North Concho River near Carlsbad</name>
        <description>Observed: 1.99 ft (no flooding)
Source: NOAA NWPS · https://water.noaa.gov/gauges/CLBT2
Updated: 2026-07-26T12:50:00Z</description>
        <styleUrl>#mk-ff818789-small</styleUrl>
        <ExtendedData>
          <Data name="folder">
            <value>Gauges (NOAA NWPS)</value>
          </Data>
          <Data name="source">
            <value>NOAA NWPS · https://water.noaa.gov/gauges/CLBT2</value>
          </Data>
          <Data name="updated">
            <value>2026-07-26T12:50:00Z</value>
          </Data>
        </ExtendedData>
        <Point>
          <coordinates>-100.63667,31.5925</coordinates>
        </Point>
      </Placemark>
      <Placemark>
        <name>Gauge: East Fork San Jacinto River at Cleveland</name>
        <description>Observed: 4.68 ft (no flooding)
Source: NOAA NWPS · https://water.noaa.gov/gauges/CLDT2
Updated: 2026-07-26T12:30:00Z</description>
        <styleUrl>#mk-ff818789-small</styleUrl>
        <ExtendedData>
          <Data name="folder">
            <value>Gauges (NOAA NWPS)</value>
          </Data>
          <Data name="source">
            <value>NOAA NWPS · https://water.noaa.gov/gauges/CLDT2</value>
          </Data>
          <Data name="updated">
            <value>2026-07-26T12:30:00Z</value>
          </Data>
        </ExtendedData>
        <Point>
          <coordinates>-95.10389,30.33639</coordinates>
        </Point>
      </Placemark>
      <Placemark>
        <name>Gauge: Washita River near Clinton</name>
        <description>Observed: 4.07 ft (no flooding)
Source: NOAA NWPS · https://water.noaa.gov/gauges/CLIO2
Updated: 2026-07-26T12:30:00Z</description>
        <styleUrl>#mk-ff818789-small</styleUrl>
        <ExtendedData>
          <Data name="folder">
            <value>Gauges (NOAA NWPS)</value>
          </Data>
          <Data name="source">
            <value>NOAA NWPS · https://water.noaa.gov/gauges/CLIO2</value>
          </Data>
          <Data name="updated">
            <value>2026-07-26T12:30:00Z</value>
          </Data>
        </ExtendedData>
        <Point>
          <coordinates>-98.96703,35.53088</coordinates>
        </Point>
      </Placemark>
      <Placemark>
        <name>Gauge: North Canadian River near Calumet</name>
        <description>Observed: 2.98 ft (no flooding)
Source: NOAA NWPS · https://water.noaa.gov/gauges/CLMO2
Updated: 2026-07-26T12:00:00Z</description>
        <styleUrl>#mk-ff818789-small</styleUrl>
        <ExtendedData>
          <Data name="folder">
            <value>Gauges (NOAA NWPS)</value>
          </Data>
          <Data name="source">
            <value>NOAA NWPS · https://water.noaa.gov/gauges/CLMO2</value>
          </Data>
          <Data name="updated">
            <value>2026-07-26T12:00:00Z</value>
          </Data>
        </ExtendedData>
        <Point>
          <coordinates>-98.06533,35.61699</coordinates>
        </Point>
      </Placemark>
      <Placemark>
        <name>Gauge: Verdigris River near Claremore</name>
        <description>Observed: 8.4 ft (no flooding)
Forecast: 8.4 ft (no_flooding) at 2026-07-26T18:00:00Z
Source: NOAA NWPS · https://water.noaa.gov/gauges/CLRO2
Updated: 2026-07-26T12:30:00Z</description>
        <styleUrl>#mk-ff818789-small</styleUrl>
        <ExtendedData>
          <Data name="folder">
            <value>Gauges (NOAA NWPS)</value>
          </Data>
          <Data name="source">
            <value>NOAA NWPS · https://water.noaa.gov/gauges/CLRO2</value>
          </Data>
          <Data name="updated">
            <value>2026-07-26T12:30:00Z</value>
          </Data>
        </ExtendedData>
        <Point>
          <coordinates>-95.69972,36.3075</coordinates>
        </Point>
      </Placemark>
      <Placemark>
        <name>Gauge: Morgan Creek (TX) at Lake Colorado City</name>
        <description>Observed: 2060.22 ft (no flooding)
Source: NOAA NWPS · https://water.noaa.gov/gauges/CLRT2
Updated: 2026-07-26T13:00:00Z</description>
        <styleUrl>#mk-ff818789-small</styleUrl>
        <ExtendedData>
          <Data name="folder">
            <value>Gauges (NOAA NWPS)</value>
          </Data>
          <Data name="source">
            <value>NOAA NWPS · https://water.noaa.gov/gauges/CLRT2</value>
          </Data>
          <Data name="updated">
            <value>2026-07-26T13:00:00Z</value>
          </Data>
        </ExtendedData>
        <Point>
          <coordinates>-100.91984,32.34484</coordinates>
        </Point>
      </Placemark>
      <Placemark>
        <name>Gauge: Kiamichi River near Clayton</name>
        <description>Observed: 3.17 ft (no flooding)
Source: NOAA NWPS · https://water.noaa.gov/gauges/CLTO2
Updated: 2026-07-26T12:00:00Z</description>
        <styleUrl>#mk-ff818789-small</styleUrl>
        <ExtendedData>
          <Data name="folder">
            <value>Gauges (NOAA NWPS)</value>
          </Data>
          <Data name="source">
            <value>NOAA NWPS · https://water.noaa.gov/gauges/CLTO2</value>
          </Data>
          <Data name="updated">
            <value>2026-07-26T12:00:00Z</value>
          </Data>
        </ExtendedData>
        <Point>
          <coordinates>-95.34056,34.57472</coordinates>
        </Point>
      </Placemark>
      <Placemark>
        <name>Gauge: Canadian River near Calvin</name>
        <description>Observed: 5.07 ft (no flooding)
Source: NOAA NWPS · https://water.noaa.gov/gauges/CLVO2
Updated: 2026-07-26T12:00:00Z</description>
        <styleUrl>#mk-ff818789-small</styleUrl>
        <ExtendedData>
          <Data name="folder">
            <value>Gauges (NOAA NWPS)</value>
          </Data>
          <Data name="source">
            <value>NOAA NWPS · https://water.noaa.gov/gauges/CLVO2</value>
          </Data>
          <Data name="updated">
            <value>2026-07-26T12:00:00Z</value>
          </Data>
        </ExtendedData>
        <Point>
          <coordinates>-96.24362,34.97787</coordinates>
        </Point>
      </Placemark>
      <Placemark>
        <name>Gauge: Pecos River 3 miles NNW of Carlsbad North</name>
        <description>Observed: 2.35 ft (no flooding)
Source: NOAA NWPS · https://water.noaa.gov/gauges/CMCN5
Updated: 2026-07-26T12:00:00Z</description>
        <styleUrl>#mk-ff818789-small</styleUrl>
        <ExtendedData>
          <Data name="folder">
            <value>Gauges (NOAA NWPS)</value>
          </Data>
          <Data name="source">
            <value>NOAA NWPS · https://water.noaa.gov/gauges/CMCN5</value>
          </Data>
          <Data name="updated">
            <value>2026-07-26T12:00:00Z</value>
          </Data>
        </ExtendedData>
        <Point>
          <coordinates>-104.25273,32.49039</coordinates>
        </Point>
      </Placemark>
      <Placemark>
        <name>Gauge: Deer Creek (OK) at Comanche Lake near Meers</name>
        <description>Observed: 1806.96 ft (no flooding)
Source: NOAA NWPS · https://water.noaa.gov/gauges/CMDO2
Updated: 2026-07-26T12:00:00Z</description>
        <styleUrl>#mk-ff818789-small</styleUrl>
        <ExtendedData>
          <Data name="folder">
            <value>Gauges (NOAA NWPS)</value>
          </Data>
          <Data name="source">
            <value>NOAA NWPS · https://water.noaa.gov/gauges/CMDO2</value>
          </Data>
          <Data name="updated">
            <value>2026-07-26T12:00:00Z</value>
          </Data>
        </ExtendedData>
        <Point>
          <coordinates>-98.72964,34.76385</coordinates>
        </Point>
      </Placemark>
      <Placemark>
        <name>Gauge: Moss Creek at Moss Creek Lake</name>
        <description>Observed: 2330.45 ft (no flooding)
Source: NOAA NWPS · https://water.noaa.gov/gauges/CMHT2
Updated: 2026-07-26T12:45:00Z</description>
        <styleUrl>#mk-ff818789-small</styleUrl>
        <ExtendedData>
          <Data name="folder">
            <value>Gauges (NOAA NWPS)</value>
          </Data>
          <Data name="source">
            <value>NOAA NWPS · https://water.noaa.gov/gauges/CMHT2</value>
          </Data>
          <Data name="updated">
            <value>2026-07-26T12:45:00Z</value>
          </Data>
        </ExtendedData>
        <Point>
          <coordinates>-101.31179,32.24373</coordinates>
        </Point>
      </Placemark>
      <Placemark>
        <name>Gauge: Devils River at Pafford Crossing near Comstock</name>
        <description>Observed: 2.57 ft (no flooding)
Source: NOAA NWPS · https://water.noaa.gov/gauges/CMKT2
Updated: 2026-07-26T12:15:00Z</description>
        <styleUrl>#mk-ff818789-small</styleUrl>
        <ExtendedData>
          <Data name="folder">
            <value>Gauges (NOAA NWPS)</value>
          </Data>
          <Data name="source">
            <value>NOAA NWPS · https://water.noaa.gov/gauges/CMKT2</value>
          </Data>
          <Data name="updated">
            <value>2026-07-26T12:15:00Z</value>
          </Data>
        </ExtendedData>
        <Point>
          <coordinates>-101,29.67639</coordinates>
        </Point>
      </Placemark>
      <Placemark>
        <name>Gauge: Little River at Cameron</name>
        <description>Observed: 2.99 ft (no flooding)
Source: NOAA NWPS · https://water.noaa.gov/gauges/CMNT2
Updated: 2026-07-26T12:15:00Z</description>
        <styleUrl>#mk-ff818789-small</styleUrl>
        <ExtendedData>
          <Data name="folder">
            <value>Gauges (NOAA NWPS)</value>
          </Data>
          <Data name="source">
            <value>NOAA NWPS · https://water.noaa.gov/gauges/CMNT2</value>
          </Data>
          <Data name="updated">
            <value>2026-07-26T12:15:00Z</value>
          </Data>
        </ExtendedData>
        <Point>
          <coordinates>-96.94639,30.835</coordinates>
        </Point>
      </Placemark>
      <Placemark>
        <name>Gauge: Rio Chama near Chamita</name>
        <description>Observed: 4.06 ft (no flooding)
Forecast: 4.1 ft (no_flooding) at 2026-07-26T18:00:00Z
Source: NOAA NWPS · https://water.noaa.gov/gauges/CMTN5
Updated: 2026-07-26T12:00:00Z</description>
        <styleUrl>#mk-ff818789-small</styleUrl>
        <ExtendedData>
          <Data name="folder">
            <value>Gauges (NOAA NWPS)</value>
          </Data>
          <Data name="source">
            <value>NOAA NWPS · https://water.noaa.gov/gauges/CMTN5</value>
          </Data>
          <Data name="updated">
            <value>2026-07-26T12:00:00Z</value>
          </Data>
        </ExtendedData>
        <Point>
          <coordinates>-106.11167,36.07361</coordinates>
        </Point>
      </Placemark>
      <Placemark>
        <name>Gauge: Little Washita River near Cement</name>
        <description>Observed: 2.43 ft (no flooding)
Source: NOAA NWPS · https://water.noaa.gov/gauges/CMTO2
Updated: 2026-07-26T12:45:00Z</description>
        <styleUrl>#mk-ff818789-small</styleUrl>
        <ExtendedData>
          <Data name="folder">
            <value>Gauges (NOAA NWPS)</value>
          </Data>
          <Data name="source">
            <value>NOAA NWPS · https://water.noaa.gov/gauges/CMTO2</value>
          </Data>
          <Data name="updated">
            <value>2026-07-26T12:45:00Z</value>
          </Data>
        </ExtendedData>
        <Point>
          <coordinates>-98.12449,34.83785</coordinates>
        </Point>
      </Placemark>
      <Placemark>
        <name>Gauge: Caney Creek at Hwy 21 near Madisonville</name>
        <description>Observed: 219.03 ft (no flooding)
Source: NOAA NWPS · https://water.noaa.gov/gauges/CMVT2
Updated: 2026-07-26T12:55:00Z</description>
        <styleUrl>#mk-ff818789-small</styleUrl>
        <ExtendedData>
          <Data name="folder">
            <value>Gauges (NOAA NWPS)</value>
          </Data>
          <Data name="source">
            <value>NOAA NWPS · https://water.noaa.gov/gauges/CMVT2</value>
          </Data>
          <Data name="updated">
            <value>2026-07-26T12:55:00Z</value>
          </Data>
        </ExtendedData>
        <Point>
          <coordinates>-95.9356,30.9371</coordinates>
        </Point>
      </Placemark>
      <Placemark>
        <name>Gauge: Canadian River at Conchas Lake</name>
        <description>Observed: 4184.53 ft (no flooding)
Source: NOAA NWPS · https://water.noaa.gov/gauges/CNCN5
Updated: 2026-07-26T12:00:00Z</description>
        <styleUrl>#mk-ff818789-small</styleUrl>
        <ExtendedData>
          <Data name="folder">
            <value>Gauges (NOAA NWPS)</value>
          </Data>
          <Data name="source">
            <value>NOAA NWPS · https://water.noaa.gov/gauges/CNCN5</value>
          </Data>
          <Data name="updated">
            <value>2026-07-26T12:00:00Z</value>
          </Data>
        </ExtendedData>
        <Point>
          <coordinates>-104.19028,35.40278</coordinates>
        </Point>
      </Placemark>
      <Placemark>
        <name>Gauge: Frio River at Concan</name>
        <description>Observed: 4.93 ft (no flooding)
Source: NOAA NWPS · https://water.noaa.gov/gauges/CNCT2
Updated: 2026-07-26T12:45:00Z</description>
        <styleUrl>#mk-ff818789-small</styleUrl>
        <ExtendedData>
          <Data name="folder">
            <value>Gauges (NOAA NWPS)</value>
          </Data>
          <Data name="source">
            <value>NOAA NWPS · https://water.noaa.gov/gauges/CNCT2</value>
          </Data>
          <Data name="updated">
            <value>2026-07-26T12:45:00Z</value>
          </Data>
        </ExtendedData>
        <Point>
          <coordinates>-99.70444,29.48833</coordinates>
        </Point>
      </Placemark>
      <Placemark>
        <name>Gauge: North Canadian River at Canton Lake</name>
        <description>Observed: 1614.97 ft (no flooding)
Source: NOAA NWPS · https://water.noaa.gov/gauges/CNLO2
Updated: 2026-07-26T12:00:00Z</description>
        <styleUrl>#mk-ff818789-small</styleUrl>
        <ExtendedData>
          <Data name="folder">
            <value>Gauges (NOAA NWPS)</value>
          </Data>
          <Data name="source">
            <value>NOAA NWPS · https://water.noaa.gov/gauges/CNLO2</value>
          </Data>
          <Data name="updated">
            <value>2026-07-26T12:00:00Z</value>
          </Data>
        </ExtendedData>
        <Point>
          <coordinates>-98.60231,36.08171</coordinates>
        </Point>
      </Placemark>
      <Placemark>
        <name>Gauge: East Fork Trinity River near Crandall</name>
        <description>Observed: 0.6 ft (no flooding)
Source: NOAA NWPS · https://water.noaa.gov/gauges/CNLT2
Updated: 2026-07-26T12:00:00Z</description>
        <styleUrl>#mk-ff818789-small</styleUrl>
        <ExtendedData>
          <Data name="folder">
            <value>Gauges (NOAA NWPS)</value>
          </Data>
          <Data name="source">
            <value>NOAA NWPS · https://water.noaa.gov/gauges/CNLT2</value>
          </Data>
          <Data name="updated">
            <value>2026-07-26T12:00:00Z</value>
          </Data>
        </ExtendedData>
        <Point>
          <coordinates>-96.485,32.63861</coordinates>
        </Point>
      </Placemark>
      <Placemark>
        <name>Gauge: North Canadian River near Canton</name>
        <description>Observed: 11.29 ft (no flooding)
Source: NOAA NWPS · https://water.noaa.gov/gauges/CNOO2
Updated: 2026-07-26T13:00:00Z</description>
        <styleUrl>#mk-ff818789-small</styleUrl>
        <ExtendedData>
          <Data name="folder">
            <value>Gauges (NOAA NWPS)</value>
          </Data>
          <Data name="source">
            <value>NOAA NWPS · https://water.noaa.gov/gauges/CNOO2</value>
          </Data>
          <Data name="updated">
            <value>2026-07-26T13:00:00Z</value>
          </Data>
        </ExtendedData>
        <Point>
          <coordinates>-98.59675,36.07698</coordinates>
        </Point>
      </Placemark>
      <Placemark>
        <name>Gauge: Blue River (OK) near Connerville</name>
        <description>Observed: 5.76 ft (no flooding)
Source: NOAA NWPS · https://water.noaa.gov/gauges/CNVO2
Updated: 2026-07-26T12:45:00Z</description>
        <styleUrl>#mk-ff818789-small</styleUrl>
        <ExtendedData>
          <Data name="folder">
            <value>Gauges (NOAA NWPS)</value>
          </Data>
          <Data name="source">
            <value>NOAA NWPS · https://water.noaa.gov/gauges/CNVO2</value>
          </Data>
          <Data name="updated">
            <value>2026-07-26T12:45:00Z</value>
          </Data>
        </ExtendedData>
        <Point>
          <coordinates>-96.60056,34.38343</coordinates>
        </Point>
      </Placemark>
      <Placemark>
        <name>Gauge: Cibolo Creek at Cibolo Nature Center</name>
        <description>Observed: no reading (no flooding)
Source: NOAA NWPS · https://water.noaa.gov/gauges/CNXT2
Updated: 0001-01-01T00:00:00Z</description>
        <styleUrl>#mk-ff818789-small</styleUrl>
        <ExtendedData>
          <Data name="folder">
            <value>Gauges (NOAA NWPS)</value>
          </Data>
          <Data name="source">
            <value>NOAA NWPS · https://water.noaa.gov/gauges/CNXT2</value>
          </Data>
          <Data name="updated">
            <value>0001-01-01T00:00:00Z</value>
          </Data>
        </ExtendedData>
        <Point>
          <coordinates>-98.71278,29.78111</coordinates>
        </Point>
      </Placemark>
      <Placemark>
        <name>Gauge: Rio Grande at Cochiti Dam</name>
        <description>Observed: 5343.25 ft (no flooding)
Source: NOAA NWPS · https://water.noaa.gov/gauges/COCN5
Updated: 2026-07-26T12:30:00Z</description>
        <styleUrl>#mk-ff818789-small</styleUrl>
        <ExtendedData>
          <Data name="folder">
            <value>Gauges (NOAA NWPS)</value>
          </Data>
          <Data name="source">
            <value>NOAA NWPS · https://water.noaa.gov/gauges/COCN5</value>
          </Data>
          <Data name="updated">
            <value>2026-07-26T12:30:00Z</value>
          </Data>
        </ExtendedData>
        <Point>
          <coordinates>-106.31611,35.61694</coordinates>
        </Point>
      </Placemark>
      <Placemark>
        <name>Gauge: Sandy Creek near Cordele</name>
        <description>Observed: 5.71 ft (no flooding)
Source: NOAA NWPS · https://water.noaa.gov/gauges/CODT2
Updated: 2026-07-26T12:15:00Z</description>
        <styleUrl>#mk-ff818789-small</styleUrl>
        <ExtendedData>
          <Data name="folder">
            <value>Gauges (NOAA NWPS)</value>
          </Data>
          <Data name="source">
            <value>NOAA NWPS · https://water.noaa.gov/gauges/CODT2</value>
          </Data>
          <Data name="updated">
            <value>2026-07-26T12:15:00Z</value>
          </Data>
        </ExtendedData>
        <Point>
          <coordinates>-96.54611,29.16</coordinates>
        </Point>
      </Placemark>
      <Placemark>
        <name>Gauge: Gallinas River above Colonias</name>
        <description>Observed: 1.03 ft (no flooding)
Source: NOAA NWPS · https://water.noaa.gov/gauges/COLN5
Updated: 2026-07-26T13:00:00Z</description>
        <styleUrl>#mk-ff818789-small</styleUrl>
        <ExtendedData>
          <Data name="folder">
            <value>Gauges (NOAA NWPS)</value>
          </Data>
          <Data name="source">
            <value>NOAA NWPS · https://water.noaa.gov/gauges/COLN5</value>
          </Data>
          <Data name="updated">
            <value>2026-07-26T13:00:00Z</value>
          </Data>
        </ExtendedData>
        <Point>
          <coordinates>-104.90028,35.18194</coordinates>
        </Point>
      </Placemark>
      <Placemark>
        <name>Gauge: Guadalupe River at Comfort</name>
        <description>Observed: 3.91 ft (no flooding)
Forecast: 3.9 ft (no_flooding) at 2026-07-26T14:00:00Z
Source: NOAA NWPS · https://water.noaa.gov/gauges/COMT2
Updated: 2026-07-26T12:50:00Z</description>
        <styleUrl>#mk-ff818789-small</styleUrl>
        <ExtendedData>
          <Data name="folder">
            <value>Gauges (NOAA NWPS)</value>
          </Data>
          <Data name="source">
            <value>NOAA NWPS · https://water.noaa.gov/gauges/COMT2</value>
          </Data>
          <Data name="updated">
            <value>2026-07-26T12:50:00Z</value>
          </Data>
        </ExtendedData>
        <Point>
          <coordinates>-98.89717,29.96524</coordinates>
        </Point>
      </Placemark>
      <Placemark>
        <name>Gauge: South Sulphur River near Cooper</name>
        <description>Observed: 1.55 ft (no flooding)
Forecast: 1.5 ft (no_flooding) at 2026-07-26T18:00:00Z
Source: NOAA NWPS · https://water.noaa.gov/gauges/COPT2
Updated: 2026-07-26T12:15:00Z</description>
        <styleUrl>#mk-ff818789-small</styleUrl>
        <ExtendedData>
          <Data name="folder">
            <value>Gauges (NOAA NWPS)</value>
          </Data>
          <Data name="source">
            <value>NOAA NWPS · https://water.noaa.gov/gauges/COPT2</value>
          </Data>
          <Data name="updated">
            <value>2026-07-26T12:15:00Z</value>
          </Data>
        </ExtendedData>
        <Point>
          <coordinates>-95.59472,33.35639</coordinates>
        </Point>
      </Placemark>
      <Placemark>
        <name>Gauge: Mud Creek (OK) near Courtney</name>
        <description>Observed: 7.47 ft (no flooding)
Source: NOAA NWPS · https://water.noaa.gov/gauges/CORO2
Updated: 2026-07-26T11:30:00Z</description>
        <styleUrl>#mk-ff818789-small</styleUrl>
        <ExtendedData>
          <Data name="folder">
            <value>Gauges (NOAA NWPS)</value>
          </Data>
          <Data name="source">
            <value>NOAA NWPS · https://water.noaa.gov/gauges/CORO2</value>
          </Data>
          <Data name="updated">
            <value>2026-07-26T11:30:00Z</value>
          </Data>
        </ExtendedData>
        <Point>
          <coordinates>-97.56697,34.00426</coordinates>
        </Point>
      </Placemark>
      <Placemark>
        <name>Gauge: Red River near Courtney</name>
        <description>Observed: 11.42 ft (no flooding)
Source: NOAA NWPS · https://water.noaa.gov/gauges/COUO2
Updated: 2026-07-26T12:30:00Z</description>
        <styleUrl>#mk-ff818789-small</styleUrl>
        <ExtendedData>
          <Data name="folder">
            <value>Gauges (NOAA NWPS)</value>
          </Data>
          <Data name="source">
            <value>NOAA NWPS · https://water.noaa.gov/gauges/COUO2</value>
          </Data>
          <Data name="updated">
            <value>2026-07-26T12:30:00Z</value>
          </Data>
        </ExtendedData>
        <Point>
          <coordinates>-97.50833,33.9175</coordinates>
        </Point>
      </Placemark>
      <Placemark>
        <name>Gauge: Cow Bayou at SH 87</name>
        <description>Observed: 0.92 ft (no flooding)
Source: NOAA NWPS · https://water.noaa.gov/gauges/COWT2
Updated: 2026-07-26T12:45:00Z</description>
        <styleUrl>#mk-ff818789-small</styleUrl>
        <ExtendedData>
          <Data name="folder">
            <value>Gauges (NOAA NWPS)</value>
          </Data>
          <Data name="source">
            <value>NOAA NWPS · https://water.noaa.gov/gauges/COWT2</value>
          </Data>
          <Data name="updated">
            <value>2026-07-26T12:45:00Z</value>
          </Data>
        </ExtendedData>
        <Point>
          <coordinates>-93.8214,30.0445</coordinates>
        </Point>
      </Placemark>
      <Placemark>
        <name>Gauge: Pecos River 2 miles E of Carlsbad below Dark Canyon</name>
        <description>Observed: 0.83 ft (no flooding)
Source: NOAA NWPS · https://water.noaa.gov/gauges/CPDN5
Updated: 2026-07-26T12:45:00Z</description>
        <styleUrl>#mk-ff818789-small</styleUrl>
        <ExtendedData>
          <Data name="folder">
            <value>Gauges (NOAA NWPS)</value>
          </Data>
          <Data name="source">
            <value>NOAA NWPS · https://water.noaa.gov/gauges/CPDN5</value>
          </Data>
          <Data name="updated">
            <value>2026-07-26T12:45:00Z</value>
          </Data>
        </ExtendedData>
        <Point>
          <coordinates>-104.21497,32.40928</coordinates>
        </Point>
      </Placemark>
      <Placemark>
        <name>Gauge: Tide Gauge at Copano Bay</name>
        <description>Observed: 0.33 ft (no flooding)
Forecast: 0.03 ft (fcst_not_current) at 2026-07-28T21:00:00Z
Source: NOAA NWPS · https://water.noaa.gov/gauges/CPNT2
Updated: 2026-07-26T12:54:00Z</description>
        <styleUrl>#mk-ff818789-small</styleUrl>
        <ExtendedData>
          <Data name="folder">
            <value>Gauges (NOAA NWPS)</value>
          </Data>
          <Data name="source">
            <value>NOAA NWPS · https://water.noaa.gov/gauges/CPNT2</value>
          </Data>
          <Data name="updated">
            <value>2026-07-26T12:54:00Z</value>
          </Data>
        </ExtendedData>
        <Point>
          <coordinates>-97.0175,28.11694</coordinates>
        </Point>
      </Placemark>
      <Placemark>
        <name>Gauge: North Sulphur River near Cooper</name>
        <description>Observed: 0.41 ft (no flooding)
Forecast: 0.5 ft (no_flooding) at 2026-07-26T18:00:00Z
Source: NOAA NWPS · https://water.noaa.gov/gauges/CPPT2
Updated: 2026-07-26T12:00:00Z</description>
        <styleUrl>#mk-ff818789-small</styleUrl>
        <ExtendedData>
          <Data name="folder">
            <value>Gauges (NOAA NWPS)</value>
          </Data>
          <Data name="source">
            <value>NOAA NWPS · https://water.noaa.gov/gauges/CPPT2</value>
          </Data>
          <Data name="updated">
            <value>2026-07-26T12:00:00Z</value>
          </Data>
        </ExtendedData>
        <Point>
          <coordinates>-95.5875,33.47472</coordinates>
        </Point>
      </Placemark>
      <Placemark>
        <name>Gauge: Rocky Arroyo 7 miles S of Lakewood</name>
        <description>Observed: 3.22 ft (no flooding)
Source: NOAA NWPS · https://water.noaa.gov/gauges/CRBN5
Updated: 2026-07-26T12:30:00Z</description>
        <styleUrl>#mk-ff818789-small</styleUrl>
        <ExtendedData>
          <Data name="folder">
            <value>Gauges (NOAA NWPS)</value>
          </Data>
          <Data name="source">
            <value>NOAA NWPS · https://water.noaa.gov/gauges/CRBN5</value>
          </Data>
          <Data name="updated">
            <value>2026-07-26T12:30:00Z</value>
          </Data>
        </ExtendedData>
        <Point>
          <coordinates>-104.37499,32.50608</coordinates>
        </Point>
      </Placemark>
      <Placemark>
        <name>Gauge: Hog Creek near Crawford</name>
        <description>Observed: 0.66 ft (no flooding)
Source: NOAA NWPS · https://water.noaa.gov/gauges/CRFT2
Updated: 2026-07-26T12:45:00Z</description>
        <styleUrl>#mk-ff818789-small</styleUrl>
        <ExtendedData>
          <Data name="folder">
            <value>Gauges (NOAA NWPS)</value>
          </Data>
          <Data name="source">
            <value>NOAA NWPS · https://water.noaa.gov/gauges/CRFT2</value>
          </Data>
          <Data name="updated">
            <value>2026-07-26T12:45:00Z</value>
          </Data>
        </ExtendedData>
        <Point>
          <coordinates>-97.35611,31.55556</coordinates>
        </Point>
      </Placemark>
      <Placemark>
        <name>Gauge: Trinity River near Crockett</name>
        <description>Observed: 3.48 ft (no flooding)
Forecast: 3.5 ft (no_flooding) at 2026-07-26T18:00:00Z
Source: NOAA NWPS · https://water.noaa.gov/gauges/CRKT2
Updated: 2026-07-26T12:15:00Z</description>
        <styleUrl>#mk-ff818789-small</styleUrl>
        <ExtendedData>
          <Data name="folder">
            <value>Gauges (NOAA NWPS)</value>
          </Data>
          <Data name="source">
            <value>NOAA NWPS · https://water.noaa.gov/gauges/CRKT2</value>
          </Data>
          <Data name="updated">
            <value>2026-07-26T12:15:00Z</value>
          </Data>
        </ExtendedData>
        <Point>
          <coordinates>-95.65611,31.33833</coordinates>
        </Point>
      </Placemark>
      <Placemark>
        <name>Gauge: Cross Lake at Shreveport</name>
        <description>Observed: 170.82 ft (no flooding)
Source: NOAA NWPS · https://water.noaa.gov/gauges/CRLL1
Updated: 2026-07-26T12:30:00Z</description>
        <styleUrl>#mk-ff818789-small</styleUrl>
        <ExtendedData>
          <Data name="folder">
            <value>Gauges (NOAA NWPS)</value>
          </Data>
          <Data name="source">
            <value>NOAA NWPS · https://water.noaa.gov/gauges/CRLL1</value>
          </Data>
          <Data name="updated">
            <value>2026-07-26T12:30:00Z</value>
          </Data>
        </ExtendedData>
        <Point>
          <coordinates>-93.7983,32.5125</coordinates>
        </Point>
      </Placemark>
      <Placemark>
        <name>Gauge: Elm Fork of North Fork Red River near Carl</name>
        <description>Observed: 4.9 ft (no flooding)
Source: NOAA NWPS · https://water.noaa.gov/gauges/CRLO2
Updated: 2026-07-26T12:00:00Z</description>
        <styleUrl>#mk-ff818789-small</styleUrl>
        <ExtendedData>
          <Data name="folder">
            <value>Gauges (NOAA NWPS)</value>
          </Data>
          <Data name="source">
            <value>NOAA NWPS · https://water.noaa.gov/gauges/CRLO2</value>
          </Data>
          <Data name="updated">
            <value>2026-07-26T12:00:00Z</value>
          </Data>
        </ExtendedData>
        <Point>
          <coordinates>-99.90371,35.01172</coordinates>
        </Point>
      </Placemark>
      <Placemark>
        <name>Gauge: Rio Grande below Amistad Dam</name>
        <description>Observed: 0.71 ft (no flooding)
Source: NOAA NWPS · https://water.noaa.gov/gauges/CRMT2
Updated: 2026-07-26T12:15:00Z</description>
        <styleUrl>#mk-ff818789-small</styleUrl>
        <ExtendedData>
          <Data name="folder">
            <value>Gauges (NOAA NWPS)</value>
          </Data>
          <Data name="source">
            <value>NOAA NWPS · https://water.noaa.gov/gauges/CRMT2</value>
          </Data>
          <Data name="updated">
            <value>2026-07-26T12:15:00Z</value>
          </Data>
        </ExtendedData>
        <Point>
          <coordinates>-101.04028,29.425</coordinates>
        </Point>
      </Placemark>
      <Placemark>
        <name>Gauge: North Criner Creek near Criner</name>
        <description>Observed: 2.94 ft (no flooding)
Source: NOAA NWPS · https://water.noaa.gov/gauges/CRNO2
Updated: 2026-07-26T12:15:00Z</description>
        <styleUrl>#mk-ff818789-small</styleUrl>
        <ExtendedData>
          <Data name="folder">
            <value>Gauges (NOAA NWPS)</value>
          </Data>
          <Data name="source">
            <value>NOAA NWPS · https://water.noaa.gov/gauges/CRNO2</value>
          </Data>
          <Data name="updated">
            <value>2026-07-26T12:15:00Z</value>
          </Data>
        </ExtendedData>
        <Point>
          <coordinates>-97.58476,34.97146</coordinates>
        </Point>
      </Placemark>
      <Placemark>
        <name>Gauge: Little Elkhart Creek at Houston County Lake</name>
        <description>Observed: 259.92 ft (no flooding)
Source: NOAA NWPS · https://water.noaa.gov/gauges/CRTT2
Updated: 2026-07-26T12:15:00Z</description>
        <styleUrl>#mk-ff818789-small</styleUrl>
        <ExtendedData>
          <Data name="folder">
            <value>Gauges (NOAA NWPS)</value>
          </Data>
          <Data name="source">
            <value>NOAA NWPS · https://water.noaa.gov/gauges/CRTT2</value>
          </Data>
          <Data name="updated">
            <value>2026-07-26T12:15:00Z</value>
          </Data>
        </ExtendedData>
        <Point>
          <coordinates>-95.6019,31.40685</coordinates>
        </Point>
      </Placemark>
      <Placemark>
        <name>Gauge: Pecos River 9 miles NW of Carlsbad</name>
        <description>Observed: 2.12 ft (no flooding)
Source: NOAA NWPS · https://water.noaa.gov/gauges/CSBN5
Updated: 2026-07-26T12:15:00Z</description>
        <styleUrl>#mk-ff818789-small</styleUrl>
        <ExtendedData>
          <Data name="folder">
            <value>Gauges (NOAA NWPS)</value>
          </Data>
          <Data name="source">
            <value>NOAA NWPS · https://water.noaa.gov/gauges/CSBN5</value>
          </Data>
          <Data name="updated">
            <value>2026-07-26T12:15:00Z</value>
          </Data>
        </ExtendedData>
        <Point>
          <coordinates>-104.33329,32.51123</coordinates>
        </Point>
      </Placemark>
      <Placemark>
        <name>Gauge: San Bernard River near Chesterville</name>
        <description>Observed: 157.57 ft (no flooding)
Source: NOAA NWPS · https://water.noaa.gov/gauges/CSRT2
Updated: 2026-07-26T12:00:00Z</description>
        <styleUrl>#mk-ff818789-small</styleUrl>
        <ExtendedData>
          <Data name="folder">
            <value>Gauges (NOAA NWPS)</value>
          </Data>
          <Data name="source">
            <value>NOAA NWPS · https://water.noaa.gov/gauges/CSRT2</value>
          </Data>
          <Data name="updated">
            <value>2026-07-26T12:00:00Z</value>
          </Data>
        </ExtendedData>
        <Point>
          <coordinates>-96.2436,29.6605</coordinates>
        </Point>
      </Placemark>
      <Placemark>
        <name>Gauge: Bess Branch at Alligator Park</name>
        <description>Observed: 12.85 ft (no flooding)
Source: NOAA NWPS · https://water.noaa.gov/gauges/CSSL1
Updated: 2026-07-26T13:05:00Z</description>
        <styleUrl>#mk-ff818789-small</styleUrl>
        <ExtendedData>
          <Data name="folder">
            <value>Gauges (NOAA NWPS)</value>
          </Data>
          <Data name="source">
            <value>NOAA NWPS · https://water.noaa.gov/gauges/CSSL1</value>
          </Data>
          <Data name="updated">
            <value>2026-07-26T13:05:00Z</value>
          </Data>
        </ExtendedData>
        <Point>
          <coordinates>-93.7221,30.3621</coordinates>
        </Point>
      </Placemark>
      <Placemark>
        <name>Gauge: Rio Grande at Castolon</name>
        <description>Observed: 2.39 ft (no flooding)
Source: NOAA NWPS · https://water.noaa.gov/gauges/CSTT2
Updated: 2026-07-26T12:15:00Z</description>
        <styleUrl>#mk-ff818789-small</styleUrl>
        <ExtendedData>
          <Data name="folder">
            <value>Gauges (NOAA NWPS)</value>
          </Data>
          <Data name="source">
            <value>NOAA NWPS · https://water.noaa.gov/gauges/CSTT2</value>
          </Data>
          <Data name="updated">
            <value>2026-07-26T12:15:00Z</value>
          </Data>
        </ExtendedData>
        <Point>
          <coordinates>-103.5249,29.13798</coordinates>
        </Point>
      </Placemark>
      <Placemark>
        <name>Gauge: Cibolo Creek at Smithson Valley Rd nr Bulverde</name>
        <description>Observed: no reading (no flooding)
Source: NOAA NWPS · https://water.noaa.gov/gauges/CSVT2
Updated: 0001-01-01T00:00:00Z</description>
        <styleUrl>#mk-ff818789-small</styleUrl>
        <ExtendedData>
          <Data name="folder">
            <value>Gauges (NOAA NWPS)</value>
          </Data>
          <Data name="source">
            <value>NOAA NWPS · https://water.noaa.gov/gauges/CSVT2</value>
          </Data>
          <Data name="updated">
            <value>0001-01-01T00:00:00Z</value>
          </Data>
        </ExtendedData>
        <Point>
          <coordinates>-98.40778,29.74833</coordinates>
        </Point>
      </Placemark>
      <Placemark>
        <name>Gauge: Cuthand Creek near Cuthand</name>
        <description>Observed: 44.33 ft (no flooding)
Source: NOAA NWPS · https://water.noaa.gov/gauges/CTCT2
Updated: 2026-07-26T12:15:00Z</description>
        <styleUrl>#mk-ff818789-small</styleUrl>
        <ExtendedData>
          <Data name="folder">
            <value>Gauges (NOAA NWPS)</value>
          </Data>
          <Data name="source">
            <value>NOAA NWPS · https://water.noaa.gov/gauges/CTCT2</value>
          </Data>
          <Data name="updated">
            <value>2026-07-26T12:15:00Z</value>
          </Data>
        </ExtendedData>
        <Point>
          <coordinates>-95.0514,33.4989</coordinates>
        </Point>
      </Placemark>
      <Placemark>
        <name>Gauge: Rio Grande below Cochiti Dam</name>
        <description>Observed: 1.61 ft (no flooding)
Forecast: 1.6 ft (no_flooding) at 2026-07-26T18:00:00Z
Source: NOAA NWPS · https://water.noaa.gov/gauges/CTDN5
Updated: 2026-07-26T12:15:00Z</description>
        <styleUrl>#mk-ff818789-small</styleUrl>
        <ExtendedData>
          <Data name="folder">
            <value>Gauges (NOAA NWPS)</value>
          </Data>
          <Data name="source">
            <value>NOAA NWPS · https://water.noaa.gov/gauges/CTDN5</value>
          </Data>
          <Data name="updated">
            <value>2026-07-26T12:15:00Z</value>
          </Data>
        </ExtendedData>
        <Point>
          <coordinates>-106.32389,35.61806</coordinates>
        </Point>
      </Placemark>
      <Placemark>
        <name>Gauge: Dry Devils River near Comstock</name>
        <description>Observed: 0.84 ft (no flooding)
Source: NOAA NWPS · https://water.noaa.gov/gauges/CTKT2
Updated: 2026-07-26T12:15:00Z</description>
        <styleUrl>#mk-ff818789-small</styleUrl>
        <ExtendedData>
          <Data name="folder">
            <value>Gauges (NOAA NWPS)</value>
          </Data>
          <Data name="source">
            <value>NOAA NWPS · https://water.noaa.gov/gauges/CTKT2</value>
          </Data>
          <Data name="updated">
            <value>2026-07-26T12:15:00Z</value>
          </Data>
        </ExtendedData>
        <Point>
          <coordinates>-100.89667,29.87667</coordinates>
        </Point>
      </Placemark>
      <Placemark>
        <name>Gauge: North Bosque River near Clifton</name>
        <description>Observed: 1.46 ft (no flooding)
Source: NOAA NWPS · https://water.noaa.gov/gauges/CTNT2
Updated: 2026-07-26T12:00:00Z</description>
        <styleUrl>#mk-ff818789-small</styleUrl>
        <ExtendedData>
          <Data name="folder">
            <value>Gauges (NOAA NWPS)</value>
          </Data>
          <Data name="source">
            <value>NOAA NWPS · https://water.noaa.gov/gauges/CTNT2</value>
          </Data>
          <Data name="updated">
            <value>2026-07-26T12:00:00Z</value>
          </Data>
        </ExtendedData>
        <Point>
          <coordinates>-97.56778,31.78583</coordinates>
        </Point>
      </Placemark>
      <Placemark>
        <name>Gauge: Verdigris River near Catoosa</name>
        <description>Observed: no reading (no flooding)
Source: NOAA NWPS · https://water.noaa.gov/gauges/CTOO2
Updated: 0001-01-01T00:00:00Z</description>
        <styleUrl>#mk-ff818789-small</styleUrl>
        <ExtendedData>
          <Data name="folder">
            <value>Gauges (NOAA NWPS)</value>
          </Data>
          <Data name="source">
            <value>NOAA NWPS · https://water.noaa.gov/gauges/CTOO2</value>
          </Data>
          <Data name="updated">
            <value>0001-01-01T00:00:00Z</value>
          </Data>
        </ExtendedData>
        <Point>
          <coordinates>-95.70722,36.20361</coordinates>
        </Point>
      </Placemark>
      <Placemark>
        <name>Gauge: Guadalupe River near Cuero</name>
        <description>Observed: 7.99 ft (no flooding)
Forecast: 8 ft (no_flooding) at 2026-07-26T15:00:00Z
Source: NOAA NWPS · https://water.noaa.gov/gauges/CUET2
Updated: 2026-07-26T12:30:00Z</description>
        <styleUrl>#mk-ff818789-small</styleUrl>
        <ExtendedData>
          <Data name="folder">
            <value>Gauges (NOAA NWPS)</value>
          </Data>
          <Data name="source">
            <value>NOAA NWPS · https://water.noaa.gov/gauges/CUET2</value>
          </Data>
          <Data name="updated">
            <value>2026-07-26T12:30:00Z</value>
          </Data>
        </ExtendedData>
        <Point>
          <coordinates>-97.32944,29.09028</coordinates>
        </Point>
      </Placemark>
      <Placemark>
        <name>Gauge: East Fork Angelina River near Cushing</name>
        <description>Observed: 6.62 ft (no flooding)
Source: NOAA NWPS · https://water.noaa.gov/gauges/CUST2
Updated: 2026-07-26T12:15:00Z</description>
        <styleUrl>#mk-ff818789-small</styleUrl>
        <ExtendedData>
          <Data name="folder">
            <value>Gauges (NOAA NWPS)</value>
          </Data>
          <Data name="source">
            <value>NOAA NWPS · https://water.noaa.gov/gauges/CUST2</value>
          </Data>
          <Data name="updated">
            <value>2026-07-26T12:15:00Z</value>
          </Data>
        </ExtendedData>
        <Point>
          <coordinates>-94.82306,31.86</coordinates>
        </Point>
      </Placemark>
      <Placemark>
        <name>Gauge: Pecan Bayou near Cross Cut</name>
        <description>Observed: 3.12 ft (no flooding)
Source: NOAA NWPS · https://water.noaa.gov/gauges/CUTT2
Updated: 2026-07-26T12:45:00Z</description>
        <styleUrl>#mk-ff818789-small</styleUrl>
        <ExtendedData>
          <Data name="folder">
            <value>Gauges (NOAA NWPS)</value>
          </Data>
          <Data name="source">
            <value>NOAA NWPS · https://water.noaa.gov/gauges/CUTT2</value>
          </Data>
          <Data name="updated">
            <value>2026-07-26T12:45:00Z</value>
          </Data>
        </ExtendedData>
        <Point>
          <coordinates>-99.12917,31.97333</coordinates>
        </Point>
      </Placemark>
      <Placemark>
        <name>Gauge: Caney River near Collinsville</name>
        <description>Observed: 3.98 ft (no flooding)
Forecast: 4 ft (no_flooding) at 2026-07-26T18:00:00Z
Source: NOAA NWPS · https://water.noaa.gov/gauges/CVLO2
Updated: 2026-07-26T12:30:00Z</description>
        <styleUrl>#mk-ff818789-small</styleUrl>
        <ExtendedData>
          <Data name="folder">
            <value>Gauges (NOAA NWPS)</value>
          </Data>
          <Data name="source">
            <value>NOAA NWPS · https://water.noaa.gov/gauges/CVLO2</value>
          </Data>
          <Data name="updated">
            <value>2026-07-26T12:30:00Z</value>
          </Data>
        </ExtendedData>
        <Point>
          <coordinates>-95.81,36.39472</coordinates>
        </Point>
      </Placemark>
      <Placemark>
        <name>Gauge: Little West Blue Creek near Connerville</name>
        <description>Observed: 5.08 ft (no flooding)
Source: NOAA NWPS · https://water.noaa.gov/gauges/CWBO2
Updated: 2026-07-26T12:30:00Z</description>
        <styleUrl>#mk-ff818789-small</styleUrl>
        <ExtendedData>
          <Data name="folder">
            <value>Gauges (NOAA NWPS)</value>
          </Data>
          <Data name="source">
            <value>NOAA NWPS · https://water.noaa.gov/gauges/CWBO2</value>
          </Data>
          <Data name="updated">
            <value>2026-07-26T12:30:00Z</value>
          </Data>
        </ExtendedData>
        <Point>
          <coordinates>-96.68154,34.47575</coordinates>
        </Point>
      </Placemark>
      <Placemark>
        <name>Gauge: Washita River at Cumberland Cut near Cumberland</name>
        <description>Observed: 618.16 ft (no flooding)
Source: NOAA NWPS · https://water.noaa.gov/gauges/CWRO2
Updated: 2026-07-26T12:30:00Z</description>
        <styleUrl>#mk-ff818789-small</styleUrl>
        <ExtendedData>
          <Data name="folder">
            <value>Gauges (NOAA NWPS)</value>
          </Data>
          <Data name="source">
            <value>NOAA NWPS · https://water.noaa.gov/gauges/CWRO2</value>
          </Data>
          <Data name="updated">
            <value>2026-07-26T12:30:00Z</value>
          </Data>
        </ExtendedData>
        <Point>
          <coordinates>-96.55327,34.09691</coordinates>
        </Point>
      </Placemark>
      <Placemark>
        <name>Gauge: Salt Fork - Brazos River at White River Lake</name>
        <description>Observed: 2350.83 ft (no flooding)
Source: NOAA NWPS · https://water.noaa.gov/gauges/CWRT2
Updated: 2026-07-26T12:15:00Z</description>
        <styleUrl>#mk-ff818789-small</styleUrl>
        <ExtendedData>
          <Data name="folder">
            <value>Gauges (NOAA NWPS)</value>
          </Data>
          <Data name="source">
            <value>NOAA NWPS · https://water.noaa.gov/gauges/CWRT2</value>
          </Data>
          <Data name="updated">
            <value>2026-07-26T12:15:00Z</value>
          </Data>
        </ExtendedData>
        <Point>
          <coordinates>-101.08403,33.45787</coordinates>
        </Point>
      </Placemark>
      <Placemark>
        <name>Gauge: Illinois River (AR OK) at Chewey</name>
        <description>Observed: 2.84 ft (no flooding)
Forecast: 2.8 ft (no_flooding) at 2026-07-26T18:00:00Z
Source: NOAA NWPS · https://water.noaa.gov/gauges/CWYO2
Updated: 2026-07-26T12:15:00Z</description>
        <styleUrl>#mk-ff818789-small</styleUrl>
        <ExtendedData>
          <Data name="folder">
            <value>Gauges (NOAA NWPS)</value>
          </Data>
          <Data name="source">
            <value>NOAA NWPS · https://water.noaa.gov/gauges/CWYO2</value>
          </Data>
          <Data name="updated">
            <value>2026-07-26T12:15:00Z</value>
          </Data>
        </ExtendedData>
        <Point>
          <coordinates>-94.78306,36.10417</coordinates>
        </Point>
      </Placemark>
      <Placemark>
        <name>Gauge: Eastern Oklahoma Lakes at Sardis Lake</name>
        <description>Observed: 598.81 ft (no flooding)
Source: NOAA NWPS · https://water.noaa.gov/gauges/CYDO2
Updated: 2026-07-26T12:00:00Z</description>
        <styleUrl>#mk-ff818789-small</styleUrl>
        <ExtendedData>
          <Data name="folder">
            <value>Gauges (NOAA NWPS)</value>
          </Data>
          <Data name="source">
            <value>NOAA NWPS · https://water.noaa.gov/gauges/CYDO2</value>
          </Data>
          <Data name="updated">
            <value>2026-07-26T12:00:00Z</value>
          </Data>
        </ExtendedData>
        <Point>
          <coordinates>-95.35083,34.62917</coordinates>
        </Point>
      </Placemark>
      <Placemark>
        <name>Gauge: Little Washita River near Cyril</name>
        <description>Observed: 9.92 ft (no flooding)
Source: NOAA NWPS · https://water.noaa.gov/gauges/CYLO2
Updated: 2026-07-26T12:00:00Z</description>
        <styleUrl>#mk-ff818789-small</styleUrl>
        <ExtendedData>
          <Data name="folder">
            <value>Gauges (NOAA NWPS)</value>
          </Data>
          <Data name="source">
            <value>NOAA NWPS · https://water.noaa.gov/gauges/CYLO2</value>
          </Data>
          <Data name="updated">
            <value>2026-07-26T12:00:00Z</value>
          </Data>
        </ExtendedData>
        <Point>
          <coordinates>-98.2331,34.89257</coordinates>
        </Point>
      </Placemark>
      <Placemark>
        <name>Gauge: Crystal Creek at FM 1314 near Conroe</name>
        <description>Observed: 98.32 ft (no flooding)
Source: NOAA NWPS · https://water.noaa.gov/gauges/CYST2
Updated: 2026-07-26T12:45:00Z</description>
        <styleUrl>#mk-ff818789-small</styleUrl>
        <ExtendedData>
          <Data name="folder">
            <value>Gauges (NOAA NWPS)</value>
          </Data>
          <Data name="source">
            <value>NOAA NWPS · https://water.noaa.gov/gauges/CYST2</value>
          </Data>
          <Data name="updated">
            <value>2026-07-26T12:45:00Z</value>
          </Data>
        </ExtendedData>
        <Point>
          <coordinates>-95.38298,30.24139</coordinates>
        </Point>
      </Placemark>
      <Placemark>
        <name>Gauge: Dark Canyon at Carlsbad</name>
        <description>Observed: 4.18 ft (no flooding)
Source: NOAA NWPS · https://water.noaa.gov/gauges/DACN5
Updated: 2026-07-26T12:15:00Z</description>
        <styleUrl>#mk-ff818789-small</styleUrl>
        <ExtendedData>
          <Data name="folder">
            <value>Gauges (NOAA NWPS)</value>
          </Data>
          <Data name="source">
            <value>NOAA NWPS · https://water.noaa.gov/gauges/DACN5</value>
          </Data>
          <Data name="updated">
            <value>2026-07-26T12:15:00Z</value>
          </Data>
        </ExtendedData>
        <Point>
          <coordinates>-104.22944,32.40333</coordinates>
        </Point>
      </Placemark>
      <Placemark>
        <name>Gauge: Trinity River at Dallas</name>
        <description>Observed: 11.9 ft (no flooding)
Source: NOAA NWPS · https://water.noaa.gov/gauges/DALT2
Updated: 2026-07-26T12:30:00Z</description>
        <styleUrl>#mk-ff818789-small</styleUrl>
        <ExtendedData>
          <Data name="folder">
            <value>Gauges (NOAA NWPS)</value>
          </Data>
          <Data name="source">
            <value>NOAA NWPS · https://water.noaa.gov/gauges/DALT2</value>
          </Data>
          <Data name="updated">
            <value>2026-07-26T12:30:00Z</value>
          </Data>
        </ExtendedData>
        <Point>
          <coordinates>-96.82167,32.77472</coordinates>
        </Point>
      </Placemark>
      <Placemark>
        <name>Gauge: Rio Hondo above Roswell</name>
        <description>Observed: 5.08 ft (no flooding)
Source: NOAA NWPS · https://water.noaa.gov/gauges/DARN5
Updated: 2026-07-26T12:20:00Z</description>
        <styleUrl>#mk-ff818789-small</styleUrl>
        <ExtendedData>
          <Data name="folder">
            <value>Gauges (NOAA NWPS)</value>
          </Data>
          <Data name="source">
            <value>NOAA NWPS · https://water.noaa.gov/gauges/DARN5</value>
          </Data>
          <Data name="updated">
            <value>2026-07-26T12:20:00Z</value>
          </Data>
        </ExtendedData>
        <Point>
          <coordinates>-104.85167,33.34917</coordinates>
        </Point>
      </Placemark>
      <Placemark>
        <name>Gauge: North Texas Lakes at Navarro Mills Lake</name>
        <description>Observed: 423.86 ft (no flooding)
Source: NOAA NWPS · https://water.noaa.gov/gauges/DAWT2
Updated: 2026-07-26T12:00:00Z</description>
        <styleUrl>#mk-ff818789-small</styleUrl>
        <ExtendedData>
          <Data name="folder">
            <value>Gauges (NOAA NWPS)</value>
          </Data>
          <Data name="source">
            <value>NOAA NWPS · https://water.noaa.gov/gauges/DAWT2</value>
          </Data>
          <Data name="updated">
            <value>2026-07-26T12:00:00Z</value>
          </Data>
        </ExtendedData>
        <Point>
          <coordinates>-96.68917,31.9575</coordinates>
        </Point>
      </Placemark>
      <Placemark>
        <name>Gauge: Rio Penasco 2 miles NW of Dayton</name>
        <description>Observed: 0.19 ft (no flooding)
Source: NOAA NWPS · https://water.noaa.gov/gauges/DAYN5
Updated: 2026-07-26T12:45:00Z</description>
        <styleUrl>#mk-ff818789-small</styleUrl>
        <ExtendedData>
          <Data name="folder">
            <value>Gauges (NOAA NWPS)</value>
          </Data>
          <Data name="source">
            <value>NOAA NWPS · https://water.noaa.gov/gauges/DAYN5</value>
          </Data>
          <Data name="updated">
            <value>2026-07-26T12:45:00Z</value>
          </Data>
        </ExtendedData>
        <Point>
          <coordinates>-104.41413,32.74345</coordinates>
        </Point>
      </Placemark>
      <Placemark>
        <name>Gauge: Frio River near Derby</name>
        <description>Observed: 2.62 ft (no flooding)
Source: NOAA NWPS · https://water.noaa.gov/gauges/DBYT2
Updated: 2026-07-26T12:30:00Z</description>
        <styleUrl>#mk-ff818789-small</styleUrl>
        <ExtendedData>
          <Data name="folder">
            <value>Gauges (NOAA NWPS)</value>
          </Data>
          <Data name="source">
            <value>NOAA NWPS · https://water.noaa.gov/gauges/DBYT2</value>
          </Data>
          <Data name="updated">
            <value>2026-07-26T12:30:00Z</value>
          </Data>
        </ExtendedData>
        <Point>
          <coordinates>-99.14444,28.73639</coordinates>
        </Point>
      </Placemark>
      <Placemark>
        <name>Gauge: Denton Creek near Justin</name>
        <description>Observed: 1.95 ft (no flooding)
Source: NOAA NWPS · https://water.noaa.gov/gauges/DCJT2
Updated: 2026-07-26T12:00:00Z</description>
        <styleUrl>#mk-ff818789-small</styleUrl>
        <ExtendedData>
          <Data name="folder">
            <value>Gauges (NOAA NWPS)</value>
          </Data>
          <Data name="source">
            <value>NOAA NWPS · https://water.noaa.gov/gauges/DCJT2</value>
          </Data>
          <Data name="updated">
            <value>2026-07-26T12:00:00Z</value>
          </Data>
        </ExtendedData>
        <Point>
          <coordinates>-97.29028,33.11889</coordinates>
        </Point>
      </Placemark>
      <Placemark>
        <name>Gauge: Cramer Creek 30SW Dalhart</name>
        <description>Observed: no reading (no flooding)
Source: NOAA NWPS · https://water.noaa.gov/gauges/DCMT2
Updated: 0001-01-01T00:00:00Z</description>
        <styleUrl>#mk-ff818789-small</styleUrl>
        <ExtendedData>
          <Data name="folder">
            <value>Gauges (NOAA NWPS)</value>
          </Data>
          <Data name="source">
            <value>NOAA NWPS · https://water.noaa.gov/gauges/DCMT2</value>
          </Data>
          <Data name="updated">
            <value>0001-01-01T00:00:00Z</value>
          </Data>
        </ExtendedData>
        <Point>
          <coordinates>-102.89306,35.75139</coordinates>
        </Point>
      </Placemark>
      <Placemark>
        <name>Gauge: Wichita River at Lake Diversion near Dundee</name>
        <description>Observed: 1050.54 ft (no flooding)
Source: NOAA NWPS · https://water.noaa.gov/gauges/DDET2
Updated: 2026-07-26T12:00:00Z</description>
        <styleUrl>#mk-ff818789-small</styleUrl>
        <ExtendedData>
          <Data name="folder">
            <value>Gauges (NOAA NWPS)</value>
          </Data>
          <Data name="source">
            <value>NOAA NWPS · https://water.noaa.gov/gauges/DDET2</value>
          </Data>
          <Data name="updated">
            <value>2026-07-26T12:00:00Z</value>
          </Data>
        </ExtendedData>
        <Point>
          <coordinates>-98.93368,33.8151</coordinates>
        </Point>
      </Placemark>
      <Placemark>
        <name>Gauge: Deep Creek 1 mile W of Dunn</name>
        <description>Observed: 2 ft (no flooding)
Source: NOAA NWPS · https://water.noaa.gov/gauges/DEET2
Updated: 2026-07-26T12:00:00Z</description>
        <styleUrl>#mk-ff818789-small</styleUrl>
        <ExtendedData>
          <Data name="folder">
            <value>Gauges (NOAA NWPS)</value>
          </Data>
          <Data name="source">
            <value>NOAA NWPS · https://water.noaa.gov/gauges/DEET2</value>
          </Data>
          <Data name="updated">
            <value>2026-07-26T12:00:00Z</value>
          </Data>
        </ExtendedData>
        <Point>
          <coordinates>-100.90789,32.57372</coordinates>
        </Point>
      </Placemark>
      <Placemark>
        <name>Gauge: Red River near Dekalb - Pecan Point</name>
        <description>Observed: 8.98 ft (no flooding)
Forecast: 8.9 ft (no_flooding) at 2026-07-26T18:00:00Z
Source: NOAA NWPS · https://water.noaa.gov/gauges/DEKT2
Updated: 2026-07-26T12:00:00Z</description>
        <styleUrl>#mk-ff818789-small</styleUrl>
        <ExtendedData>
          <Data name="folder">
            <value>Gauges (NOAA NWPS)</value>
          </Data>
          <Data name="source">
            <value>NOAA NWPS · https://water.noaa.gov/gauges/DEKT2</value>
          </Data>
          <Data name="updated">
            <value>2026-07-26T12:00:00Z</value>
          </Data>
        </ExtendedData>
        <Point>
          <coordinates>-94.69417,33.68389</coordinates>
        </Point>
      </Placemark>
      <Placemark>
        <name>Gauge: Cossatot River near DeQueen</name>
        <description>Observed: 1.73 ft (no flooding)
Source: NOAA NWPS · https://water.noaa.gov/gauges/DEQA4
Updated: 2026-07-26T12:00:00Z</description>
        <styleUrl>#mk-ff818789-small</styleUrl>
        <ExtendedData>
          <Data name="folder">
            <value>Gauges (NOAA NWPS)</value>
          </Data>
          <Data name="source">
            <value>NOAA NWPS · https://water.noaa.gov/gauges/DEQA4</value>
          </Data>
          <Data name="updated">
            <value>2026-07-26T12:00:00Z</value>
          </Data>
        </ExtendedData>
        <Point>
          <coordinates>-94.2125,34.045</coordinates>
        </Point>
      </Placemark>
      <Placemark>
        <name>Gauge: East Yegua Creek near Dime Box</name>
        <description>Observed: 1.57 ft (no flooding)
Source: NOAA NWPS · https://water.noaa.gov/gauges/DEYT2
Updated: 2026-07-26T12:45:00Z</description>
        <styleUrl>#mk-ff818789-small</styleUrl>
        <ExtendedData>
          <Data name="folder">
            <value>Gauges (NOAA NWPS)</value>
          </Data>
          <Data name="source">
            <value>NOAA NWPS · https://water.noaa.gov/gauges/DEYT2</value>
          </Data>
          <Data name="updated">
            <value>2026-07-26T12:45:00Z</value>
          </Data>
        </ExtendedData>
        <Point>
          <coordinates>-96.81722,30.40722</coordinates>
        </Point>
      </Placemark>
      <Placemark>
        <name>Gauge: Neches River near Diboll</name>
        <description>Observed: 2.82 ft (no flooding)
Source: NOAA NWPS · https://water.noaa.gov/gauges/DIBT2
Updated: 2026-07-26T12:15:00Z</description>
        <styleUrl>#mk-ff818789-small</styleUrl>
        <ExtendedData>
          <Data name="folder">
            <value>Gauges (NOAA NWPS)</value>
          </Data>
          <Data name="source">
            <value>NOAA NWPS · https://water.noaa.gov/gauges/DIBT2</value>
          </Data>
          <Data name="updated">
            <value>2026-07-26T12:15:00Z</value>
          </Data>
        </ExtendedData>
        <Point>
          <coordinates>-94.80993,31.13296</coordinates>
        </Point>
      </Placemark>
      <Placemark>
        <name>Gauge: Saline River near Dierks</name>
        <description>Observed: 3.75 ft (no flooding)
Source: NOAA NWPS · https://water.noaa.gov/gauges/DIRA4
Updated: 2026-07-26T12:15:00Z</description>
        <styleUrl>#mk-ff818789-small</styleUrl>
        <ExtendedData>
          <Data name="folder">
            <value>Gauges (NOAA NWPS)</value>
          </Data>
          <Data name="source">
            <value>NOAA NWPS · https://water.noaa.gov/gauges/DIRA4</value>
          </Data>
          <Data name="updated">
            <value>2026-07-26T12:15:00Z</value>
          </Data>
        </ExtendedData>
        <Point>
          <coordinates>-94.085,34.09611</coordinates>
        </Point>
      </Placemark>
      <Placemark>
        <name>Gauge: Twelvemile Bayou near Dixie</name>
        <description>Observed: 9.62 ft (no flooding)
Source: NOAA NWPS · https://water.noaa.gov/gauges/DIXL1
Updated: 2026-07-26T12:00:00Z</description>
        <styleUrl>#mk-ff818789-small</styleUrl>
        <ExtendedData>
          <Data name="folder">
            <value>Gauges (NOAA NWPS)</value>
          </Data>
          <Data name="source">
            <value>NOAA NWPS · https://water.noaa.gov/gauges/DIXL1</value>
          </Data>
          <Data name="updated">
            <value>2026-07-26T12:00:00Z</value>
          </Data>
        </ExtendedData>
        <Point>
          <coordinates>-93.87778,32.64583</coordinates>
        </Point>
      </Placemark>
      <Placemark>
        <name>Gauge: Embudo Creek below Dixon</name>
        <description>Observed: 8.04 ft (no flooding)
Source: NOAA NWPS · https://water.noaa.gov/gauges/DIXN5
Updated: 2026-07-26T12:45:00Z</description>
        <styleUrl>#mk-ff818789-small</styleUrl>
        <ExtendedData>
          <Data name="folder">
            <value>Gauges (NOAA NWPS)</value>
          </Data>
          <Data name="source">
            <value>NOAA NWPS · https://water.noaa.gov/gauges/DIXN5</value>
          </Data>
          <Data name="updated">
            <value>2026-07-26T12:45:00Z</value>
          </Data>
        </ExtendedData>
        <Point>
          <coordinates>-105.91361,36.21083</coordinates>
        </Point>
      </Placemark>
      <Placemark>
        <name>Gauge: Dark Canyon 8 miles N of Whites City</name>
        <description>Observed: 3.57 ft (no flooding)
Source: NOAA NWPS · https://water.noaa.gov/gauges/DKCN5
Updated: 2026-07-26T12:30:00Z</description>
        <styleUrl>#mk-ff818789-small</styleUrl>
        <ExtendedData>
          <Data name="folder">
            <value>Gauges (NOAA NWPS)</value>
          </Data>
          <Data name="source">
            <value>NOAA NWPS · https://water.noaa.gov/gauges/DKCN5</value>
          </Data>
          <Data name="updated">
            <value>2026-07-26T12:30:00Z</value>
          </Data>
        </ExtendedData>
        <Point>
          <coordinates>-104.34917,32.29043</coordinates>
        </Point>
      </Placemark>
      <Placemark>
        <name>Gauge: Little Beaver Creek (OK) near Duncan</name>
        <description>Observed: 3.02 ft (no flooding)
Source: NOAA NWPS · https://water.noaa.gov/gauges/DLBO2
Updated: 2026-07-26T12:45:00Z</description>
        <styleUrl>#mk-ff818789-small</styleUrl>
        <ExtendedData>
          <Data name="folder">
            <value>Gauges (NOAA NWPS)</value>
          </Data>
          <Data name="source">
            <value>NOAA NWPS · https://water.noaa.gov/gauges/DLBO2</value>
          </Data>
          <Data name="updated">
            <value>2026-07-26T12:45:00Z</value>
          </Data>
        </ExtendedData>
        <Point>
          <coordinates>-98.11421,34.49314</coordinates>
        </Point>
      </Placemark>
      <Placemark>
        <name>Gauge: Leon River near DeLeon</name>
        <description>Observed: 0.89 ft (no flooding)
Source: NOAA NWPS · https://water.noaa.gov/gauges/DLLT2
Updated: 2026-07-26T12:30:00Z</description>
        <styleUrl>#mk-ff818789-small</styleUrl>
        <ExtendedData>
          <Data name="folder">
            <value>Gauges (NOAA NWPS)</value>
          </Data>
          <Data name="source">
            <value>NOAA NWPS · https://water.noaa.gov/gauges/DLLT2</value>
          </Data>
          <Data name="updated">
            <value>2026-07-26T12:30:00Z</value>
          </Data>
        </ExtendedData>
        <Point>
          <coordinates>-98.53278,32.17361</coordinates>
        </Point>
      </Placemark>
      <Placemark>
        <name>Gauge: Rio Grande at Del Rio</name>
        <description>Observed: 1.6 ft (no flooding)
Forecast: 1.6 ft (no_flooding) at 2026-07-26T18:00:00Z
Source: NOAA NWPS · https://water.noaa.gov/gauges/DLRT2
Updated: 2026-07-26T12:15:00Z</description>
        <styleUrl>#mk-ff818789-small</styleUrl>
        <ExtendedData>
          <Data name="folder">
            <value>Gauges (NOAA NWPS)</value>
          </Data>
          <Data name="source">
            <value>NOAA NWPS · https://water.noaa.gov/gauges/DLRT2</value>
          </Data>
          <Data name="updated">
            <value>2026-07-26T12:15:00Z</value>
          </Data>
        </ExtendedData>
        <Point>
          <coordinates>-100.92889,29.33083</coordinates>
        </Point>
      </Placemark>
      <Placemark>
        <name>Gauge: Peach Creek below Dilworth</name>
        <description>Observed: 6.59 ft (no flooding)
Source: NOAA NWPS · https://water.noaa.gov/gauges/DLWT2
Updated: 2026-07-26T12:00:00Z</description>
        <styleUrl>#mk-ff818789-small</styleUrl>
        <ExtendedData>
          <Data name="folder">
            <value>Gauges (NOAA NWPS)</value>
          </Data>
          <Data name="source">
            <value>NOAA NWPS · https://water.noaa.gov/gauges/DLWT2</value>
          </Data>
          <Data name="updated">
            <value>2026-07-26T12:00:00Z</value>
          </Data>
        </ExtendedData>
        <Point>
          <coordinates>-97.31639,29.47389</coordinates>
        </Point>
      </Placemark>
      <Placemark>
        <name>Gauge: Middle Yegua Creek near Dime Box</name>
        <description>Observed: 1.16 ft (no flooding)
Source: NOAA NWPS · https://water.noaa.gov/gauges/DMYT2
Updated: 2026-07-26T12:00:00Z</description>
        <styleUrl>#mk-ff818789-small</styleUrl>
        <ExtendedData>
          <Data name="folder">
            <value>Gauges (NOAA NWPS)</value>
          </Data>
          <Data name="source">
            <value>NOAA NWPS · https://water.noaa.gov/gauges/DMYT2</value>
          </Data>
          <Data name="updated">
            <value>2026-07-26T12:00:00Z</value>
          </Data>
        </ExtendedData>
        <Point>
          <coordinates>-96.90444,30.33917</coordinates>
        </Point>
      </Placemark>
      <Placemark>
        <name>Gauge: Dickinson Bayou at SH 517 near Alvin</name>
        <description>Observed: 12.56 ft (no flooding)
Source: NOAA NWPS · https://water.noaa.gov/gauges/DNBT2
Updated: 2026-07-26T12:45:00Z</description>
        <styleUrl>#mk-ff818789-small</styleUrl>
        <ExtendedData>
          <Data name="folder">
            <value>Gauges (NOAA NWPS)</value>
          </Data>
          <Data name="source">
            <value>NOAA NWPS · https://water.noaa.gov/gauges/DNBT2</value>
          </Data>
          <Data name="updated">
            <value>2026-07-26T12:45:00Z</value>
          </Data>
        </ExtendedData>
        <Point>
          <coordinates>-95.17013,29.43607</coordinates>
        </Point>
      </Placemark>
      <Placemark>
        <name>Gauge: Brazos River near Dennis</name>
        <description>Observed: 1.64 ft (no flooding)
Source: NOAA NWPS · https://water.noaa.gov/gauges/DNNT2
Updated: 2026-07-26T12:45:00Z</description>
        <styleUrl>#mk-ff818789-small</styleUrl>
        <ExtendedData>
          <Data name="folder">
            <value>Gauges (NOAA NWPS)</value>
          </Data>
          <Data name="source">
            <value>NOAA NWPS · https://water.noaa.gov/gauges/DNNT2</value>
          </Data>
          <Data name="updated">
            <value>2026-07-26T12:45:00Z</value>
          </Data>
        </ExtendedData>
        <Point>
          <coordinates>-97.92556,32.61556</coordinates>
        </Point>
      </Placemark>
      <Placemark>
        <name>Gauge: Dolan Creek above Devils River near Comstock</name>
        <description>Observed: 3.71 ft (no flooding)
Source: NOAA NWPS · https://water.noaa.gov/gauges/DOLT2
Updated: 2026-07-26T12:45:00Z</description>
        <styleUrl>#mk-ff818789-small</styleUrl>
        <ExtendedData>
          <Data name="folder">
            <value>Gauges (NOAA NWPS)</value>
          </Data>
          <Data name="source">
            <value>NOAA NWPS · https://water.noaa.gov/gauges/DOLT2</value>
          </Data>
          <Data name="updated">
            <value>2026-07-26T12:45:00Z</value>
          </Data>
        </ExtendedData>
        <Point>
          <coordinates>-100.98972,29.88833</coordinates>
        </Point>
      </Placemark>
      <Placemark>
        <name>Gauge: Cimarron River near Dover</name>
        <description>Observed: 9.14 ft (no flooding)
Source: NOAA NWPS · https://water.noaa.gov/gauges/DOVO2
Updated: 2026-07-26T12:30:00Z</description>
        <styleUrl>#mk-ff818789-small</styleUrl>
        <ExtendedData>
          <Data name="folder">
            <value>Gauges (NOAA NWPS)</value>
          </Data>
          <Data name="source">
            <value>NOAA NWPS · https://water.noaa.gov/gauges/DOVO2</value>
          </Data>
          <Data name="updated">
            <value>2026-07-26T12:30:00Z</value>
          </Data>
        </ExtendedData>
        <Point>
          <coordinates>-97.9145,35.95171</coordinates>
        </Point>
      </Placemark>
      <Placemark>
        <name>Gauge: Rolling Fork near DeQueen</name>
        <description>Observed: 2.18 ft (no flooding)
Source: NOAA NWPS · https://water.noaa.gov/gauges/DQNA4
Updated: 2026-07-26T12:00:00Z</description>
        <styleUrl>#mk-ff818789-small</styleUrl>
        <ExtendedData>
          <Data name="folder">
            <value>Gauges (NOAA NWPS)</value>
          </Data>
          <Data name="source">
            <value>NOAA NWPS · https://water.noaa.gov/gauges/DQNA4</value>
          </Data>
          <Data name="updated">
            <value>2026-07-26T12:00:00Z</value>
          </Data>
        </ExtendedData>
        <Point>
          <coordinates>-94.41278,34.0475</coordinates>
        </Point>
      </Placemark>
      <Placemark>
        <name>Gauge: Spring Branch at SH 242 near Splendora</name>
        <description>Observed: 96.54 ft (no flooding)
Source: NOAA NWPS · https://water.noaa.gov/gauges/DRAT2
Updated: 2026-07-26T12:45:00Z</description>
        <styleUrl>#mk-ff818789-small</styleUrl>
        <ExtendedData>
          <Data name="folder">
            <value>Gauges (NOAA NWPS)</value>
          </Data>
          <Data name="source">
            <value>NOAA NWPS · https://water.noaa.gov/gauges/DRAT2</value>
          </Data>
          <Data name="updated">
            <value>2026-07-26T12:45:00Z</value>
          </Data>
        </ExtendedData>
        <Point>
          <coordinates>-95.24921,30.21981</coordinates>
        </Point>
      </Placemark>
      <Placemark>
        <name>Gauge: Onion Creek near Driftwood</name>
        <description>Observed: 2.39 ft (no flooding)
Source: NOAA NWPS · https://water.noaa.gov/gauges/DRWT2
Updated: 2026-07-26T13:00:00Z</description>
        <styleUrl>#mk-ff818789-small</styleUrl>
        <ExtendedData>
          <Data name="folder">
            <value>Gauges (NOAA NWPS)</value>
          </Data>
          <Data name="source">
            <value>NOAA NWPS · https://water.noaa.gov/gauges/DRWT2</value>
          </Data>
          <Data name="updated">
            <value>2026-07-26T13:00:00Z</value>
          </Data>
        </ExtendedData>
        <Point>
          <coordinates>-98.0075,30.08278</coordinates>
        </Point>
      </Placemark>
      <Placemark>
        <name>Gauge: Sabana River near DeLeon</name>
        <description>Observed: 2.02 ft (no flooding)
Source: NOAA NWPS · https://water.noaa.gov/gauges/DSBT2
Updated: 2026-07-26T12:30:00Z</description>
        <styleUrl>#mk-ff818789-small</styleUrl>
        <ExtendedData>
          <Data name="folder">
            <value>Gauges (NOAA NWPS)</value>
          </Data>
          <Data name="source">
            <value>NOAA NWPS · https://water.noaa.gov/gauges/DSBT2</value>
          </Data>
          <Data name="updated">
            <value>2026-07-26T12:30:00Z</value>
          </Data>
        </ExtendedData>
        <Point>
          <coordinates>-98.60528,32.11389</coordinates>
        </Point>
      </Placemark>
      <Placemark>
        <name>Gauge: South Side Canal near Dundee</name>
        <description>Observed: 6.83 ft (no flooding)
Source: NOAA NWPS · https://water.noaa.gov/gauges/DSCT2
Updated: 2026-07-26T12:30:00Z</description>
        <styleUrl>#mk-ff818789-small</styleUrl>
        <ExtendedData>
          <Data name="folder">
            <value>Gauges (NOAA NWPS)</value>
          </Data>
          <Data name="source">
            <value>NOAA NWPS · https://water.noaa.gov/gauges/DSCT2</value>
          </Data>
          <Data name="updated">
            <value>2026-07-26T12:30:00Z</value>
          </Data>
        </ExtendedData>
        <Point>
          <coordinates>-98.93284,33.81399</coordinates>
        </Point>
      </Placemark>
      <Placemark>
        <name>Gauge: Red River at Lake Texoma near Denison</name>
        <description>Observed: 618.36 ft (no flooding)
Source: NOAA NWPS · https://water.noaa.gov/gauges/DSNT2
Updated: 2026-07-26T12:00:00Z</description>
        <styleUrl>#mk-ff818789-small</styleUrl>
        <ExtendedData>
          <Data name="folder">
            <value>Gauges (NOAA NWPS)</value>
          </Data>
          <Data name="source">
            <value>NOAA NWPS · https://water.noaa.gov/gauges/DSNT2</value>
          </Data>
          <Data name="updated">
            <value>2026-07-26T12:00:00Z</value>
          </Data>
        </ExtendedData>
        <Point>
          <coordinates>-96.57249,33.81816</coordinates>
        </Point>
      </Placemark>
      <Placemark>
        <name>Gauge: Sulphur River near Dalby Springs at Interstate 30</name>
        <description>Observed: 5.02 ft (no flooding)
Source: NOAA NWPS · https://water.noaa.gov/gauges/DSPT2
Updated: 2026-07-26T12:45:00Z</description>
        <styleUrl>#mk-ff818789-small</styleUrl>
        <ExtendedData>
          <Data name="folder">
            <value>Gauges (NOAA NWPS)</value>
          </Data>
          <Data name="source">
            <value>NOAA NWPS · https://water.noaa.gov/gauges/DSPT2</value>
          </Data>
          <Data name="updated">
            <value>2026-07-26T12:45:00Z</value>
          </Data>
        </ExtendedData>
        <Point>
          <coordinates>-94.6981,33.3094</coordinates>
        </Point>
      </Placemark>
      <Placemark>
        <name>Gauge: Red River at Denison Dam near Denison</name>
        <description>Observed: 4.06 ft (no flooding)
Source: NOAA NWPS · https://water.noaa.gov/gauges/DSTT2
Updated: 2026-07-26T12:00:00Z</description>
        <styleUrl>#mk-ff818789-small</styleUrl>
        <ExtendedData>
          <Data name="folder">
            <value>Gauges (NOAA NWPS)</value>
          </Data>
          <Data name="source">
            <value>NOAA NWPS · https://water.noaa.gov/gauges/DSTT2</value>
          </Data>
          <Data name="updated">
            <value>2026-07-26T12:00:00Z</value>
          </Data>
        </ExtendedData>
        <Point>
          <coordinates>-96.56333,33.81899</coordinates>
        </Point>
      </Placemark>
      <Placemark>
        <name>Gauge: Guadalupe River near Bloomington</name>
        <description>Observed: 11.94 ft (no flooding)
Forecast: 12 ft (no_flooding) at 2026-07-26T15:00:00Z
Source: NOAA NWPS · https://water.noaa.gov/gauges/DUPT2
Updated: 2026-07-26T12:00:00Z</description>
        <styleUrl>#mk-ff818789-small</styleUrl>
        <ExtendedData>
          <Data name="folder">
            <value>Gauges (NOAA NWPS)</value>
          </Data>
          <Data name="source">
            <value>NOAA NWPS · https://water.noaa.gov/gauges/DUPT2</value>
          </Data>
          <Data name="updated">
            <value>2026-07-26T12:00:00Z</value>
          </Data>
        </ExtendedData>
        <Point>
          <coordinates>-96.96528,28.66194</coordinates>
        </Point>
      </Placemark>
      <Placemark>
        <name>Gauge: Washita River near Dickson</name>
        <description>Observed: 6.9 ft (no flooding)
Forecast: 6.9 ft (no_flooding) at 2026-07-26T18:00:00Z
Source: NOAA NWPS · https://water.noaa.gov/gauges/DURO2
Updated: 2026-07-26T12:30:00Z</description>
        <styleUrl>#mk-ff818789-small</styleUrl>
        <ExtendedData>
          <Data name="folder">
            <value>Gauges (NOAA NWPS)</value>
          </Data>
          <Data name="source">
            <value>NOAA NWPS · https://water.noaa.gov/gauges/DURO2</value>
          </Data>
          <Data name="updated">
            <value>2026-07-26T12:30:00Z</value>
          </Data>
        </ExtendedData>
        <Point>
          <coordinates>-96.97585,34.23343</coordinates>
        </Point>
      </Placemark>
      <Placemark>
        <name>Gauge: Red River near Davidson</name>
        <description>Observed: no reading (no flooding)
Source: NOAA NWPS · https://water.noaa.gov/gauges/DVDO2
Updated: 0001-01-01T00:00:00Z</description>
        <styleUrl>#mk-ff818789-small</styleUrl>
        <ExtendedData>
          <Data name="folder">
            <value>Gauges (NOAA NWPS)</value>
          </Data>
          <Data name="source">
            <value>NOAA NWPS · https://water.noaa.gov/gauges/DVDO2</value>
          </Data>
          <Data name="updated">
            <value>0001-01-01T00:00:00Z</value>
          </Data>
        </ExtendedData>
        <Point>
          <coordinates>-99.08208,34.20852</coordinates>
        </Point>
      </Placemark>
      <Placemark>
        <name>Gauge: Honey Creek (OK) below Turner Falls near Davis</name>
        <description>Observed: 1.33 ft (no flooding)
Source: NOAA NWPS · https://water.noaa.gov/gauges/DVSO2
Updated: 2026-07-26T12:30:00Z</description>
        <styleUrl>#mk-ff818789-small</styleUrl>
        <ExtendedData>
          <Data name="folder">
            <value>Gauges (NOAA NWPS)</value>
          </Data>
          <Data name="source">
            <value>NOAA NWPS · https://water.noaa.gov/gauges/DVSO2</value>
          </Data>
          <Data name="updated">
            <value>2026-07-26T12:30:00Z</value>
          </Data>
        </ExtendedData>
        <Point>
          <coordinates>-97.14724,34.43176</coordinates>
        </Point>
      </Placemark>
      <Placemark>
        <name>Gauge: White Rock Creek at Dallas</name>
        <description>Observed: 69.92 ft (no flooding)
Source: NOAA NWPS · https://water.noaa.gov/gauges/DWRT2
Updated: 2026-07-26T12:15:00Z</description>
        <styleUrl>#mk-ff818789-small</styleUrl>
        <ExtendedData>
          <Data name="folder">
            <value>Gauges (NOAA NWPS)</value>
          </Data>
          <Data name="source">
            <value>NOAA NWPS · https://water.noaa.gov/gauges/DWRT2</value>
          </Data>
          <Data name="updated">
            <value>2026-07-26T12:15:00Z</value>
          </Data>
        </ExtendedData>
        <Point>
          <coordinates>-96.75639,32.88917</coordinates>
        </Point>
      </Placemark>
      <Placemark>
        <name>Gauge: Sabine River at Deweyville</name>
        <description>Observed: 19.67 ft (no flooding)
Forecast: 20.2 ft (no_flooding) at 2026-07-31T06:00:00Z
Source: NOAA NWPS · https://water.noaa.gov/gauges/DWYT2
Updated: 2026-07-26T12:45:00Z</description>
        <styleUrl>#mk-ff818789-small</styleUrl>
        <ExtendedData>
          <Data name="folder">
            <value>Gauges (NOAA NWPS)</value>
          </Data>
          <Data name="source">
            <value>NOAA NWPS · https://water.noaa.gov/gauges/DWYT2</value>
          </Data>
          <Data name="updated">
            <value>2026-07-26T12:45:00Z</value>
          </Data>
        </ExtendedData>
        <Point>
          <coordinates>-93.74361,30.30361</coordinates>
        </Point>
      </Placemark>
      <Placemark>
        <name>Gauge: Rio Grande 14 miles S of Dryden</name>
        <description>Observed: 5.51 ft (no flooding)
Source: NOAA NWPS · https://water.noaa.gov/gauges/DYNT2
Updated: 2026-07-26T12:15:00Z</description>
        <styleUrl>#mk-ff818789-small</styleUrl>
        <ExtendedData>
          <Data name="folder">
            <value>Gauges (NOAA NWPS)</value>
          </Data>
          <Data name="source">
            <value>NOAA NWPS · https://water.noaa.gov/gauges/DYNT2</value>
          </Data>
          <Data name="updated">
            <value>2026-07-26T12:15:00Z</value>
          </Data>
        </ExtendedData>
        <Point>
          <coordinates>-102.15083,29.81167</coordinates>
        </Point>
      </Placemark>
      <Placemark>
        <name>Gauge: Mountain Fork near Eagletown</name>
        <description>Observed: 2.74 ft (no flooding)
Source: NOAA NWPS · https://water.noaa.gov/gauges/EAGO2
Updated: 2026-07-26T12:30:00Z</description>
        <styleUrl>#mk-ff818789-small</styleUrl>
        <ExtendedData>
          <Data name="folder">
            <value>Gauges (NOAA NWPS)</value>
          </Data>
          <Data name="source">
            <value>NOAA NWPS · https://water.noaa.gov/gauges/EAGO2</value>
          </Data>
          <Data name="updated">
            <value>2026-07-26T12:30:00Z</value>
          </Data>
        </ExtendedData>
        <Point>
          <coordinates>-94.61994,34.04178</coordinates>
        </Point>
      </Placemark>
      <Placemark>
        <name>Gauge: Cobb Creek near Eakley</name>
        <description>Observed: 3.04 ft (no flooding)
Source: NOAA NWPS · https://water.noaa.gov/gauges/EAKO2
Updated: 2026-07-26T12:30:00Z</description>
        <styleUrl>#mk-ff818789-small</styleUrl>
        <ExtendedData>
          <Data name="folder">
            <value>Gauges (NOAA NWPS)</value>
          </Data>
          <Data name="source">
            <value>NOAA NWPS · https://water.noaa.gov/gauges/EAKO2</value>
          </Data>
          <Data name="updated">
            <value>2026-07-26T12:30:00Z</value>
          </Data>
        </ExtendedData>
        <Point>
          <coordinates>-98.59423,35.29061</coordinates>
        </Point>
      </Placemark>
      <Placemark>
        <name>Gauge: North Texas Lakes at Eagle Mountain Lake</name>
        <description>Observed: 645.96 ft (no flooding)
Source: NOAA NWPS · https://water.noaa.gov/gauges/EAMT2
Updated: 2026-07-26T12:00:00Z</description>
        <styleUrl>#mk-ff818789-small</styleUrl>
        <ExtendedData>
          <Data name="folder">
            <value>Gauges (NOAA NWPS)</value>
          </Data>
          <Data name="source">
            <value>NOAA NWPS · https://water.noaa.gov/gauges/EAMT2</value>
          </Data>
          <Data name="updated">
            <value>2026-07-26T12:00:00Z</value>
          </Data>
        </ExtendedData>
        <Point>
          <coordinates>-97.47472,32.8775</coordinates>
        </Point>
      </Placemark>
      <Placemark>
        <name>Gauge: Navasota River near Easterly</name>
        <description>Observed: 3.34 ft (no flooding)
Source: NOAA NWPS · https://water.noaa.gov/gauges/EAST2
Updated: 2026-07-26T12:00:00Z</description>
        <styleUrl>#mk-ff818789-small</styleUrl>
        <ExtendedData>
          <Data name="folder">
            <value>Gauges (NOAA NWPS)</value>
          </Data>
          <Data name="source">
            <value>NOAA NWPS · https://water.noaa.gov/gauges/EAST2</value>
          </Data>
          <Data name="updated">
            <value>2026-07-26T12:00:00Z</value>
          </Data>
        </ExtendedData>
        <Point>
          <coordinates>-96.2975,31.17</coordinates>
        </Point>
      </Placemark>
      <Placemark>
        <name>Gauge: San Bernard River at East Bernard</name>
        <description>Observed: 7.9 ft (no flooding)
Source: NOAA NWPS · https://water.noaa.gov/gauges/EBBT2
Updated: 2026-07-26T13:00:00Z</description>
        <styleUrl>#mk-ff818789-small</styleUrl>
        <ExtendedData>
          <Data name="folder">
            <value>Gauges (NOAA NWPS)</value>
          </Data>
          <Data name="source">
            <value>NOAA NWPS · https://water.noaa.gov/gauges/EBBT2</value>
          </Data>
          <Data name="updated">
            <value>2026-07-26T13:00:00Z</value>
          </Data>
        </ExtendedData>
        <Point>
          <coordinates>-96.05611,29.53306</coordinates>
        </Point>
      </Placemark>
      <Placemark>
        <name>Gauge: Boggy Creek (N OK) at Enid at Enid Avenue</name>
        <description>Observed: 1199.13 ft (no flooding)
Source: NOAA NWPS · https://water.noaa.gov/gauges/EBCO2
Updated: 2026-07-26T12:30:00Z</description>
        <styleUrl>#mk-ff818789-small</styleUrl>
        <ExtendedData>
          <Data name="folder">
            <value>Gauges (NOAA NWPS)</value>
          </Data>
          <Data name="source">
            <value>NOAA NWPS · https://water.noaa.gov/gauges/EBCO2</value>
          </Data>
          <Data name="updated">
            <value>2026-07-26T12:30:00Z</value>
          </Data>
        </ExtendedData>
        <Point>
          <coordinates>-97.8726,36.3771</coordinates>
        </Point>
      </Placemark>
      <Placemark>
        <name>Gauge: East Fork Crystal Creek at FM 1485 near Conroe</name>
        <description>Observed: no reading (no flooding)
Source: NOAA NWPS · https://water.noaa.gov/gauges/ECYT2
Updated: 0001-01-01T00:00:00Z</description>
        <styleUrl>#mk-ff818789-small</styleUrl>
        <ExtendedData>
          <Data name="folder">
            <value>Gauges (NOAA NWPS)</value>
          </Data>
          <Data name="source">
            <value>NOAA NWPS · https://water.noaa.gov/gauges/ECYT2</value>
          </Data>
          <Data name="updated">
            <value>0001-01-01T00:00:00Z</value>
          </Data>
        </ExtendedData>
        <Point>
          <coordinates>-95.35211,30.2949</coordinates>
        </Point>
      </Placemark>
      <Placemark>
        <name>Gauge: Lavaca River near Edna</name>
        <description>Observed: no reading (no flooding)
Source: NOAA NWPS · https://water.noaa.gov/gauges/EDNT2
Updated: 0001-01-01T00:00:00Z</description>
        <styleUrl>#mk-ff818789-small</styleUrl>
        <ExtendedData>
          <Data name="folder">
            <value>Gauges (NOAA NWPS)</value>
          </Data>
          <Data name="source">
            <value>NOAA NWPS · https://water.noaa.gov/gauges/EDNT2</value>
          </Data>
          <Data name="updated">
            <value>0001-01-01T00:00:00Z</value>
          </Data>
        </ExtendedData>
        <Point>
          <coordinates>-96.68611,28.95972</coordinates>
        </Point>
      </Placemark>
      <Placemark>
        <name>Gauge: Boggy Creek (N OK) at Enid at 30th Street</name>
        <description>Observed: 1158.97 ft (no flooding)
Source: NOAA NWPS · https://water.noaa.gov/gauges/EGCO2
Updated: 2026-07-26T12:30:00Z</description>
        <styleUrl>#mk-ff818789-small</styleUrl>
        <ExtendedData>
          <Data name="folder">
            <value>Gauges (NOAA NWPS)</value>
          </Data>
          <Data name="source">
            <value>NOAA NWPS · https://water.noaa.gov/gauges/EGCO2</value>
          </Data>
          <Data name="updated">
            <value>2026-07-26T12:30:00Z</value>
          </Data>
        </ExtendedData>
        <Point>
          <coordinates>-97.8369,36.3898</coordinates>
        </Point>
      </Placemark>
      <Placemark>
        <name>Gauge: Wilbarger Creek at Elgin</name>
        <description>Observed: 5.16 ft (no flooding)
Source: NOAA NWPS · https://water.noaa.gov/gauges/EGYT2
Updated: 2026-07-26T13:00:00Z</description>
        <styleUrl>#mk-ff818789-small</styleUrl>
        <ExtendedData>
          <Data name="folder">
            <value>Gauges (NOAA NWPS)</value>
          </Data>
          <Data name="source">
            <value>NOAA NWPS · https://water.noaa.gov/gauges/EGYT2</value>
          </Data>
          <Data name="updated">
            <value>2026-07-26T13:00:00Z</value>
          </Data>
        </ExtendedData>
        <Point>
          <coordinates>-97.43278,30.23194</coordinates>
        </Point>
      </Placemark>
      <Placemark>
        <name>Gauge: Big Sandy Creek (TX) near Elgin</name>
        <description>Observed: 0.54 ft (no flooding)
Source: NOAA NWPS · https://water.noaa.gov/gauges/EGZT2
Updated: 2026-07-26T13:00:00Z</description>
        <styleUrl>#mk-ff818789-small</styleUrl>
        <ExtendedData>
          <Data name="folder">
            <value>Gauges (NOAA NWPS)</value>
          </Data>
          <Data name="source">
            <value>NOAA NWPS · https://water.noaa.gov/gauges/EGZT2</value>
          </Data>
          <Data name="updated">
            <value>2026-07-26T13:00:00Z</value>
          </Data>
        </ExtendedData>
        <Point>
          <coordinates>-97.3281,30.2656</coordinates>
        </Point>
      </Placemark>
      <Placemark>
        <name>Gauge: Lake Creek (OK) near Eakley</name>
        <description>Observed: 4.06 ft (no flooding)
Source: NOAA NWPS · https://water.noaa.gov/gauges/EKCO2
Updated: 2026-07-26T12:00:00Z</description>
        <styleUrl>#mk-ff818789-small</styleUrl>
        <ExtendedData>
          <Data name="folder">
            <value>Gauges (NOAA NWPS)</value>
          </Data>
          <Data name="source">
            <value>NOAA NWPS · https://water.noaa.gov/gauges/EKCO2</value>
          </Data>
          <Data name="updated">
            <value>2026-07-26T12:00:00Z</value>
          </Data>
        </ExtendedData>
        <Point>
          <coordinates>-98.52923,35.29089</coordinates>
        </Point>
      </Placemark>
      <Placemark>
        <name>Gauge: Baron Fork at Eldon</name>
        <description>Observed: 5.98 ft (no flooding)
Forecast: 6 ft (no_flooding) at 2026-07-26T18:00:00Z
Source: NOAA NWPS · https://water.noaa.gov/gauges/ELDO2
Updated: 2026-07-26T12:30:00Z</description>
        <styleUrl>#mk-ff818789-small</styleUrl>
        <ExtendedData>
          <Data name="folder">
            <value>Gauges (NOAA NWPS)</value>
          </Data>
          <Data name="source">
            <value>NOAA NWPS · https://water.noaa.gov/gauges/ELDO2</value>
          </Data>
          <Data name="updated">
            <value>2026-07-26T12:30:00Z</value>
          </Data>
        </ExtendedData>
        <Point>
          <coordinates>-94.83833,35.92111</coordinates>
        </Point>
      </Placemark>
      <Placemark>
        <name>Gauge: Osage Creek near Elm Springs 3NW</name>
        <description>Observed: 2.72 ft (no flooding)
Source: NOAA NWPS · https://water.noaa.gov/gauges/ELMA4
Updated: 2026-07-26T12:00:00Z</description>
        <styleUrl>#mk-ff818789-small</styleUrl>
        <ExtendedData>
          <Data name="folder">
            <value>Gauges (NOAA NWPS)</value>
          </Data>
          <Data name="source">
            <value>NOAA NWPS · https://water.noaa.gov/gauges/ELMA4</value>
          </Data>
          <Data name="updated">
            <value>2026-07-26T12:00:00Z</value>
          </Data>
        </ExtendedData>
        <Point>
          <coordinates>-94.28833,36.22194</coordinates>
        </Point>
      </Placemark>
      <Placemark>
        <name>Gauge: San Antonio River at Elmendorf</name>
        <description>Observed: 10.17 ft (no flooding)
Source: NOAA NWPS · https://water.noaa.gov/gauges/ELMT2
Updated: 2026-07-26T12:30:00Z</description>
        <styleUrl>#mk-ff818789-small</styleUrl>
        <ExtendedData>
          <Data name="folder">
            <value>Gauges (NOAA NWPS)</value>
          </Data>
          <Data name="source">
            <value>NOAA NWPS · https://water.noaa.gov/gauges/ELMT2</value>
          </Data>
          <Data name="updated">
            <value>2026-07-26T12:30:00Z</value>
          </Data>
        </ExtendedData>
        <Point>
          <coordinates>-98.35556,29.22194</coordinates>
        </Point>
      </Placemark>
      <Placemark>
        <name>Gauge: North Canadian River near El Reno</name>
        <description>Observed: 2.42 ft (no flooding)
Forecast: 2.4 ft (no_flooding) at 2026-07-26T18:00:00Z
Source: NOAA NWPS · https://water.noaa.gov/gauges/ELNO2
Updated: 2026-07-26T12:30:00Z</description>
        <styleUrl>#mk-ff818789-small</styleUrl>
        <ExtendedData>
          <Data name="folder">
            <value>Gauges (NOAA NWPS)</value>
          </Data>
          <Data name="source">
            <value>NOAA NWPS · https://water.noaa.gov/gauges/ELNO2</value>
          </Data>
          <Data name="updated">
            <value>2026-07-26T12:30:00Z</value>
          </Data>
        </ExtendedData>
        <Point>
          <coordinates>-97.95755,35.56311</coordinates>
        </Point>
      </Placemark>
      <Placemark>
        <name>Gauge: Rio Grande at El Indio</name>
        <description>Observed: 6.27 ft (no flooding)
Source: NOAA NWPS · https://water.noaa.gov/gauges/ELNT2
Updated: 2026-07-26T12:00:00Z</description>
        <styleUrl>#mk-ff818789-small</styleUrl>
        <ExtendedData>
          <Data name="folder">
            <value>Gauges (NOAA NWPS)</value>
          </Data>
          <Data name="source">
            <value>NOAA NWPS · https://water.noaa.gov/gauges/ELNT2</value>
          </Data>
          <Data name="updated">
            <value>2026-07-26T12:00:00Z</value>
          </Data>
        </ExtendedData>
        <Point>
          <coordinates>-100.32,28.35</coordinates>
        </Point>
      </Placemark>
      <Placemark>
        <name>Gauge: Beaver Creek (TX) near Electra</name>
        <description>Observed: 8.63 ft (no flooding)
Source: NOAA NWPS · https://water.noaa.gov/gauges/ELTT2
Updated: 2026-07-26T12:00:00Z</description>
        <styleUrl>#mk-ff818789-small</styleUrl>
        <ExtendedData>
          <Data name="folder">
            <value>Gauges (NOAA NWPS)</value>
          </Data>
          <Data name="source">
            <value>NOAA NWPS · https://water.noaa.gov/gauges/ELTT2</value>
          </Data>
          <Data name="updated">
            <value>2026-07-26T12:00:00Z</value>
          </Data>
        </ExtendedData>
        <Point>
          <coordinates>-98.90507,33.90593</coordinates>
        </Point>
      </Placemark>
      <Placemark>
        <name>Gauge: East Cache Creek at Lake Ellsworth</name>
        <description>Observed: 1223.55 ft (no flooding)
Source: NOAA NWPS · https://water.noaa.gov/gauges/ELWO2
Updated: 2026-07-26T12:45:00Z</description>
        <styleUrl>#mk-ff818789-small</styleUrl>
        <ExtendedData>
          <Data name="folder">
            <value>Gauges (NOAA NWPS)</value>
          </Data>
          <Data name="source">
            <value>NOAA NWPS · https://water.noaa.gov/gauges/ELWO2</value>
          </Data>
          <Data name="updated">
            <value>2026-07-26T12:45:00Z</value>
          </Data>
        </ExtendedData>
        <Point>
          <coordinates>-98.36894,34.79451</coordinates>
        </Point>
      </Placemark>
      <Placemark>
        <name>Gauge: Tide Station (HGX) at East Matagorda</name>
        <description>Observed: 0.98 ft (no flooding)
Forecast: 0.3 ft (fcst_not_current) at 2026-07-29T19:00:00Z
Source: NOAA NWPS · https://water.noaa.gov/gauges/EMAT2
Updated: 2026-07-26T12:54:00Z</description>
        <styleUrl>#mk-ff818789-small</styleUrl>
        <ExtendedData>
          <Data name="folder">
            <value>Gauges (NOAA NWPS)</value>
          </Data>
          <Data name="source">
            <value>NOAA NWPS · https://water.noaa.gov/gauges/EMAT2</value>
          </Data>
          <Data name="updated">
            <value>2026-07-26T12:54:00Z</value>
          </Data>
        </ExtendedData>
        <Point>
          <coordinates>-95.9138,28.71</coordinates>
        </Point>
      </Placemark>
      <Placemark>
        <name>Gauge: Rio Grande at Embudo</name>
        <description>Observed: 2.03 ft (no flooding)
Source: NOAA NWPS · https://water.noaa.gov/gauges/EMBN5
Updated: 2026-07-26T12:00:00Z</description>
        <styleUrl>#mk-ff818789-small</styleUrl>
        <ExtendedData>
          <Data name="folder">
            <value>Gauges (NOAA NWPS)</value>
          </Data>
          <Data name="source">
            <value>NOAA NWPS · https://water.noaa.gov/gauges/EMBN5</value>
          </Data>
          <Data name="updated">
            <value>2026-07-26T12:00:00Z</value>
          </Data>
        </ExtendedData>
        <Point>
          <coordinates>-105.96389,36.20556</coordinates>
        </Point>
      </Placemark>
      <Placemark>
        <name>Gauge: Rio Grande 3 miles NNW of Redford</name>
        <description>Observed: 8.66 ft (no flooding)
Source: NOAA NWPS · https://water.noaa.gov/gauges/EMDT2
Updated: 2026-07-26T12:15:00Z</description>
        <styleUrl>#mk-ff818789-small</styleUrl>
        <ExtendedData>
          <Data name="folder">
            <value>Gauges (NOAA NWPS)</value>
          </Data>
          <Data name="source">
            <value>NOAA NWPS · https://water.noaa.gov/gauges/EMDT2</value>
          </Data>
          <Data name="updated">
            <value>2026-07-26T12:15:00Z</value>
          </Data>
        </ExtendedData>
        <Point>
          <coordinates>-104.21583,29.48556</coordinates>
        </Point>
      </Placemark>
      <Placemark>
        <name>Gauge: North Boggy Creek (N OK) at Enid at Garriott Road</name>
        <description>Observed: 1199.07 ft (no flooding)
Source: NOAA NWPS · https://water.noaa.gov/gauges/ENBO2
Updated: 2026-07-26T13:00:00Z</description>
        <styleUrl>#mk-ff818789-small</styleUrl>
        <ExtendedData>
          <Data name="folder">
            <value>Gauges (NOAA NWPS)</value>
          </Data>
          <Data name="source">
            <value>NOAA NWPS · https://water.noaa.gov/gauges/ENBO2</value>
          </Data>
          <Data name="updated">
            <value>2026-07-26T13:00:00Z</value>
          </Data>
        </ExtendedData>
        <Point>
          <coordinates>-97.8684,36.3906</coordinates>
        </Point>
      </Placemark>
      <Placemark>
        <name>Gauge: Rio Grande at Eagle Pass</name>
        <description>Observed: 3.91 ft (no flooding)
Forecast: 3.9 ft (no_flooding) at 2026-07-26T18:00:00Z
Source: NOAA NWPS · https://water.noaa.gov/gauges/EPPT2
Updated: 2026-07-26T12:00:00Z</description>
        <styleUrl>#mk-ff818789-small</styleUrl>
        <ExtendedData>
          <Data name="folder">
            <value>Gauges (NOAA NWPS)</value>
          </Data>
          <Data name="source">
            <value>NOAA NWPS · https://water.noaa.gov/gauges/EPPT2</value>
          </Data>
          <Data name="updated">
            <value>2026-07-26T12:00:00Z</value>
          </Data>
        </ExtendedData>
        <Point>
          <coordinates>-100.50694,28.71389</coordinates>
        </Point>
      </Placemark>
      <Placemark>
        <name>Gauge: Rio Grande at El Paso (Courchesne Bridge)</name>
        <description>Observed: 3.73 ft (no flooding)
Forecast: 3.7 ft (no_flooding) at 2026-07-26T18:00:00Z
Source: NOAA NWPS · https://water.noaa.gov/gauges/EPRT2
Updated: 2026-07-26T12:05:00Z</description>
        <styleUrl>#mk-ff818789-small</styleUrl>
        <ExtendedData>
          <Data name="folder">
            <value>Gauges (NOAA NWPS)</value>
          </Data>
          <Data name="source">
            <value>NOAA NWPS · https://water.noaa.gov/gauges/EPRT2</value>
          </Data>
          <Data name="updated">
            <value>2026-07-26T12:05:00Z</value>
          </Data>
        </ExtendedData>
        <Point>
          <coordinates>-106.54131,31.80319</coordinates>
        </Point>
      </Placemark>
      <Placemark>
        <name>Gauge: Tide Station (HGX) at San Leon</name>
        <description>Observed: 1.68 ft (no flooding)
Forecast: 1.24 ft (fcst_not_current) at 2026-07-26T16:00:00Z
Source: NOAA NWPS · https://water.noaa.gov/gauges/EPTT2
Updated: 2026-07-26T12:54:00Z</description>
        <styleUrl>#mk-ff818789-small</styleUrl>
        <ExtendedData>
          <Data name="folder">
            <value>Gauges (NOAA NWPS)</value>
          </Data>
          <Data name="source">
            <value>NOAA NWPS · https://water.noaa.gov/gauges/EPTT2</value>
          </Data>
          <Data name="updated">
            <value>2026-07-26T12:54:00Z</value>
          </Data>
        </ExtendedData>
        <Point>
          <coordinates>-94.9183,29.48</coordinates>
        </Point>
      </Placemark>
      <Placemark>
        <name>Gauge: Village Creek near Everman</name>
        <description>Observed: 2.72 ft (no flooding)
Source: NOAA NWPS · https://water.noaa.gov/gauges/ERMT2
Updated: 2026-07-26T12:00:00Z</description>
        <styleUrl>#mk-ff818789-small</styleUrl>
        <ExtendedData>
          <Data name="folder">
            <value>Gauges (NOAA NWPS)</value>
          </Data>
          <Data name="source">
            <value>NOAA NWPS · https://water.noaa.gov/gauges/ERMT2</value>
          </Data>
          <Data name="updated">
            <value>2026-07-26T12:00:00Z</value>
          </Data>
        </ExtendedData>
        <Point>
          <coordinates>-97.26472,32.60333</coordinates>
        </Point>
      </Placemark>
      <Placemark>
        <name>Gauge: Skeleton Creek at Enid</name>
        <description>Observed: 2.47 ft (no flooding)
Source: NOAA NWPS · https://water.noaa.gov/gauges/ESCO2
Updated: 2026-07-26T13:00:00Z</description>
        <styleUrl>#mk-ff818789-small</styleUrl>
        <ExtendedData>
          <Data name="folder">
            <value>Gauges (NOAA NWPS)</value>
          </Data>
          <Data name="source">
            <value>NOAA NWPS · https://water.noaa.gov/gauges/ESCO2</value>
          </Data>
          <Data name="updated">
            <value>2026-07-26T13:00:00Z</value>
          </Data>
        </ExtendedData>
        <Point>
          <coordinates>-97.80033,36.37615</coordinates>
        </Point>
      </Placemark>
      <Placemark>
        <name>Gauge: Salt Fork of the Red River near Elmer</name>
        <description>Observed: 5.25 ft (no flooding)
Source: NOAA NWPS · https://water.noaa.gov/gauges/ESFO2
Updated: 2026-07-26T12:00:00Z</description>
        <styleUrl>#mk-ff818789-small</styleUrl>
        <ExtendedData>
          <Data name="folder">
            <value>Gauges (NOAA NWPS)</value>
          </Data>
          <Data name="source">
            <value>NOAA NWPS · https://water.noaa.gov/gauges/ESFO2</value>
          </Data>
          <Data name="updated">
            <value>2026-07-26T12:00:00Z</value>
          </Data>
        </ExtendedData>
        <Point>
          <coordinates>-99.38231,34.47897</coordinates>
        </Point>
      </Placemark>
      <Placemark>
        <name>Gauge: Rio Grande at Espanola</name>
        <description>Observed: no reading (no flooding)
Source: NOAA NWPS · https://water.noaa.gov/gauges/ESPN5
Updated: 0001-01-01T00:00:00Z</description>
        <styleUrl>#mk-ff818789-small</styleUrl>
        <ExtendedData>
          <Data name="folder">
            <value>Gauges (NOAA NWPS)</value>
          </Data>
          <Data name="source">
            <value>NOAA NWPS · https://water.noaa.gov/gauges/ESPN5</value>
          </Data>
          <Data name="updated">
            <value>0001-01-01T00:00:00Z</value>
          </Data>
        </ExtendedData>
        <Point>
          <coordinates>-106.075,35.98806</coordinates>
        </Point>
      </Placemark>
      <Placemark>
        <name>Gauge: Eastern Oklahoma Lakes at Eufala Lake</name>
        <description>Observed: 585.61 ft (no flooding)
Source: NOAA NWPS · https://water.noaa.gov/gauges/EUFO2
Updated: 2026-07-26T12:00:00Z</description>
        <styleUrl>#mk-ff818789-small</styleUrl>
        <ExtendedData>
          <Data name="folder">
            <value>Gauges (NOAA NWPS)</value>
          </Data>
          <Data name="source">
            <value>NOAA NWPS · https://water.noaa.gov/gauges/EUFO2</value>
          </Data>
          <Data name="updated">
            <value>2026-07-26T12:00:00Z</value>
          </Data>
        </ExtendedData>
        <Point>
          <coordinates>-95.3625,35.30694</coordinates>
        </Point>
      </Placemark>
      <Placemark>
        <name>Gauge: Neches River at Evadale</name>
        <description>Observed: 5.83 ft (no flooding)
Forecast: 5.7 ft (no_flooding) at 2026-07-26T18:00:00Z
Source: NOAA NWPS · https://water.noaa.gov/gauges/EVDT2
Updated: 2026-07-26T12:00:00Z</description>
        <styleUrl>#mk-ff818789-small</styleUrl>
        <ExtendedData>
          <Data name="folder">
            <value>Gauges (NOAA NWPS)</value>
          </Data>
          <Data name="source">
            <value>NOAA NWPS · https://water.noaa.gov/gauges/EVDT2</value>
          </Data>
          <Data name="updated">
            <value>2026-07-26T12:00:00Z</value>
          </Data>
        </ExtendedData>
        <Point>
          <coordinates>-94.09306,30.35556</coordinates>
        </Point>
      </Placemark>
      <Placemark>
        <name>Gauge: West Central Texas Lakes at E. V. Spence Reservoir</name>
        <description>Observed: 1844.45 ft (no flooding)
Source: NOAA NWPS · https://water.noaa.gov/gauges/EVST2
Updated: 2026-07-26T13:00:00Z</description>
        <styleUrl>#mk-ff818789-small</styleUrl>
        <ExtendedData>
          <Data name="folder">
            <value>Gauges (NOAA NWPS)</value>
          </Data>
          <Data name="source">
            <value>NOAA NWPS · https://water.noaa.gov/gauges/EVST2</value>
          </Data>
          <Data name="updated">
            <value>2026-07-26T13:00:00Z</value>
          </Data>
        </ExtendedData>
        <Point>
          <coordinates>-100.51694,31.87944</coordinates>
        </Point>
      </Placemark>
      <Placemark>
        <name>Gauge: San Antonio River near Falls City</name>
        <description>Observed: 1.1 ft (no flooding)
Source: NOAA NWPS · https://water.noaa.gov/gauges/FACT2
Updated: 2026-07-26T12:15:00Z</description>
        <styleUrl>#mk-ff818789-small</styleUrl>
        <ExtendedData>
          <Data name="folder">
            <value>Gauges (NOAA NWPS)</value>
          </Data>
          <Data name="source">
            <value>NOAA NWPS · https://water.noaa.gov/gauges/FACT2</value>
          </Data>
          <Data name="updated">
            <value>2026-07-26T12:15:00Z</value>
          </Data>
        </ExtendedData>
        <Point>
          <coordinates>-98.06389,28.95139</coordinates>
        </Point>
      </Placemark>
      <Placemark>
        <name>Gauge: Los Olmos Creek near Falfurrias</name>
        <description>Observed: 1.19 ft (no flooding)
Source: NOAA NWPS · https://water.noaa.gov/gauges/FAFT2
Updated: 2026-07-26T12:15:00Z</description>
        <styleUrl>#mk-ff818789-small</styleUrl>
        <ExtendedData>
          <Data name="folder">
            <value>Gauges (NOAA NWPS)</value>
          </Data>
          <Data name="source">
            <value>NOAA NWPS · https://water.noaa.gov/gauges/FAFT2</value>
          </Data>
          <Data name="updated">
            <value>2026-07-26T12:15:00Z</value>
          </Data>
        </ExtendedData>
        <Point>
          <coordinates>-98.13556,27.26417</coordinates>
        </Point>
      </Placemark>
      <Placemark>
        <name>Gauge: Rio Grande at Falcon Lake</name>
        <description>Observed: 265.16 ft (no flooding)
Source: NOAA NWPS · https://water.noaa.gov/gauges/FALT2
Updated: 2026-07-26T12:45:00Z</description>
        <styleUrl>#mk-ff818789-small</styleUrl>
        <ExtendedData>
          <Data name="folder">
            <value>Gauges (NOAA NWPS)</value>
          </Data>
          <Data name="source">
            <value>NOAA NWPS · https://water.noaa.gov/gauges/FALT2</value>
          </Data>
          <Data name="updated">
            <value>2026-07-26T12:45:00Z</value>
          </Data>
        </ExtendedData>
        <Point>
          <coordinates>-99.16667,26.55972</coordinates>
        </Point>
      </Placemark>
      <Placemark>
        <name>Gauge: Cummins Creek at Frelsburg</name>
        <description>Observed: 5.93 ft (no flooding)
Source: NOAA NWPS · https://water.noaa.gov/gauges/FBCT2
Updated: 2026-07-26T13:00:00Z</description>
        <styleUrl>#mk-ff818789-small</styleUrl>
        <ExtendedData>
          <Data name="folder">
            <value>Gauges (NOAA NWPS)</value>
          </Data>
          <Data name="source">
            <value>NOAA NWPS · https://water.noaa.gov/gauges/FBCT2</value>
          </Data>
          <Data name="updated">
            <value>2026-07-26T13:00:00Z</value>
          </Data>
        </ExtendedData>
        <Point>
          <coordinates>-96.58056,29.82583</coordinates>
        </Point>
      </Placemark>
      <Placemark>
        <name>Gauge: Washita River near Foss</name>
        <description>Observed: 6.07 ft (no flooding)
Source: NOAA NWPS · https://water.noaa.gov/gauges/FBFO2
Updated: 2026-07-26T12:00:00Z</description>
        <styleUrl>#mk-ff818789-small</styleUrl>
        <ExtendedData>
          <Data name="folder">
            <value>Gauges (NOAA NWPS)</value>
          </Data>
          <Data name="source">
            <value>NOAA NWPS · https://water.noaa.gov/gauges/FBFO2</value>
          </Data>
          <Data name="updated">
            <value>2026-07-26T12:00:00Z</value>
          </Data>
        </ExtendedData>
        <Point>
          <coordinates>-99.16981,35.53894</coordinates>
        </Point>
      </Placemark>
      <Placemark>
        <name>Gauge: Big Blue Creek 6NNW Fritch</name>
        <description>Observed: 5.43 ft (no flooding)
Source: NOAA NWPS · https://water.noaa.gov/gauges/FBKT2
Updated: 2026-07-26T12:15:00Z</description>
        <styleUrl>#mk-ff818789-small</styleUrl>
        <ExtendedData>
          <Data name="folder">
            <value>Gauges (NOAA NWPS)</value>
          </Data>
          <Data name="source">
            <value>NOAA NWPS · https://water.noaa.gov/gauges/FBKT2</value>
          </Data>
          <Data name="updated">
            <value>2026-07-26T12:15:00Z</value>
          </Data>
        </ExtendedData>
        <Point>
          <coordinates>-101.6625,35.72083</coordinates>
        </Point>
      </Placemark>
      <Placemark>
        <name>Gauge: Cobb Creek near Fort Cobb</name>
        <description>Observed: 3.18 ft (no flooding)
Source: NOAA NWPS · https://water.noaa.gov/gauges/FCCO2
Updated: 2026-07-26T12:00:00Z</description>
        <styleUrl>#mk-ff818789-small</styleUrl>
        <ExtendedData>
          <Data name="folder">
            <value>Gauges (NOAA NWPS)</value>
          </Data>
          <Data name="source">
            <value>NOAA NWPS · https://water.noaa.gov/gauges/FCCO2</value>
          </Data>
          <Data name="updated">
            <value>2026-07-26T12:00:00Z</value>
          </Data>
        </ExtendedData>
        <Point>
          <coordinates>-98.44284,35.14367</coordinates>
        </Point>
      </Placemark>
      <Placemark>
        <name>Gauge: Cibolo Creek near Falls City</name>
        <description>Observed: -1.21 ft (no flooding)
Source: NOAA NWPS · https://water.noaa.gov/gauges/FCTT2
Updated: 2026-07-26T12:15:00Z</description>
        <styleUrl>#mk-ff818789-small</styleUrl>
        <ExtendedData>
          <Data name="folder">
            <value>Gauges (NOAA NWPS)</value>
          </Data>
          <Data name="source">
            <value>NOAA NWPS · https://water.noaa.gov/gauges/FCTT2</value>
          </Data>
          <Data name="updated">
            <value>2026-07-26T12:15:00Z</value>
          </Data>
        </ExtendedData>
        <Point>
          <coordinates>-97.93,29.01389</coordinates>
        </Point>
      </Placemark>
      <Placemark>
        <name>Gauge: Lake Creek above The Woodlands</name>
        <description>Observed: 121.67 ft (no flooding)
Source: NOAA NWPS · https://water.noaa.gov/gauges/FCWT2
Updated: 2026-07-26T12:45:00Z</description>
        <styleUrl>#mk-ff818789-small</styleUrl>
        <ExtendedData>
          <Data name="folder">
            <value>Gauges (NOAA NWPS)</value>
          </Data>
          <Data name="source">
            <value>NOAA NWPS · https://water.noaa.gov/gauges/FCWT2</value>
          </Data>
          <Data name="updated">
            <value>2026-07-26T12:45:00Z</value>
          </Data>
        </ExtendedData>
        <Point>
          <coordinates>-95.56361,30.25833</coordinates>
        </Point>
      </Placemark>
      <Placemark>
        <name>Gauge: North Texas Lakes at Richland-Chambers Lake</name>
        <description>Observed: 314.07 ft (no flooding)
Source: NOAA NWPS · https://water.noaa.gov/gauges/FFLT2
Updated: 2026-07-26T12:45:00Z</description>
        <styleUrl>#mk-ff818789-small</styleUrl>
        <ExtendedData>
          <Data name="folder">
            <value>Gauges (NOAA NWPS)</value>
          </Data>
          <Data name="source">
            <value>NOAA NWPS · https://water.noaa.gov/gauges/FFLT2</value>
          </Data>
          <Data name="updated">
            <value>2026-07-26T12:45:00Z</value>
          </Data>
        </ExtendedData>
        <Point>
          <coordinates>-96.20639,32.04028</coordinates>
        </Point>
      </Placemark>
      <Placemark>
        <name>Gauge: Frio River at at Leakey</name>
        <description>Observed: 5.45 ft (no flooding)
Source: NOAA NWPS · https://water.noaa.gov/gauges/FILT2
Updated: 2026-07-26T12:45:00Z</description>
        <styleUrl>#mk-ff818789-small</styleUrl>
        <ExtendedData>
          <Data name="folder">
            <value>Gauges (NOAA NWPS)</value>
          </Data>
          <Data name="source">
            <value>NOAA NWPS · https://water.noaa.gov/gauges/FILT2</value>
          </Data>
          <Data name="updated">
            <value>2026-07-26T12:45:00Z</value>
          </Data>
        </ExtendedData>
        <Point>
          <coordinates>-99.75333,29.72278</coordinates>
        </Point>
      </Placemark>
      <Placemark>
        <name>Gauge: Blue River (OK) near Franks</name>
        <description>Observed: 3.82 ft (no flooding)
Source: NOAA NWPS · https://water.noaa.gov/gauges/FKBO2
Updated: 2026-07-26T12:30:00Z</description>
        <styleUrl>#mk-ff818789-small</styleUrl>
        <ExtendedData>
          <Data name="folder">
            <value>Gauges (NOAA NWPS)</value>
          </Data>
          <Data name="source">
            <value>NOAA NWPS · https://water.noaa.gov/gauges/FKBO2</value>
          </Data>
          <Data name="updated">
            <value>2026-07-26T12:30:00Z</value>
          </Data>
        </ExtendedData>
        <Point>
          <coordinates>-96.6989,34.57815</coordinates>
        </Point>
      </Placemark>
      <Placemark>
        <name>Gauge: Red River at Fulton</name>
        <description>Observed: -0.89 ft (no flooding)
Forecast: -1 ft (no_flooding) at 2026-07-26T18:00:00Z
Source: NOAA NWPS · https://water.noaa.gov/gauges/FLTA4
Updated: 2026-07-26T12:15:00Z</description>
        <styleUrl>#mk-ff818789-small</styleUrl>
        <ExtendedData>
          <Data name="folder">
            <value>Gauges (NOAA NWPS)</value>
          </Data>
          <Data name="source">
            <value>NOAA NWPS · https://water.noaa.gov/gauges/FLTA4</value>
          </Data>
          <Data name="updated">
            <value>2026-07-26T12:15:00Z</value>
          </Data>
        </ExtendedData>
        <Point>
          <coordinates>-93.8138,33.6073</coordinates>
        </Point>
      </Placemark>
      <Placemark>
        <name>Gauge: San Antonio River near Floresville</name>
        <description>Observed: 4.17 ft (no flooding)
Source: NOAA NWPS · https://water.noaa.gov/gauges/FLVT2
Updated: 2026-07-26T13:00:00Z</description>
        <styleUrl>#mk-ff818789-small</styleUrl>
        <ExtendedData>
          <Data name="folder">
            <value>Gauges (NOAA NWPS)</value>
          </Data>
          <Data name="source">
            <value>NOAA NWPS · https://water.noaa.gov/gauges/FLVT2</value>
          </Data>
          <Data name="updated">
            <value>2026-07-26T13:00:00Z</value>
          </Data>
        </ExtendedData>
        <Point>
          <coordinates>-98.17444,29.11</coordinates>
        </Point>
      </Placemark>
      <Placemark>
        <name>Gauge: North Texas Lakes at Lake Worth</name>
        <description>Observed: 592.39 ft (no flooding)
Source: NOAA NWPS · https://water.noaa.gov/gauges/FLWT2
Updated: 2026-07-26T12:00:00Z</description>
        <styleUrl>#mk-ff818789-small</styleUrl>
        <ExtendedData>
          <Data name="folder">
            <value>Gauges (NOAA NWPS)</value>
          </Data>
          <Data name="source">
            <value>NOAA NWPS · https://water.noaa.gov/gauges/FLWT2</value>
          </Data>
          <Data name="updated">
            <value>2026-07-26T12:00:00Z</value>
          </Data>
        </ExtendedData>
        <Point>
          <coordinates>-97.41611,32.78917</coordinates>
        </Point>
      </Placemark>
      <Placemark>
        <name>Gauge: Berry Creek near Florence, TX</name>
        <description>Observed: 6.97 ft (no flooding)
Source: NOAA NWPS · https://water.noaa.gov/gauges/FMFT2
Updated: 2026-07-26T12:50:00Z</description>
        <styleUrl>#mk-ff818789-small</styleUrl>
        <ExtendedData>
          <Data name="folder">
            <value>Gauges (NOAA NWPS)</value>
          </Data>
          <Data name="source">
            <value>NOAA NWPS · https://water.noaa.gov/gauges/FMFT2</value>
          </Data>
          <Data name="updated">
            <value>2026-07-26T12:50:00Z</value>
          </Data>
        </ExtendedData>
        <Point>
          <coordinates>-97.826,30.8106</coordinates>
        </Point>
      </Placemark>
      <Placemark>
        <name>Gauge: Washita River at Foss Reservoir</name>
        <description>Observed: 1639.56 ft (no flooding)
Source: NOAA NWPS · https://water.noaa.gov/gauges/FOSO2
Updated: 2026-07-26T13:00:00Z</description>
        <styleUrl>#mk-ff818789-small</styleUrl>
        <ExtendedData>
          <Data name="folder">
            <value>Gauges (NOAA NWPS)</value>
          </Data>
          <Data name="source">
            <value>NOAA NWPS · https://water.noaa.gov/gauges/FOSO2</value>
          </Data>
          <Data name="updated">
            <value>2026-07-26T13:00:00Z</value>
          </Data>
        </ExtendedData>
        <Point>
          <coordinates>-99.1862,35.53894</coordinates>
        </Point>
      </Placemark>
      <Placemark>
        <name>Gauge: Tide Station (HGX) at Freeport</name>
        <description>Observed: 2.19 ft (no flooding)
Forecast: 1.69 ft (fcst_not_current) at 2026-07-27T10:00:00Z
Source: NOAA NWPS · https://water.noaa.gov/gauges/FPST2
Updated: 2026-07-26T12:54:00Z</description>
        <styleUrl>#mk-ff818789-small</styleUrl>
        <ExtendedData>
          <Data name="folder">
            <value>Gauges (NOAA NWPS)</value>
          </Data>
          <Data name="source">
            <value>NOAA NWPS · https://water.noaa.gov/gauges/FPST2</value>
          </Data>
          <Data name="updated">
            <value>2026-07-26T12:54:00Z</value>
          </Data>
        </ExtendedData>
        <Point>
          <coordinates>-95.295,28.935</coordinates>
        </Point>
      </Placemark>
      <Placemark>
        <name>Gauge: Rio Grande near Fort Quitman</name>
        <description>Observed: 6.38 ft (no flooding)
Source: NOAA NWPS · https://water.noaa.gov/gauges/FQGT2
Updated: 2026-07-26T12:00:00Z</description>
        <styleUrl>#mk-ff818789-small</styleUrl>
        <ExtendedData>
          <Data name="folder">
            <value>Gauges (NOAA NWPS)</value>
          </Data>
          <Data name="source">
            <value>NOAA NWPS · https://water.noaa.gov/gauges/FQGT2</value>
          </Data>
          <Data name="updated">
            <value>2026-07-26T12:00:00Z</value>
          </Data>
        </ExtendedData>
        <Point>
          <coordinates>-105.60972,31.0875</coordinates>
        </Point>
      </Placemark>
      <Placemark>
        <name>Gauge: Pedernales River at Fredericksburg</name>
        <description>Observed: 8.13 ft (no flooding)
Source: NOAA NWPS · https://water.noaa.gov/gauges/FRBT2
Updated: 2026-07-26T13:00:00Z</description>
        <styleUrl>#mk-ff818789-small</styleUrl>
        <ExtendedData>
          <Data name="folder">
            <value>Gauges (NOAA NWPS)</value>
          </Data>
          <Data name="source">
            <value>NOAA NWPS · https://water.noaa.gov/gauges/FRBT2</value>
          </Data>
          <Data name="updated">
            <value>2026-07-26T13:00:00Z</value>
          </Data>
        </ExtendedData>
        <Point>
          <coordinates>-98.86944,30.22028</coordinates>
        </Point>
      </Placemark>
      <Placemark>
        <name>Gauge: North Texas Lakes at Lake Ray Hubbard</name>
        <description>Observed: 434.87 ft (no flooding)
Source: NOAA NWPS · https://water.noaa.gov/gauges/FRHT2
Updated: 2026-07-26T13:00:00Z</description>
        <styleUrl>#mk-ff818789-small</styleUrl>
        <ExtendedData>
          <Data name="folder">
            <value>Gauges (NOAA NWPS)</value>
          </Data>
          <Data name="source">
            <value>NOAA NWPS · https://water.noaa.gov/gauges/FRHT2</value>
          </Data>
          <Data name="updated">
            <value>2026-07-26T13:00:00Z</value>
          </Data>
        </ExtendedData>
        <Point>
          <coordinates>-96.49583,32.8</coordinates>
        </Point>
      </Placemark>
      <Placemark>
        <name>Gauge: Redgate Creek at Frelsburg</name>
        <description>Observed: 10.36 ft (no flooding)
Source: NOAA NWPS · https://water.noaa.gov/gauges/FRLT2
Updated: 2026-07-26T13:00:00Z</description>
        <styleUrl>#mk-ff818789-small</styleUrl>
        <ExtendedData>
          <Data name="folder">
            <value>Gauges (NOAA NWPS)</value>
          </Data>
          <Data name="source">
            <value>NOAA NWPS · https://water.noaa.gov/gauges/FRLT2</value>
          </Data>
          <Data name="updated">
            <value>2026-07-26T13:00:00Z</value>
          </Data>
        </ExtendedData>
        <Point>
          <coordinates>-96.53194,29.79889</coordinates>
        </Point>
      </Placemark>
      <Placemark>
        <name>Gauge: San Casimiro Creek near Freer</name>
        <description>Observed: 3.87 ft (no flooding)
Source: NOAA NWPS · https://water.noaa.gov/gauges/FRRT2
Updated: 2026-07-26T12:00:00Z</description>
        <styleUrl>#mk-ff818789-small</styleUrl>
        <ExtendedData>
          <Data name="folder">
            <value>Gauges (NOAA NWPS)</value>
          </Data>
          <Data name="source">
            <value>NOAA NWPS · https://water.noaa.gov/gauges/FRRT2</value>
          </Data>
          <Data name="updated">
            <value>2026-07-26T12:00:00Z</value>
          </Data>
        </ExtendedData>
        <Point>
          <coordinates>-98.96667,27.96472</coordinates>
        </Point>
      </Placemark>
      <Placemark>
        <name>Gauge: Muddy Boggy Creek near Farris</name>
        <description>Observed: 7.04 ft (no flooding)
Source: NOAA NWPS · https://water.noaa.gov/gauges/FRSO2
Updated: 2026-07-26T12:30:00Z</description>
        <styleUrl>#mk-ff818789-small</styleUrl>
        <ExtendedData>
          <Data name="folder">
            <value>Gauges (NOAA NWPS)</value>
          </Data>
          <Data name="source">
            <value>NOAA NWPS · https://water.noaa.gov/gauges/FRSO2</value>
          </Data>
          <Data name="updated">
            <value>2026-07-26T12:30:00Z</value>
          </Data>
        </ExtendedData>
        <Point>
          <coordinates>-95.91221,34.27148</coordinates>
        </Point>
      </Placemark>
      <Placemark>
        <name>Gauge: Cobb Creek at Fort Cobb Lake</name>
        <description>Observed: 1340.83 ft (no flooding)
Source: NOAA NWPS · https://water.noaa.gov/gauges/FTCO2
Updated: 2026-07-26T13:00:00Z</description>
        <styleUrl>#mk-ff818789-small</styleUrl>
        <ExtendedData>
          <Data name="folder">
            <value>Gauges (NOAA NWPS)</value>
          </Data>
          <Data name="source">
            <value>NOAA NWPS · https://water.noaa.gov/gauges/FTCO2</value>
          </Data>
          <Data name="updated">
            <value>2026-07-26T13:00:00Z</value>
          </Data>
        </ExtendedData>
        <Point>
          <coordinates>-98.45673,35.15787</coordinates>
        </Point>
      </Placemark>
      <Placemark>
        <name>Gauge: Black Bear Creek (SC OK) at Lake Fuqua</name>
        <description>Observed: 1076.75 ft (no flooding)
Source: NOAA NWPS · https://water.noaa.gov/gauges/FUQO2
Updated: 2026-07-26T12:00:00Z</description>
        <styleUrl>#mk-ff818789-small</styleUrl>
        <ExtendedData>
          <Data name="folder">
            <value>Gauges (NOAA NWPS)</value>
          </Data>
          <Data name="source">
            <value>NOAA NWPS · https://water.noaa.gov/gauges/FUQO2</value>
          </Data>
          <Data name="updated">
            <value>2026-07-26T12:00:00Z</value>
          </Data>
        </ExtendedData>
        <Point>
          <coordinates>-97.67103,34.59972</coordinates>
        </Point>
      </Placemark>
      <Placemark>
        <name>Gauge: Wolf Creek near Fort Supply</name>
        <description>Observed: 7.67 ft (no flooding)
Source: NOAA NWPS · https://water.noaa.gov/gauges/FWCO2
Updated: 2026-07-26T12:00:00Z</description>
        <styleUrl>#mk-ff818789-small</styleUrl>
        <ExtendedData>
          <Data name="folder">
            <value>Gauges (NOAA NWPS)</value>
          </Data>
          <Data name="source">
            <value>NOAA NWPS · https://water.noaa.gov/gauges/FWCO2</value>
          </Data>
          <Data name="updated">
            <value>2026-07-26T12:00:00Z</value>
          </Data>
        </ExtendedData>
        <Point>
          <coordinates>-99.58861,36.44944</coordinates>
        </Point>
      </Placemark>
      <Placemark>
        <name>Gauge: Clear Fork Trinity River at Fort Worth</name>
        <description>Observed: 8.28 ft (no flooding)
Source: NOAA NWPS · https://water.noaa.gov/gauges/FWHT2
Updated: 2026-07-26T12:30:00Z</description>
        <styleUrl>#mk-ff818789-small</styleUrl>
        <ExtendedData>
          <Data name="folder">
            <value>Gauges (NOAA NWPS)</value>
          </Data>
          <Data name="source">
            <value>NOAA NWPS · https://water.noaa.gov/gauges/FWHT2</value>
          </Data>
          <Data name="updated">
            <value>2026-07-26T12:30:00Z</value>
          </Data>
        </ExtendedData>
        <Point>
          <coordinates>-97.35861,32.73222</coordinates>
        </Point>
      </Placemark>
      <Placemark>
        <name>Gauge: West Fork Trinity River at Fort Worth</name>
        <description>Observed: 0.61 ft (no flooding)
Source: NOAA NWPS · https://water.noaa.gov/gauges/FWOT2
Updated: 2026-07-26T12:15:00Z</description>
        <styleUrl>#mk-ff818789-small</styleUrl>
        <ExtendedData>
          <Data name="folder">
            <value>Gauges (NOAA NWPS)</value>
          </Data>
          <Data name="source">
            <value>NOAA NWPS · https://water.noaa.gov/gauges/FWOT2</value>
          </Data>
          <Data name="updated">
            <value>2026-07-26T12:15:00Z</value>
          </Data>
        </ExtendedData>
        <Point>
          <coordinates>-97.33222,32.76083</coordinates>
        </Point>
      </Placemark>
      <Placemark>
        <name>Gauge: White River near Fayetteville</name>
        <description>Observed: 1.47 ft (no flooding)
Source: NOAA NWPS · https://water.noaa.gov/gauges/FYGA4
Updated: 2026-07-26T12:00:00Z</description>
        <styleUrl>#mk-ff818789-small</styleUrl>
        <ExtendedData>
          <Data name="folder">
            <value>Gauges (NOAA NWPS)</value>
          </Data>
          <Data name="source">
            <value>NOAA NWPS · https://water.noaa.gov/gauges/FYGA4</value>
          </Data>
          <Data name="updated">
            <value>2026-07-26T12:00:00Z</value>
          </Data>
        </ExtendedData>
        <Point>
          <coordinates>-94.08111,36.07306</coordinates>
        </Point>
      </Placemark>
      <Placemark>
        <name>Gauge: Leon River at Gatesville</name>
        <description>Observed: 2.81 ft (no flooding)
Source: NOAA NWPS · https://water.noaa.gov/gauges/GAST2
Updated: 2026-07-26T12:45:00Z</description>
        <styleUrl>#mk-ff818789-small</styleUrl>
        <ExtendedData>
          <Data name="folder">
            <value>Gauges (NOAA NWPS)</value>
          </Data>
          <Data name="source">
            <value>NOAA NWPS · https://water.noaa.gov/gauges/GAST2</value>
          </Data>
          <Data name="updated">
            <value>2026-07-26T12:45:00Z</value>
          </Data>
        </ExtendedData>
        <Point>
          <coordinates>-97.75833,31.43472</coordinates>
        </Point>
      </Placemark>
      <Placemark>
        <name>Gauge: Wolf Creek near Gage</name>
        <description>Observed: 5.3 ft (no flooding)
Source: NOAA NWPS · https://water.noaa.gov/gauges/GAWO2
Updated: 2026-07-26T12:45:00Z</description>
        <styleUrl>#mk-ff818789-small</styleUrl>
        <ExtendedData>
          <Data name="folder">
            <value>Gauges (NOAA NWPS)</value>
          </Data>
          <Data name="source">
            <value>NOAA NWPS · https://water.noaa.gov/gauges/GAWO2</value>
          </Data>
          <Data name="updated">
            <value>2026-07-26T12:45:00Z</value>
          </Data>
        </ExtendedData>
        <Point>
          <coordinates>-99.76111,36.32667</coordinates>
        </Point>
      </Placemark>
      <Placemark>
        <name>Gauge: Guadalupe River below Comal</name>
        <description>Observed: 9.72 ft (no flooding)
Forecast: 9.7 ft (no_flooding) at 2026-07-26T14:00:00Z
Source: NOAA NWPS · https://water.noaa.gov/gauges/GBCT2
Updated: 2026-07-26T12:00:00Z</description>
        <styleUrl>#mk-ff818789-small</styleUrl>
        <ExtendedData>
          <Data name="folder">
            <value>Gauges (NOAA NWPS)</value>
          </Data>
          <Data name="source">
            <value>NOAA NWPS · https://water.noaa.gov/gauges/GBCT2</value>
          </Data>
          <Data name="updated">
            <value>2026-07-26T12:00:00Z</value>
          </Data>
        </ExtendedData>
        <Point>
          <coordinates>-98.10639,29.69778</coordinates>
        </Point>
      </Placemark>
      <Placemark>
        <name>Gauge: Greens Bayou at Houston</name>
        <description>Observed: 39.47 ft (no flooding)
Source: NOAA NWPS · https://water.noaa.gov/gauges/GBHT2
Updated: 2026-07-26T12:30:00Z</description>
        <styleUrl>#mk-ff818789-small</styleUrl>
        <ExtendedData>
          <Data name="folder">
            <value>Gauges (NOAA NWPS)</value>
          </Data>
          <Data name="source">
            <value>NOAA NWPS · https://water.noaa.gov/gauges/GBHT2</value>
          </Data>
          <Data name="updated">
            <value>2026-07-26T12:30:00Z</value>
          </Data>
        </ExtendedData>
        <Point>
          <coordinates>-95.30667,29.91806</coordinates>
        </Point>
      </Placemark>
      <Placemark>
        <name>Gauge: Greens Bayou near Houston</name>
        <description>Observed: 2.09 ft (no flooding)
Source: NOAA NWPS · https://water.noaa.gov/gauges/GBLT2
Updated: 2026-07-26T12:45:00Z</description>
        <styleUrl>#mk-ff818789-small</styleUrl>
        <ExtendedData>
          <Data name="folder">
            <value>Gauges (NOAA NWPS)</value>
          </Data>
          <Data name="source">
            <value>NOAA NWPS · https://water.noaa.gov/gauges/GBLT2</value>
          </Data>
          <Data name="updated">
            <value>2026-07-26T12:45:00Z</value>
          </Data>
        </ExtendedData>
        <Point>
          <coordinates>-95.23306,29.83694</coordinates>
        </Point>
      </Placemark>
      <Placemark>
        <name>Gauge: North Texas Lakes at Lake Granbury</name>
        <description>Observed: 691.76 ft (no flooding)
Source: NOAA NWPS · https://water.noaa.gov/gauges/GBYT2
Updated: 2026-07-26T12:50:00Z</description>
        <styleUrl>#mk-ff818789-small</styleUrl>
        <ExtendedData>
          <Data name="folder">
            <value>Gauges (NOAA NWPS)</value>
          </Data>
          <Data name="source">
            <value>NOAA NWPS · https://water.noaa.gov/gauges/GBYT2</value>
          </Data>
          <Data name="updated">
            <value>2026-07-26T12:50:00Z</value>
          </Data>
        </ExtendedData>
        <Point>
          <coordinates>-97.68889,32.37417</coordinates>
        </Point>
      </Placemark>
      <Placemark>
        <name>Gauge: Culebra Creek at GCSNA near Helotes</name>
        <description>Observed: 0.17 ft (no flooding)
Source: NOAA NWPS · https://water.noaa.gov/gauges/GCCT2
Updated: 2026-07-26T12:15:00Z</description>
        <styleUrl>#mk-ff818789-small</styleUrl>
        <ExtendedData>
          <Data name="folder">
            <value>Gauges (NOAA NWPS)</value>
          </Data>
          <Data name="source">
            <value>NOAA NWPS · https://water.noaa.gov/gauges/GCCT2</value>
          </Data>
          <Data name="updated">
            <value>2026-07-26T12:15:00Z</value>
          </Data>
        </ExtendedData>
        <Point>
          <coordinates>-98.75139,29.53917</coordinates>
        </Point>
      </Placemark>
      <Placemark>
        <name>Gauge: Geronimo Creek near Seguin 2NE</name>
        <description>Observed: 3.85 ft (no flooding)
Source: NOAA NWPS · https://water.noaa.gov/gauges/GCST2
Updated: 2026-07-26T12:00:00Z</description>
        <styleUrl>#mk-ff818789-small</styleUrl>
        <ExtendedData>
          <Data name="folder">
            <value>Gauges (NOAA NWPS)</value>
          </Data>
          <Data name="source">
            <value>NOAA NWPS · https://water.noaa.gov/gauges/GCST2</value>
          </Data>
          <Data name="updated">
            <value>2026-07-26T12:00:00Z</value>
          </Data>
        </ExtendedData>
        <Point>
          <coordinates>-97.9347,29.5905</coordinates>
        </Point>
      </Placemark>
      <Placemark>
        <name>Gauge: Guadalupe River near Centerpoint</name>
        <description>Observed: 5.17 ft (no flooding)
Source: NOAA NWPS · https://water.noaa.gov/gauges/GCTT2
Updated: 2026-07-26T12:55:00Z</description>
        <styleUrl>#mk-ff818789-small</styleUrl>
        <ExtendedData>
          <Data name="folder">
            <value>Gauges (NOAA NWPS)</value>
          </Data>
          <Data name="source">
            <value>NOAA NWPS · https://water.noaa.gov/gauges/GCTT2</value>
          </Data>
          <Data name="updated">
            <value>2026-07-26T12:55:00Z</value>
          </Data>
        </ExtendedData>
        <Point>
          <coordinates>-99.11,29.98778</coordinates>
        </Point>
      </Placemark>
      <Placemark>
        <name>Gauge: Guadalupe River at Hwy 183 near Hochheim</name>
        <description>Observed: 6.75 ft (no flooding)
Source: NOAA NWPS · https://water.noaa.gov/gauges/GDHT2
Updated: 2026-07-26T11:00:00Z</description>
        <styleUrl>#mk-ff818789-small</styleUrl>
        <ExtendedData>
          <Data name="folder">
            <value>Gauges (NOAA NWPS)</value>
          </Data>
          <Data name="source">
            <value>NOAA NWPS · https://water.noaa.gov/gauges/GDHT2</value>
          </Data>
          <Data name="updated">
            <value>2026-07-26T11:00:00Z</value>
          </Data>
        </ExtendedData>
        <Point>
          <coordinates>-97.30333,29.31444</coordinates>
        </Point>
      </Placemark>
      <Placemark>
        <name>Gauge: Sabine River near Gladewater</name>
        <description>Observed: 5 ft (no flooding)
Source: NOAA NWPS · https://water.noaa.gov/gauges/GDWT2
Updated: 2026-07-26T12:15:00Z</description>
        <styleUrl>#mk-ff818789-small</styleUrl>
        <ExtendedData>
          <Data name="folder">
            <value>Gauges (NOAA NWPS)</value>
          </Data>
          <Data name="source">
            <value>NOAA NWPS · https://water.noaa.gov/gauges/GDWT2</value>
          </Data>
          <Data name="updated">
            <value>2026-07-26T12:15:00Z</value>
          </Data>
        </ExtendedData>
        <Point>
          <coordinates>-94.96,32.52694</coordinates>
        </Point>
      </Placemark>
      <Placemark>
        <name>Gauge: North Fork of the San Gabriel River near Georgetown</name>
        <description>Observed: 4.35 ft (no flooding)
Source: NOAA NWPS · https://water.noaa.gov/gauges/GERT2
Updated: 2026-07-26T12:15:00Z</description>
        <styleUrl>#mk-ff818789-small</styleUrl>
        <ExtendedData>
          <Data name="folder">
            <value>Gauges (NOAA NWPS)</value>
          </Data>
          <Data name="source">
            <value>NOAA NWPS · https://water.noaa.gov/gauges/GERT2</value>
          </Data>
          <Data name="updated">
            <value>2026-07-26T12:15:00Z</value>
          </Data>
        </ExtendedData>
        <Point>
          <coordinates>-97.71111,30.66167</coordinates>
        </Point>
      </Placemark>
      <Placemark>
        <name>Gauge: San Gabriel River at Georgetown South Fork</name>
        <description>Observed: 2.27 ft (no flooding)
Source: NOAA NWPS · https://water.noaa.gov/gauges/GETT2
Updated: 2026-07-26T13:00:00Z</description>
        <styleUrl>#mk-ff818789-small</styleUrl>
        <ExtendedData>
          <Data name="folder">
            <value>Gauges (NOAA NWPS)</value>
          </Data>
          <Data name="source">
            <value>NOAA NWPS · https://water.noaa.gov/gauges/GETT2</value>
          </Data>
          <Data name="updated">
            <value>2026-07-26T13:00:00Z</value>
          </Data>
        </ExtendedData>
        <Point>
          <coordinates>-97.69083,30.62556</coordinates>
        </Point>
      </Placemark>
      <Placemark>
        <name>Gauge: San Gabriel River at Lake Georgetown</name>
        <description>Observed: 791.99 ft (no flooding)
Source: NOAA NWPS · https://water.noaa.gov/gauges/GGLT2
Updated: 2026-07-26T12:00:00Z</description>
        <styleUrl>#mk-ff818789-small</styleUrl>
        <ExtendedData>
          <Data name="folder">
            <value>Gauges (NOAA NWPS)</value>
          </Data>
          <Data name="source">
            <value>NOAA NWPS · https://water.noaa.gov/gauges/GGLT2</value>
          </Data>
          <Data name="updated">
            <value>2026-07-26T12:00:00Z</value>
          </Data>
        </ExtendedData>
        <Point>
          <coordinates>-97.72722,30.6675</coordinates>
        </Point>
      </Placemark>
      <Placemark>
        <name>Gauge: Eastern Oklahoma Lakes at Ft. Gibson Lake</name>
        <description>Observed: 553.65 ft (no flooding)
Source: NOAA NWPS · https://water.noaa.gov/gauges/GIBO2
Updated: 2026-07-26T12:30:00Z</description>
        <styleUrl>#mk-ff818789-small</styleUrl>
        <ExtendedData>
          <Data name="folder">
            <value>Gauges (NOAA NWPS)</value>
          </Data>
          <Data name="source">
            <value>NOAA NWPS · https://water.noaa.gov/gauges/GIBO2</value>
          </Data>
          <Data name="updated">
            <value>2026-07-26T12:30:00Z</value>
          </Data>
        </ExtendedData>
        <Point>
          <coordinates>-95.22861,35.87111</coordinates>
        </Point>
      </Placemark>
      <Placemark>
        <name>Gauge: Pecos River 3 miles NNW of Girvin</name>
        <description>Observed: 1.04 ft (no flooding)
Source: NOAA NWPS · https://water.noaa.gov/gauges/GIVT2
Updated: 2026-07-26T12:00:00Z</description>
        <styleUrl>#mk-ff818789-small</styleUrl>
        <ExtendedData>
          <Data name="folder">
            <value>Gauges (NOAA NWPS)</value>
          </Data>
          <Data name="source">
            <value>NOAA NWPS · https://water.noaa.gov/gauges/GIVT2</value>
          </Data>
          <Data name="updated">
            <value>2026-07-26T12:00:00Z</value>
          </Data>
        </ExtendedData>
        <Point>
          <coordinates>-102.41764,31.1132</coordinates>
        </Point>
      </Placemark>
      <Placemark>
        <name>Gauge: San Antonio River at Goliad</name>
        <description>Observed: 5.91 ft (no flooding)
Source: NOAA NWPS · https://water.noaa.gov/gauges/GLIT2
Updated: 2026-07-26T12:00:00Z</description>
        <styleUrl>#mk-ff818789-small</styleUrl>
        <ExtendedData>
          <Data name="folder">
            <value>Gauges (NOAA NWPS)</value>
          </Data>
          <Data name="source">
            <value>NOAA NWPS · https://water.noaa.gov/gauges/GLIT2</value>
          </Data>
          <Data name="updated">
            <value>2026-07-26T12:00:00Z</value>
          </Data>
        </ExtendedData>
        <Point>
          <coordinates>-97.38472,28.64917</coordinates>
        </Point>
      </Placemark>
      <Placemark>
        <name>Gauge: Elm Fork Trinity River at Gainesville</name>
        <description>Observed: 1.16 ft (no flooding)
Source: NOAA NWPS · https://water.noaa.gov/gauges/GLLT2
Updated: 2026-07-26T12:15:00Z</description>
        <styleUrl>#mk-ff818789-small</styleUrl>
        <ExtendedData>
          <Data name="folder">
            <value>Gauges (NOAA NWPS)</value>
          </Data>
          <Data name="source">
            <value>NOAA NWPS · https://water.noaa.gov/gauges/GLLT2</value>
          </Data>
          <Data name="updated">
            <value>2026-07-26T12:15:00Z</value>
          </Data>
        </ExtendedData>
        <Point>
          <coordinates>-97.15611,33.62417</coordinates>
        </Point>
      </Placemark>
      <Placemark>
        <name>Gauge: Glover River at Glover</name>
        <description>Observed: 2.55 ft (no flooding)
Forecast: 2.5 ft (no_flooding) at 2026-07-26T18:00:00Z
Source: NOAA NWPS · https://water.noaa.gov/gauges/GLOO2
Updated: 2026-07-26T12:30:00Z</description>
        <styleUrl>#mk-ff818789-small</styleUrl>
        <ExtendedData>
          <Data name="folder">
            <value>Gauges (NOAA NWPS)</value>
          </Data>
          <Data name="source">
            <value>NOAA NWPS · https://water.noaa.gov/gauges/GLOO2</value>
          </Data>
          <Data name="updated">
            <value>2026-07-26T12:30:00Z</value>
          </Data>
        </ExtendedData>
        <Point>
          <coordinates>-94.90194,34.0975</coordinates>
        </Point>
      </Placemark>
      <Placemark>
        <name>Gauge: Brazos River near Glen Rose</name>
        <description>Observed: 4.06 ft (no flooding)
Source: NOAA NWPS · https://water.noaa.gov/gauges/GLRT2
Updated: 2026-07-26T12:00:00Z</description>
        <styleUrl>#mk-ff818789-small</styleUrl>
        <ExtendedData>
          <Data name="folder">
            <value>Gauges (NOAA NWPS)</value>
          </Data>
          <Data name="source">
            <value>NOAA NWPS · https://water.noaa.gov/gauges/GLRT2</value>
          </Data>
          <Data name="updated">
            <value>2026-07-26T12:00:00Z</value>
          </Data>
        </ExtendedData>
        <Point>
          <coordinates>-97.70222,32.25889</coordinates>
        </Point>
      </Placemark>
      <Placemark>
        <name>Gauge: Gail Creek at FM 1280 near Lovelady</name>
        <description>Observed: 183.12 ft (no flooding)
Source: NOAA NWPS · https://water.noaa.gov/gauges/GLYT2
Updated: 2026-07-26T12:45:00Z</description>
        <styleUrl>#mk-ff818789-small</styleUrl>
        <ExtendedData>
          <Data name="folder">
            <value>Gauges (NOAA NWPS)</value>
          </Data>
          <Data name="source">
            <value>NOAA NWPS · https://water.noaa.gov/gauges/GLYT2</value>
          </Data>
          <Data name="updated">
            <value>2026-07-26T12:45:00Z</value>
          </Data>
        </ExtendedData>
        <Point>
          <coordinates>-95.4073,31.1373</coordinates>
        </Point>
      </Placemark>
      <Placemark>
        <name>Gauge: Deer Creek (OK) at Grama Lake near Meers</name>
        <description>Observed: no reading (no flooding)
Source: NOAA NWPS · https://water.noaa.gov/gauges/GMDO2
Updated: 0001-01-01T00:00:00Z</description>
        <styleUrl>#mk-ff818789-small</styleUrl>
        <ExtendedData>
          <Data name="folder">
            <value>Gauges (NOAA NWPS)</value>
          </Data>
          <Data name="source">
            <value>NOAA NWPS · https://water.noaa.gov/gauges/GMDO2</value>
          </Data>
          <Data name="updated">
            <value>0001-01-01T00:00:00Z</value>
          </Data>
        </ExtendedData>
        <Point>
          <coordinates>-98.73666,34.77237</coordinates>
        </Point>
      </Placemark>
      <Placemark>
        <name>Gauge: Goose Creek near McNair</name>
        <description>Observed: 15.36 ft (no flooding)
Source: NOAA NWPS · https://water.noaa.gov/gauges/GMKT2
Updated: 2026-07-26T12:45:00Z</description>
        <styleUrl>#mk-ff818789-small</styleUrl>
        <ExtendedData>
          <Data name="folder">
            <value>Gauges (NOAA NWPS)</value>
          </Data>
          <Data name="source">
            <value>NOAA NWPS · https://water.noaa.gov/gauges/GMKT2</value>
          </Data>
          <Data name="updated">
            <value>2026-07-26T12:45:00Z</value>
          </Data>
        </ExtendedData>
        <Point>
          <coordinates>-95.0047,29.8014</coordinates>
        </Point>
      </Placemark>
      <Placemark>
        <name>Gauge: West Mustang Creek near Ganado</name>
        <description>Observed: 5.13 ft (no flooding)
Source: NOAA NWPS · https://water.noaa.gov/gauges/GNDT2
Updated: 2026-07-26T12:45:00Z</description>
        <styleUrl>#mk-ff818789-small</styleUrl>
        <ExtendedData>
          <Data name="folder">
            <value>Gauges (NOAA NWPS)</value>
          </Data>
          <Data name="source">
            <value>NOAA NWPS · https://water.noaa.gov/gauges/GNDT2</value>
          </Data>
          <Data name="updated">
            <value>2026-07-26T12:45:00Z</value>
          </Data>
        </ExtendedData>
        <Point>
          <coordinates>-96.46694,29.07139</coordinates>
        </Point>
      </Placemark>
      <Placemark>
        <name>Gauge: San Gabriel River at Granger Lake</name>
        <description>Observed: 505.9 ft (no flooding)
Source: NOAA NWPS · https://water.noaa.gov/gauges/GNGT2
Updated: 2026-07-26T12:00:00Z</description>
        <styleUrl>#mk-ff818789-small</styleUrl>
        <ExtendedData>
          <Data name="folder">
            <value>Gauges (NOAA NWPS)</value>
          </Data>
          <Data name="source">
            <value>NOAA NWPS · https://water.noaa.gov/gauges/GNGT2</value>
          </Data>
          <Data name="updated">
            <value>2026-07-26T12:00:00Z</value>
          </Data>
        </ExtendedData>
        <Point>
          <coordinates>-97.32611,30.69278</coordinates>
        </Point>
      </Placemark>
      <Placemark>
        <name>Gauge: Tide Station (HGX) at Galveston Bay Entrance North Jetty</name>
        <description>Observed: 2.22 ft (no flooding)
Forecast: 1.75 ft (fcst_not_current) at 2026-07-27T11:00:00Z
Source: NOAA NWPS · https://water.noaa.gov/gauges/GNJT2
Updated: 2026-07-26T12:54:00Z</description>
        <styleUrl>#mk-ff818789-small</styleUrl>
        <ExtendedData>
          <Data name="folder">
            <value>Gauges (NOAA NWPS)</value>
          </Data>
          <Data name="source">
            <value>NOAA NWPS · https://water.noaa.gov/gauges/GNJT2</value>
          </Data>
          <Data name="updated">
            <value>2026-07-26T12:54:00Z</value>
          </Data>
        </ExtendedData>
        <Point>
          <coordinates>-94.725,29.3583</coordinates>
        </Point>
      </Placemark>
      <Placemark>
        <name>Gauge: Guadalupe River at Gonzales</name>
        <description>Observed: 11.96 ft (no flooding)
Forecast: 12 ft (no_flooding) at 2026-07-26T15:00:00Z
Source: NOAA NWPS · https://water.noaa.gov/gauges/GNLT2
Updated: 2026-07-26T12:45:00Z</description>
        <styleUrl>#mk-ff818789-small</styleUrl>
        <ExtendedData>
          <Data name="folder">
            <value>Gauges (NOAA NWPS)</value>
          </Data>
          <Data name="source">
            <value>NOAA NWPS · https://water.noaa.gov/gauges/GNLT2</value>
          </Data>
          <Data name="updated">
            <value>2026-07-26T12:45:00Z</value>
          </Data>
        </ExtendedData>
        <Point>
          <coordinates>-97.44754,29.4843</coordinates>
        </Point>
      </Placemark>
      <Placemark>
        <name>Gauge: North Fork San Gabriel River at Ronald Reagan Blvd near Leander 8N</name>
        <description>Observed: 2.67 ft (no flooding)
Source: NOAA NWPS · https://water.noaa.gov/gauges/GNRT2
Updated: 2026-07-26T12:45:00Z</description>
        <styleUrl>#mk-ff818789-small</styleUrl>
        <ExtendedData>
          <Data name="folder">
            <value>Gauges (NOAA NWPS)</value>
          </Data>
          <Data name="source">
            <value>NOAA NWPS · https://water.noaa.gov/gauges/GNRT2</value>
          </Data>
          <Data name="updated">
            <value>2026-07-26T12:45:00Z</value>
          </Data>
        </ExtendedData>
        <Point>
          <coordinates>-97.84917,30.69778</coordinates>
        </Point>
      </Placemark>
      <Placemark>
        <name>Gauge: Giffin Springs 1 mile N of Toyahvale</name>
        <description>Observed: 4.42 ft (no flooding)
Source: NOAA NWPS · https://water.noaa.gov/gauges/GNST2
Updated: 2026-07-26T12:00:00Z</description>
        <styleUrl>#mk-ff818789-small</styleUrl>
        <ExtendedData>
          <Data name="folder">
            <value>Gauges (NOAA NWPS)</value>
          </Data>
          <Data name="source">
            <value>NOAA NWPS · https://water.noaa.gov/gauges/GNST2</value>
          </Data>
          <Data name="updated">
            <value>2026-07-26T12:00:00Z</value>
          </Data>
        </ExtendedData>
        <Point>
          <coordinates>-103.78988,30.94573</coordinates>
        </Point>
      </Placemark>
      <Placemark>
        <name>Gauge: Elm Fork of North Fork Red River near Granite</name>
        <description>Observed: 5.46 ft (no flooding)
Source: NOAA NWPS · https://water.noaa.gov/gauges/GNTO2
Updated: 2026-07-26T12:30:00Z</description>
        <styleUrl>#mk-ff818789-small</styleUrl>
        <ExtendedData>
          <Data name="folder">
            <value>Gauges (NOAA NWPS)</value>
          </Data>
          <Data name="source">
            <value>NOAA NWPS · https://water.noaa.gov/gauges/GNTO2</value>
          </Data>
          <Data name="updated">
            <value>2026-07-26T12:30:00Z</value>
          </Data>
        </ExtendedData>
        <Point>
          <coordinates>-99.37887,34.8886</coordinates>
        </Point>
      </Placemark>
      <Placemark>
        <name>Gauge: Cowleech Fork Sabine River at Greenville</name>
        <description>Observed: 4.76 ft (no flooding)
Source: NOAA NWPS · https://water.noaa.gov/gauges/GNVT2
Updated: 2026-07-26T12:45:00Z</description>
        <styleUrl>#mk-ff818789-small</styleUrl>
        <ExtendedData>
          <Data name="folder">
            <value>Gauges (NOAA NWPS)</value>
          </Data>
          <Data name="source">
            <value>NOAA NWPS · https://water.noaa.gov/gauges/GNVT2</value>
          </Data>
          <Data name="updated">
            <value>2026-07-26T12:45:00Z</value>
          </Data>
        </ExtendedData>
        <Point>
          <coordinates>-96.07667,33.13278</coordinates>
        </Point>
      </Placemark>
      <Placemark>
        <name>Gauge: Goode Branch at CR 773</name>
        <description>Observed: 1.45 ft (no flooding)
Source: NOAA NWPS · https://water.noaa.gov/gauges/GOBT2
Updated: 2026-07-26T13:00:00Z</description>
        <styleUrl>#mk-ff818789-small</styleUrl>
        <ExtendedData>
          <Data name="folder">
            <value>Gauges (NOAA NWPS)</value>
          </Data>
          <Data name="source">
            <value>NOAA NWPS · https://water.noaa.gov/gauges/GOBT2</value>
          </Data>
          <Data name="updated">
            <value>2026-07-26T13:00:00Z</value>
          </Data>
        </ExtendedData>
        <Point>
          <coordinates>-93.9732,30.43</coordinates>
        </Point>
      </Placemark>
      <Placemark>
        <name>Gauge: Mora River near Golondrinas</name>
        <description>Observed: 1.04 ft (no flooding)
Source: NOAA NWPS · https://water.noaa.gov/gauges/GOLN5
Updated: 2026-07-26T12:00:00Z</description>
        <styleUrl>#mk-ff818789-small</styleUrl>
        <ExtendedData>
          <Data name="folder">
            <value>Gauges (NOAA NWPS)</value>
          </Data>
          <Data name="source">
            <value>NOAA NWPS · https://water.noaa.gov/gauges/GOLN5</value>
          </Data>
          <Data name="updated">
            <value>2026-07-26T12:00:00Z</value>
          </Data>
        </ExtendedData>
        <Point>
          <coordinates>-105.16361,35.89083</coordinates>
        </Point>
      </Placemark>
      <Placemark>
        <name>Gauge: Illinois River (AR OK) at Gore</name>
        <description>Observed: 7.24 ft (no flooding)
Source: NOAA NWPS · https://water.noaa.gov/gauges/GORO2
Updated: 2026-07-26T12:30:00Z</description>
        <styleUrl>#mk-ff818789-small</styleUrl>
        <ExtendedData>
          <Data name="folder">
            <value>Gauges (NOAA NWPS)</value>
          </Data>
          <Data name="source">
            <value>NOAA NWPS · https://water.noaa.gov/gauges/GORO2</value>
          </Data>
          <Data name="updated">
            <value>2026-07-26T12:30:00Z</value>
          </Data>
        </ExtendedData>
        <Point>
          <coordinates>-95.06861,35.57306</coordinates>
        </Point>
      </Placemark>
      <Placemark>
        <name>Gauge: North Texas Lakes at Mountain Creek Lake</name>
        <description>Observed: 457.54 ft (no flooding)
Source: NOAA NWPS · https://water.noaa.gov/gauges/GPET2
Updated: 2026-07-26T12:45:00Z</description>
        <styleUrl>#mk-ff818789-small</styleUrl>
        <ExtendedData>
          <Data name="folder">
            <value>Gauges (NOAA NWPS)</value>
          </Data>
          <Data name="source">
            <value>NOAA NWPS · https://water.noaa.gov/gauges/GPET2</value>
          </Data>
          <Data name="updated">
            <value>2026-07-26T12:45:00Z</value>
          </Data>
        </ExtendedData>
        <Point>
          <coordinates>-96.94306,32.73194</coordinates>
        </Point>
      </Placemark>
      <Placemark>
        <name>Gauge: Colorado River (TX) at Lake LBJ</name>
        <description>Observed: 824.62 ft (no flooding)
Source: NOAA NWPS · https://water.noaa.gov/gauges/GPLT2
Updated: 2026-07-26T13:00:00Z</description>
        <styleUrl>#mk-ff818789-small</styleUrl>
        <ExtendedData>
          <Data name="folder">
            <value>Gauges (NOAA NWPS)</value>
          </Data>
          <Data name="source">
            <value>NOAA NWPS · https://water.noaa.gov/gauges/GPLT2</value>
          </Data>
          <Data name="updated">
            <value>2026-07-26T13:00:00Z</value>
          </Data>
        </ExtendedData>
        <Point>
          <coordinates>-98.33806,30.55583</coordinates>
        </Point>
      </Placemark>
      <Placemark>
        <name>Gauge: West Fork Trinity River at Grand Prairie</name>
        <description>Observed: 2.62 ft (no flooding)
Source: NOAA NWPS · https://water.noaa.gov/gauges/GPRT2
Updated: 2026-07-26T12:30:00Z</description>
        <styleUrl>#mk-ff818789-small</styleUrl>
        <ExtendedData>
          <Data name="folder">
            <value>Gauges (NOAA NWPS)</value>
          </Data>
          <Data name="source">
            <value>NOAA NWPS · https://water.noaa.gov/gauges/GPRT2</value>
          </Data>
          <Data name="updated">
            <value>2026-07-26T12:30:00Z</value>
          </Data>
        </ExtendedData>
        <Point>
          <coordinates>-96.99444,32.7625</coordinates>
        </Point>
      </Placemark>
      <Placemark>
        <name>Gauge: North Texas Lakes at Lake Grapevine</name>
        <description>Observed: 534.91 ft (no flooding)
Source: NOAA NWPS · https://water.noaa.gov/gauges/GPVT2
Updated: 2026-07-26T12:45:00Z</description>
        <styleUrl>#mk-ff818789-small</styleUrl>
        <ExtendedData>
          <Data name="folder">
            <value>Gauges (NOAA NWPS)</value>
          </Data>
          <Data name="source">
            <value>NOAA NWPS · https://water.noaa.gov/gauges/GPVT2</value>
          </Data>
          <Data name="updated">
            <value>2026-07-26T12:45:00Z</value>
          </Data>
        </ExtendedData>
        <Point>
          <coordinates>-97.05611,32.9725</coordinates>
        </Point>
      </Placemark>
      <Placemark>
        <name>Gauge: North Texas Lakes at Squaw Creek Reservoir</name>
        <description>Observed: 775.38 ft (no flooding)
Source: NOAA NWPS · https://water.noaa.gov/gauges/GQQT2
Updated: 2026-07-26T12:00:00Z</description>
        <styleUrl>#mk-ff818789-small</styleUrl>
        <ExtendedData>
          <Data name="folder">
            <value>Gauges (NOAA NWPS)</value>
          </Data>
          <Data name="source">
            <value>NOAA NWPS · https://water.noaa.gov/gauges/GQQT2</value>
          </Data>
          <Data name="updated">
            <value>2026-07-26T12:00:00Z</value>
          </Data>
        </ExtendedData>
        <Point>
          <coordinates>-97.78667,32.3</coordinates>
        </Point>
      </Placemark>
      <Placemark>
        <name>Gauge: Salt Fork of the Red River at Greenbelt Lake</name>
        <description>Observed: 2609.25 ft (no flooding)
Source: NOAA NWPS · https://water.noaa.gov/gauges/GRET2
Updated: 2026-07-26T12:30:00Z</description>
        <styleUrl>#mk-ff818789-small</styleUrl>
        <ExtendedData>
          <Data name="folder">
            <value>Gauges (NOAA NWPS)</value>
          </Data>
          <Data name="source">
            <value>NOAA NWPS · https://water.noaa.gov/gauges/GRET2</value>
          </Data>
          <Data name="updated">
            <value>2026-07-26T12:30:00Z</value>
          </Data>
        </ExtendedData>
        <Point>
          <coordinates>-100.89444,35.00056</coordinates>
        </Point>
      </Placemark>
      <Placemark>
        <name>Gauge: Guadalupe River above Bear Creek at Kerrville</name>
        <description>Observed: 4.2 ft (no flooding)
Source: NOAA NWPS · https://water.noaa.gov/gauges/GRHT2
Updated: 2026-07-26T12:50:00Z</description>
        <styleUrl>#mk-ff818789-small</styleUrl>
        <ExtendedData>
          <Data name="folder">
            <value>Gauges (NOAA NWPS)</value>
          </Data>
          <Data name="source">
            <value>NOAA NWPS · https://water.noaa.gov/gauges/GRHT2</value>
          </Data>
          <Data name="updated">
            <value>2026-07-26T12:50:00Z</value>
          </Data>
        </ExtendedData>
        <Point>
          <coordinates>-99.195,30.06944</coordinates>
        </Point>
      </Placemark>
      <Placemark>
        <name>Gauge: Trinity River near Goodrich</name>
        <description>Observed: 4.71 ft (no flooding)
Forecast: 4.8 ft (no_flooding) at 2026-07-26T18:00:00Z
Source: NOAA NWPS · https://water.noaa.gov/gauges/GRIT2
Updated: 2026-07-26T12:45:00Z</description>
        <styleUrl>#mk-ff818789-small</styleUrl>
        <ExtendedData>
          <Data name="folder">
            <value>Gauges (NOAA NWPS)</value>
          </Data>
          <Data name="source">
            <value>NOAA NWPS · https://water.noaa.gov/gauges/GRIT2</value>
          </Data>
          <Data name="updated">
            <value>2026-07-26T12:45:00Z</value>
          </Data>
        </ExtendedData>
        <Point>
          <coordinates>-94.94861,30.57194</coordinates>
        </Point>
      </Placemark>
      <Placemark>
        <name>Gauge: Paluxy River at Glen Rose</name>
        <description>Observed: 1.76 ft (no flooding)
Source: NOAA NWPS · https://water.noaa.gov/gauges/GROT2
Updated: 2026-07-26T13:00:00Z</description>
        <styleUrl>#mk-ff818789-small</styleUrl>
        <ExtendedData>
          <Data name="folder">
            <value>Gauges (NOAA NWPS)</value>
          </Data>
          <Data name="source">
            <value>NOAA NWPS · https://water.noaa.gov/gauges/GROT2</value>
          </Data>
          <Data name="updated">
            <value>2026-07-26T13:00:00Z</value>
          </Data>
        </ExtendedData>
        <Point>
          <coordinates>-97.77694,32.23139</coordinates>
        </Point>
      </Placemark>
      <Placemark>
        <name>Gauge: Tide Station (HGX) at Galveston Railroad Bridge</name>
        <description>Observed: 1.8 ft (no flooding)
Forecast: 1.16 ft (fcst_not_current) at 2026-07-26T14:00:00Z
Source: NOAA NWPS · https://water.noaa.gov/gauges/GRRT2
Updated: 2026-07-26T12:54:00Z</description>
        <styleUrl>#mk-ff818789-small</styleUrl>
        <ExtendedData>
          <Data name="folder">
            <value>Gauges (NOAA NWPS)</value>
          </Data>
          <Data name="source">
            <value>NOAA NWPS · https://water.noaa.gov/gauges/GRRT2</value>
          </Data>
          <Data name="updated">
            <value>2026-07-26T12:54:00Z</value>
          </Data>
        </ExtendedData>
        <Point>
          <coordinates>-94.8966,29.3016</coordinates>
        </Point>
      </Placemark>
      <Placemark>
        <name>Gauge: Navasota River above Groesbeck</name>
        <description>Observed: 1.17 ft (no flooding)
Source: NOAA NWPS · https://water.noaa.gov/gauges/GRST2
Updated: 2026-07-26T12:55:00Z</description>
        <styleUrl>#mk-ff818789-small</styleUrl>
        <ExtendedData>
          <Data name="folder">
            <value>Gauges (NOAA NWPS)</value>
          </Data>
          <Data name="source">
            <value>NOAA NWPS · https://water.noaa.gov/gauges/GRST2</value>
          </Data>
          <Data name="updated">
            <value>2026-07-26T12:55:00Z</value>
          </Data>
        </ExtendedData>
        <Point>
          <coordinates>-96.52056,31.57417</coordinates>
        </Point>
      </Placemark>
      <Placemark>
        <name>Gauge: Guadalupe River at 3rd Crossing nr Sattler</name>
        <description>Observed: 4.1 ft (no flooding)
Source: NOAA NWPS · https://water.noaa.gov/gauges/GRTT2
Updated: 2026-07-26T13:00:00Z</description>
        <styleUrl>#mk-ff818789-small</styleUrl>
        <ExtendedData>
          <Data name="folder">
            <value>Gauges (NOAA NWPS)</value>
          </Data>
          <Data name="source">
            <value>NOAA NWPS · https://water.noaa.gov/gauges/GRTT2</value>
          </Data>
          <Data name="updated">
            <value>2026-07-26T13:00:00Z</value>
          </Data>
        </ExtendedData>
        <Point>
          <coordinates>-98.16306,29.80361</coordinates>
        </Point>
      </Placemark>
      <Placemark>
        <name>Gauge: Fourche LaFave River near Gravelly</name>
        <description>Observed: 1.12 ft (no flooding)
Source: NOAA NWPS · https://water.noaa.gov/gauges/GRVA4
Updated: 2026-07-26T12:45:00Z</description>
        <styleUrl>#mk-ff818789-small</styleUrl>
        <ExtendedData>
          <Data name="folder">
            <value>Gauges (NOAA NWPS)</value>
          </Data>
          <Data name="source">
            <value>NOAA NWPS · https://water.noaa.gov/gauges/GRVA4</value>
          </Data>
          <Data name="updated">
            <value>2026-07-26T12:45:00Z</value>
          </Data>
        </ExtendedData>
        <Point>
          <coordinates>-93.65667,34.8725</coordinates>
        </Point>
      </Placemark>
      <Placemark>
        <name>Gauge: Brays Bayou at Gessner Drive</name>
        <description>Observed: 39.5 ft (no flooding)
Source: NOAA NWPS · https://water.noaa.gov/gauges/GSST2
Updated: 2026-07-26T12:15:00Z</description>
        <styleUrl>#mk-ff818789-small</styleUrl>
        <ExtendedData>
          <Data name="folder">
            <value>Gauges (NOAA NWPS)</value>
          </Data>
          <Data name="source">
            <value>NOAA NWPS · https://water.noaa.gov/gauges/GSST2</value>
          </Data>
          <Data name="updated">
            <value>2026-07-26T12:15:00Z</value>
          </Data>
        </ExtendedData>
        <Point>
          <coordinates>-95.52806,29.6725</coordinates>
        </Point>
      </Placemark>
      <Placemark>
        <name>Gauge: Red River near Gainesville</name>
        <description>Observed: 4.65 ft (no flooding)
Forecast: 4.8 ft (no_flooding) at 2026-07-27T12:00:00Z
Source: NOAA NWPS · https://water.noaa.gov/gauges/GSVT2
Updated: 2026-07-26T12:00:00Z</description>
        <styleUrl>#mk-ff818789-small</styleUrl>
        <ExtendedData>
          <Data name="folder">
            <value>Gauges (NOAA NWPS)</value>
          </Data>
          <Data name="source">
            <value>NOAA NWPS · https://water.noaa.gov/gauges/GSVT2</value>
          </Data>
          <Data name="updated">
            <value>2026-07-26T12:00:00Z</value>
          </Data>
        </ExtendedData>
        <Point>
          <coordinates>-97.16001,33.72788</coordinates>
        </Point>
      </Placemark>
      <Placemark>
        <name>Gauge: Tide Station (HGX) at NOS Station at Pier 21 Galveston</name>
        <description>Observed: 1.79 ft (no flooding)
Forecast: 1.42 ft (fcst_not_current) at 2026-07-26T14:00:00Z
Source: NOAA NWPS · https://water.noaa.gov/gauges/GTOT2
Updated: 2026-07-26T12:54:00Z</description>
        <styleUrl>#mk-ff818789-small</styleUrl>
        <ExtendedData>
          <Data name="folder">
            <value>Gauges (NOAA NWPS)</value>
          </Data>
          <Data name="source">
            <value>NOAA NWPS · https://water.noaa.gov/gauges/GTOT2</value>
          </Data>
          <Data name="updated">
            <value>2026-07-26T12:54:00Z</value>
          </Data>
        </ExtendedData>
        <Point>
          <coordinates>-94.7933,29.31</coordinates>
        </Point>
      </Placemark>
      <Placemark>
        <name>Gauge: Cimarron River near Guthrie</name>
        <description>Observed: 5.33 ft (no flooding)
Source: NOAA NWPS · https://water.noaa.gov/gauges/GTRO2
Updated: 2026-07-26T12:30:00Z</description>
        <styleUrl>#mk-ff818789-small</styleUrl>
        <ExtendedData>
          <Data name="folder">
            <value>Gauges (NOAA NWPS)</value>
          </Data>
          <Data name="source">
            <value>NOAA NWPS · https://water.noaa.gov/gauges/GTRO2</value>
          </Data>
          <Data name="updated">
            <value>2026-07-26T12:30:00Z</value>
          </Data>
        </ExtendedData>
        <Point>
          <coordinates>-97.42588,35.9206</coordinates>
        </Point>
      </Placemark>
    </Folder>
    <Folder>
      <name>Road closures (TxDOT)</name>
      <open>0</open>
      <Placemark>
        <name>Closure: RM0334</name>
        <description>- The roadway is closed due to flooding. - Water over roadway.   Water over roadway at crossing not pass
From: 2026-07-23T08:21:00-05:00
Source: TxDOT DriveTexas · https://drivetexas.org
Updated: 2026-07-23T08:21:00-05:00</description>
        <styleUrl>#mk-ff5a83ec-medium</styleUrl>
        <ExtendedData>
          <Data name="folder">
            <value>Road closures (TxDOT)</value>
          </Data>
          <Data name="source">
            <value>TxDOT DriveTexas · https://drivetexas.org</value>
          </Data>
          <Data name="updated">
            <value>2026-07-23T08:21:00-05:00</value>
          </Data>
        </ExtendedData>
        <Point>
          <coordinates>-100.1659,29.4411</coordinates>
        </Point>
      </Placemark>
      <Placemark>
        <name>Damage: FM0126</name>
        <description>- Rough roadway, travel with caution.
From: 2026-07-02T08:12:00-05:00
Source: TxDOT DriveTexas · https://drivetexas.org
Updated: 2026-07-02T08:12:00-05:00</description>
        <styleUrl>#mk-ff5a83ec-medium</styleUrl>
        <ExtendedData>
          <Data name="folder">
            <value>Road closures (TxDOT)</value>
          </Data>
          <Data name="source">
            <value>TxDOT DriveTexas · https://drivetexas.org</value>
          </Data>
          <Data name="updated">
            <value>2026-07-02T08:12:00-05:00</value>
          </Data>
        </ExtendedData>
        <Point>
          <coordinates>-100.1217,32.3432</coordinates>
        </Point>
      </Placemark>
      <Placemark>
        <name>Damage: FM0097</name>
        <description>- Motorists should expect delays.   Due to daily large number of semi tractor/trailer traffic, traveling bot
From: 2026-07-09T17:00:00-05:00
Source: TxDOT DriveTexas · https://drivetexas.org
Updated: 2026-07-09T17:00:00-05:00</description>
        <styleUrl>#mk-ff5a83ec-medium</styleUrl>
        <ExtendedData>
          <Data name="folder">
            <value>Road closures (TxDOT)</value>
          </Data>
          <Data name="source">
            <value>TxDOT DriveTexas · https://drivetexas.org</value>
          </Data>
          <Data name="updated">
            <value>2026-07-09T17:00:00-05:00</value>
          </Data>
        </ExtendedData>
        <Point>
          <coordinates>-101.3083,34.1427</coordinates>
        </Point>
      </Placemark>
      <Placemark>
        <name>Damage: SH0055</name>
        <description>- Right lane closed. - Travel discouraged. - Use alternate route   Damage to roadway and shoulder. E
From: 2026-07-19T10:10:00-05:00
Source: TxDOT DriveTexas · https://drivetexas.org
Updated: 2026-07-19T10:10:00-05:00</description>
        <styleUrl>#mk-ff5a83ec-medium</styleUrl>
        <ExtendedData>
          <Data name="folder">
            <value>Road closures (TxDOT)</value>
          </Data>
          <Data name="source">
            <value>TxDOT DriveTexas · https://drivetexas.org</value>
          </Data>
          <Data name="updated">
            <value>2026-07-19T10:10:00-05:00</value>
          </Data>
        </ExtendedData>
        <Point>
          <coordinates>-100.0306,29.4777</coordinates>
        </Point>
      </Placemark>
      <Placemark>
        <name>Closure: FM0140</name>
        <description>- The roadway is closed due to damage. - ALL main lanes closed. - Use alternate route
From: 2026-07-23T12:15:00-05:00
Source: TxDOT DriveTexas · https://drivetexas.org
Updated: 2026-07-23T12:15:00-05:00</description>
        <styleUrl>#mk-ff5a83ec-medium</styleUrl>
        <ExtendedData>
          <Data name="folder">
            <value>Road closures (TxDOT)</value>
          </Data>
          <Data name="source">
            <value>TxDOT DriveTexas · https://drivetexas.org</value>
          </Data>
          <Data name="updated">
            <value>2026-07-23T12:15:00-05:00</value>
          </Data>
        </ExtendedData>
        <Point>
          <coordinates>-99.242,28.9722</coordinates>
        </Point>
      </Placemark>
      <Placemark>
        <name>Damage: SH0055</name>
        <description>- Travel discouraged. - Use alternate route   Damage to roadway. Lost pavement. Material on roadway.
From: 2026-07-19T10:11:00-05:00
Source: TxDOT DriveTexas · https://drivetexas.org
Updated: 2026-07-19T10:11:00-05:00</description>
        <styleUrl>#mk-ff5a83ec-medium</styleUrl>
        <ExtendedData>
          <Data name="folder">
            <value>Road closures (TxDOT)</value>
          </Data>
          <Data name="source">
            <value>TxDOT DriveTexas · https://drivetexas.org</value>
          </Data>
          <Data name="updated">
            <value>2026-07-19T10:11:00-05:00</value>
          </Data>
        </ExtendedData>
        <Point>
          <coordinates>-99.9484,29.3494</coordinates>
        </Point>
      </Placemark>
      <Placemark>
        <name>Damage: FM1863</name>
        <description>- Motorists should expect delays. - Travel discouraged.   Drive with caution due to damaged pavement,
From: 2026-07-24T17:13:00-05:00
Source: TxDOT DriveTexas · https://drivetexas.org
Updated: 2026-07-24T17:13:00-05:00</description>
        <styleUrl>#mk-ff5a83ec-medium</styleUrl>
        <ExtendedData>
          <Data name="folder">
            <value>Road closures (TxDOT)</value>
          </Data>
          <Data name="source">
            <value>TxDOT DriveTexas · https://drivetexas.org</value>
          </Data>
          <Data name="updated">
            <value>2026-07-24T17:13:00-05:00</value>
          </Data>
        </ExtendedData>
        <Point>
          <coordinates>-98.3104,29.7169</coordinates>
        </Point>
      </Placemark>
      <Placemark>
        <name>Flooding: RM0693</name>
        <description>- Water over roadway.
From: 2026-07-23T08:22:00-05:00
Source: TxDOT DriveTexas · https://drivetexas.org
Updated: 2026-07-23T08:22:00-05:00</description>
        <styleUrl>#mk-ff3b3bd0-medium</styleUrl>
        <ExtendedData>
          <Data name="folder">
            <value>Road closures (TxDOT)</value>
          </Data>
          <Data name="source">
            <value>TxDOT DriveTexas · https://drivetexas.org</value>
          </Data>
          <Data name="updated">
            <value>2026-07-23T08:22:00-05:00</value>
          </Data>
        </ExtendedData>
        <Point>
          <coordinates>-100.6291,29.1797</coordinates>
        </Point>
      </Placemark>
      <Placemark>
        <name>Closure: RM0189</name>
        <description>- The roadway is closed due to flooding. - Travel discouraged. - Water over roadway.
From: 2026-07-24T15:49:00-05:00
Source: TxDOT DriveTexas · https://drivetexas.org
Updated: 2026-07-24T15:49:00-05:00</description>
        <styleUrl>#mk-ff5a83ec-medium</styleUrl>
        <ExtendedData>
          <Data name="folder">
            <value>Road closures (TxDOT)</value>
          </Data>
          <Data name="source">
            <value>TxDOT DriveTexas · https://drivetexas.org</value>
          </Data>
          <Data name="updated">
            <value>2026-07-24T15:49:00-05:00</value>
          </Data>
        </ExtendedData>
        <Point>
          <coordinates>-101.0914,30.1764</coordinates>
        </Point>
      </Placemark>
      <Placemark>
        <name>Damage: SH0222</name>
        <description>- Daytime closure only. - Travel discouraged. - Use alternate route
From: 2026-07-20T09:44:00-05:00
Source: TxDOT DriveTexas · https://drivetexas.org
Updated: 2026-07-20T09:44:00-05:00</description>
        <styleUrl>#mk-ff5a83ec-medium</styleUrl>
        <ExtendedData>
          <Data name="folder">
            <value>Road closures (TxDOT)</value>
          </Data>
          <Data name="source">
            <value>TxDOT DriveTexas · https://drivetexas.org</value>
          </Data>
          <Data name="updated">
            <value>2026-07-20T09:44:00-05:00</value>
          </Data>
        </ExtendedData>
        <Point>
          <coordinates>-100.0513,33.5256</coordinates>
        </Point>
      </Placemark>
      <Placemark>
        <name>Damage: SL0484</name>
        <description>- Left lane closed.   Long term closure due to Bridge rail damage.
From: 2026-06-05T09:46:00-05:00
Source: TxDOT DriveTexas · https://drivetexas.org
Updated: 2026-06-05T09:46:00-05:00</description>
        <styleUrl>#mk-ff5a83ec-medium</styleUrl>
        <ExtendedData>
          <Data name="folder">
            <value>Road closures (TxDOT)</value>
          </Data>
          <Data name="source">
            <value>TxDOT DriveTexas · https://drivetexas.org</value>
          </Data>
          <Data name="updated">
            <value>2026-06-05T09:46:00-05:00</value>
          </Data>
        </ExtendedData>
        <Point>
          <coordinates>-97.1038,31.5636</coordinates>
        </Point>
      </Placemark>
      <Placemark>
        <name>Closure: SH0075</name>
        <description>- The roadway is closed due to damage. - Use alternate route
From: 2026-07-24T17:08:00-05:00
Source: TxDOT DriveTexas · https://drivetexas.org
Updated: 2026-07-24T17:08:00-05:00</description>
        <styleUrl>#mk-ff5a83ec-medium</styleUrl>
        <ExtendedData>
          <Data name="folder">
            <value>Road closures (TxDOT)</value>
          </Data>
          <Data name="source">
            <value>TxDOT DriveTexas · https://drivetexas.org</value>
          </Data>
          <Data name="updated">
            <value>2026-07-24T17:08:00-05:00</value>
          </Data>
        </ExtendedData>
        <Point>
          <coordinates>-95.9787,31.2588</coordinates>
        </Point>
      </Placemark>
      <Placemark>
        <name>Damage: RM2083</name>
        <description>- Rough roadway, travel with caution.   Travel with caution shoulder wash out
From: 2026-07-21T13:26:00-05:00
Source: TxDOT DriveTexas · https://drivetexas.org
Updated: 2026-07-21T13:26:00-05:00</description>
        <styleUrl>#mk-ff5a83ec-medium</styleUrl>
        <ExtendedData>
          <Data name="folder">
            <value>Road closures (TxDOT)</value>
          </Data>
          <Data name="source">
            <value>TxDOT DriveTexas · https://drivetexas.org</value>
          </Data>
          <Data name="updated">
            <value>2026-07-21T13:26:00-05:00</value>
          </Data>
        </ExtendedData>
        <Point>
          <coordinates>-101.4828,30.3817</coordinates>
        </Point>
      </Placemark>
      <Placemark>
        <name>Closure: RM1024</name>
        <description>- The roadway is closed due to flooding. - Travel discouraged.
From: 2026-07-24T15:50:00-05:00
Source: TxDOT DriveTexas · https://drivetexas.org
Updated: 2026-07-24T15:50:00-05:00</description>
        <styleUrl>#mk-ff5a83ec-medium</styleUrl>
        <ExtendedData>
          <Data name="folder">
            <value>Road closures (TxDOT)</value>
          </Data>
          <Data name="source">
            <value>TxDOT DriveTexas · https://drivetexas.org</value>
          </Data>
          <Data name="updated">
            <value>2026-07-24T15:50:00-05:00</value>
          </Data>
        </ExtendedData>
        <Point>
          <coordinates>-101.5485,30.1937</coordinates>
        </Point>
      </Placemark>
      <Placemark>
        <name>Closure: FM2407</name>
        <description>- The roadway is closed due to damage.
From: 2026-07-16T08:56:00-05:00
Source: TxDOT DriveTexas · https://drivetexas.org
Updated: 2026-07-16T08:56:00-05:00</description>
        <styleUrl>#mk-ff5a83ec-medium</styleUrl>
        <ExtendedData>
          <Data name="folder">
            <value>Road closures (TxDOT)</value>
          </Data>
          <Data name="source">
            <value>TxDOT DriveTexas · https://drivetexas.org</value>
          </Data>
          <Data name="updated">
            <value>2026-07-16T08:56:00-05:00</value>
          </Data>
        </ExtendedData>
        <Point>
          <coordinates>-99.8079,33.1808</coordinates>
        </Point>
      </Placemark>
      <Placemark>
        <name>Damage: SH0055</name>
        <description>- Right lane closed. - Travel discouraged. - Use alternate route   Debris on roadway. Fallen treen b
From: 2026-07-19T10:11:00-05:00
Source: TxDOT DriveTexas · https://drivetexas.org
Updated: 2026-07-19T10:11:00-05:00</description>
        <styleUrl>#mk-ff5a83ec-medium</styleUrl>
        <ExtendedData>
          <Data name="folder">
            <value>Road closures (TxDOT)</value>
          </Data>
          <Data name="source">
            <value>TxDOT DriveTexas · https://drivetexas.org</value>
          </Data>
          <Data name="updated">
            <value>2026-07-19T10:11:00-05:00</value>
          </Data>
        </ExtendedData>
        <Point>
          <coordinates>-100.0071,29.4227</coordinates>
        </Point>
      </Placemark>
      <Placemark>
        <name>Closure: RM0385</name>
        <description>- The roadway is closed due to flooding. - Use alternate route - Water over roadway.   Closed at Yat
From: 2026-07-23T17:36:00-05:00
Source: TxDOT DriveTexas · https://drivetexas.org
Updated: 2026-07-23T17:36:00-05:00</description>
        <styleUrl>#mk-ff5a83ec-medium</styleUrl>
        <ExtendedData>
          <Data name="folder">
            <value>Road closures (TxDOT)</value>
          </Data>
          <Data name="source">
            <value>TxDOT DriveTexas · https://drivetexas.org</value>
          </Data>
          <Data name="updated">
            <value>2026-07-23T17:36:00-05:00</value>
          </Data>
        </ExtendedData>
        <Point>
          <coordinates>-99.5984,30.5902</coordinates>
        </Point>
      </Placemark>
      <Placemark>
        <name>Closure: RM3404</name>
        <description>- The roadway is closed due to flooding. - The roadway is closed due to roadway wash-out. - ALL main lanes close
From: 2026-07-22T10:41:00-05:00
Source: TxDOT DriveTexas · https://drivetexas.org
Updated: 2026-07-22T10:41:00-05:00</description>
        <styleUrl>#mk-ff5a83ec-medium</styleUrl>
        <ExtendedData>
          <Data name="folder">
            <value>Road closures (TxDOT)</value>
          </Data>
          <Data name="source">
            <value>TxDOT DriveTexas · https://drivetexas.org</value>
          </Data>
          <Data name="updated">
            <value>2026-07-22T10:41:00-05:00</value>
          </Data>
        </ExtendedData>
        <Point>
          <coordinates>-98.4812,30.683</coordinates>
        </Point>
      </Placemark>
      <Placemark>
        <name>Damage: SH0036</name>
        <description>- All traffic reduced to one lane, two-way traffic control in place, be prepared to stop. - One-way traffic control
From: 2026-06-03T08:40:00-05:00
Source: TxDOT DriveTexas · https://drivetexas.org
Updated: 2026-06-03T08:40:00-05:00</description>
        <styleUrl>#mk-ff5a83ec-medium</styleUrl>
        <ExtendedData>
          <Data name="folder">
            <value>Road closures (TxDOT)</value>
          </Data>
          <Data name="source">
            <value>TxDOT DriveTexas · https://drivetexas.org</value>
          </Data>
          <Data name="updated">
            <value>2026-06-03T08:40:00-05:00</value>
          </Data>
        </ExtendedData>
        <Point>
          <coordinates>-98.2945,31.8395</coordinates>
        </Point>
      </Placemark>
      <Placemark>
        <name>Closure: SL0323</name>
        <description>- The roadway is closed due to damage. - ALL main lanes closed. - Use alternate route
From: 2026-03-02T09:01:00-06:00
Source: TxDOT DriveTexas · https://drivetexas.org
Updated: 2026-03-02T09:01:00-06:00</description>
        <styleUrl>#mk-ff5a83ec-medium</styleUrl>
        <ExtendedData>
          <Data name="folder">
            <value>Road closures (TxDOT)</value>
          </Data>
          <Data name="source">
            <value>TxDOT DriveTexas · https://drivetexas.org</value>
          </Data>
          <Data name="updated">
            <value>2026-03-02T09:01:00-06:00</value>
          </Data>
        </ExtendedData>
        <Point>
          <coordinates>-95.2687,32.395</coordinates>
        </Point>
      </Placemark>
      <Placemark>
        <name>Damage: US0090</name>
        <description>- Motorists should expect delays.   Rough road; drive slowly
From: 2026-07-19T10:09:00-05:00
Source: TxDOT DriveTexas · https://drivetexas.org
Updated: 2026-07-19T10:09:00-05:00</description>
        <styleUrl>#mk-ff5a83ec-medium</styleUrl>
        <ExtendedData>
          <Data name="folder">
            <value>Road closures (TxDOT)</value>
          </Data>
          <Data name="source">
            <value>TxDOT DriveTexas · https://drivetexas.org</value>
          </Data>
          <Data name="updated">
            <value>2026-07-19T10:09:00-05:00</value>
          </Data>
        </ExtendedData>
        <Point>
          <coordinates>-99.6036,29.3057</coordinates>
        </Point>
      </Placemark>
      <Placemark>
        <name>Closure: FM0481</name>
        <description>- The roadway is closed due to damage. - The bridge is closed, use alternate route. - ALL main lanes closed.&lt;br/
From: 2026-07-17T12:58:00-05:00
Source: TxDOT DriveTexas · https://drivetexas.org
Updated: 2026-07-17T12:58:00-05:00</description>
        <styleUrl>#mk-ff5a83ec-medium</styleUrl>
        <ExtendedData>
          <Data name="folder">
            <value>Road closures (TxDOT)</value>
          </Data>
          <Data name="source">
            <value>TxDOT DriveTexas · https://drivetexas.org</value>
          </Data>
          <Data name="updated">
            <value>2026-07-17T12:58:00-05:00</value>
          </Data>
        </ExtendedData>
        <Point>
          <coordinates>-99.8922,29.1203</coordinates>
        </Point>
      </Placemark>
      <Placemark>
        <name>Damage: SH0055</name>
        <description>- Motorists should expect delays. - Travel discouraged.   Damage to pavement. Debris on road. Black pick
From: 2026-07-19T10:11:00-05:00
Source: TxDOT DriveTexas · https://drivetexas.org
Updated: 2026-07-19T10:11:00-05:00</description>
        <styleUrl>#mk-ff5a83ec-medium</styleUrl>
        <ExtendedData>
          <Data name="folder">
            <value>Road closures (TxDOT)</value>
          </Data>
          <Data name="source">
            <value>TxDOT DriveTexas · https://drivetexas.org</value>
          </Data>
          <Data name="updated">
            <value>2026-07-19T10:11:00-05:00</value>
          </Data>
        </ExtendedData>
        <Point>
          <coordinates>-99.8914,29.2986</coordinates>
        </Point>
      </Placemark>
      <Placemark>
        <name>Damage: FM0786</name>
        <description>- Motorists should expect delays.   Due to daily large number of semi tractor/trailer traffic, traveling bot
From: 2026-07-09T17:00:00-05:00
Source: TxDOT DriveTexas · https://drivetexas.org
Updated: 2026-07-09T17:00:00-05:00</description>
        <styleUrl>#mk-ff5a83ec-medium</styleUrl>
        <ExtendedData>
          <Data name="folder">
            <value>Road closures (TxDOT)</value>
          </Data>
          <Data name="source">
            <value>TxDOT DriveTexas · https://drivetexas.org</value>
          </Data>
          <Data name="updated">
            <value>2026-07-09T17:00:00-05:00</value>
          </Data>
        </ExtendedData>
        <Point>
          <coordinates>-101.3112,34.0504</coordinates>
        </Point>
      </Placemark>
      <Placemark>
        <name>Damage: SH0055</name>
        <description>- Travel discouraged. - Use alternate route   Damage to roadway. Lost pavement. Material on roadway.
From: 2026-07-19T10:12:00-05:00
Source: TxDOT DriveTexas · https://drivetexas.org
Updated: 2026-07-19T10:12:00-05:00</description>
        <styleUrl>#mk-ff5a83ec-medium</styleUrl>
        <ExtendedData>
          <Data name="folder">
            <value>Road closures (TxDOT)</value>
          </Data>
          <Data name="source">
            <value>TxDOT DriveTexas · https://drivetexas.org</value>
          </Data>
          <Data name="updated">
            <value>2026-07-19T10:12:00-05:00</value>
          </Data>
        </ExtendedData>
        <Point>
          <coordinates>-99.976,29.377</coordinates>
        </Point>
      </Placemark>
      <Placemark>
        <name>Damage: RM2596</name>
        <description>- Travel discouraged.
From: 2026-07-23T16:46:00-05:00
Source: TxDOT DriveTexas · https://drivetexas.org
Updated: 2026-07-23T16:46:00-05:00</description>
        <styleUrl>#mk-ff5a83ec-medium</styleUrl>
        <ExtendedData>
          <Data name="folder">
            <value>Road closures (TxDOT)</value>
          </Data>
          <Data name="source">
            <value>TxDOT DriveTexas · https://drivetexas.org</value>
          </Data>
          <Data name="updated">
            <value>2026-07-23T16:46:00-05:00</value>
          </Data>
        </ExtendedData>
        <Point>
          <coordinates>-100.4001,30.7257</coordinates>
        </Point>
      </Placemark>
      <Placemark>
        <name>Damage: RM0337</name>
        <description>- Motorists should expect delays.   Edge washout along the cliff side in several places. Travel with caution
From: 2026-07-23T17:37:00-05:00
Source: TxDOT DriveTexas · https://drivetexas.org
Updated: 2026-07-23T17:37:00-05:00</description>
        <styleUrl>#mk-ff5a83ec-medium</styleUrl>
        <ExtendedData>
          <Data name="folder">
            <value>Road closures (TxDOT)</value>
          </Data>
          <Data name="source">
            <value>TxDOT DriveTexas · https://drivetexas.org</value>
          </Data>
          <Data name="updated">
            <value>2026-07-23T17:37:00-05:00</value>
          </Data>
        </ExtendedData>
        <Point>
          <coordinates>-99.6564,29.7273</coordinates>
        </Point>
      </Placemark>
      <Placemark>
        <name>Closure: FM1661</name>
        <description>- The roadway is closed due to damage.   Detour to SH6 and SH 283
From: 2026-06-02T14:16:00-05:00
Source: TxDOT DriveTexas · https://drivetexas.org
Updated: 2026-06-02T14:16:00-05:00</description>
        <styleUrl>#mk-ff5a83ec-medium</styleUrl>
        <ExtendedData>
          <Data name="folder">
            <value>Road closures (TxDOT)</value>
          </Data>
          <Data name="source">
            <value>TxDOT DriveTexas · https://drivetexas.org</value>
          </Data>
          <Data name="updated">
            <value>2026-06-02T14:16:00-05:00</value>
          </Data>
        </ExtendedData>
        <Point>
          <coordinates>-99.8991,33.0945</coordinates>
        </Point>
      </Placemark>
      <Placemark>
        <name>Damage: SH0055</name>
        <description>- Multiple lanes closed. - Travel discouraged. - Use alternate route   Severe damage to pavement. Lo
From: 2026-07-19T10:10:00-05:00
Source: TxDOT DriveTexas · https://drivetexas.org
Updated: 2026-07-19T10:10:00-05:00</description>
        <styleUrl>#mk-ff5a83ec-medium</styleUrl>
        <ExtendedData>
          <Data name="folder">
            <value>Road closures (TxDOT)</value>
          </Data>
          <Data name="source">
            <value>TxDOT DriveTexas · https://drivetexas.org</value>
          </Data>
          <Data name="updated">
            <value>2026-07-19T10:10:00-05:00</value>
          </Data>
        </ExtendedData>
        <Point>
          <coordinates>-100.02,29.4549</coordinates>
        </Point>
      </Placemark>
      <Placemark>
        <name>Flooding: RM0189</name>
        <description>- Water over roadway.   1-2" of water over road at Buckhorn Draw Crossing - open in Sutton County, but proce
From: 2026-07-23T10:33:00-05:00
Source: TxDOT DriveTexas · https://drivetexas.org
Updated: 2026-07-23T10:33:00-05:00</description>
        <styleUrl>#mk-ff3b3bd0-medium</styleUrl>
        <ExtendedData>
          <Data name="folder">
            <value>Road closures (TxDOT)</value>
          </Data>
          <Data name="source">
            <value>TxDOT DriveTexas · https://drivetexas.org</value>
          </Data>
          <Data name="updated">
            <value>2026-07-23T10:33:00-05:00</value>
          </Data>
        </ExtendedData>
        <Point>
          <coordinates>-100.9452,30.2882</coordinates>
        </Point>
      </Placemark>
      <Placemark>
        <name>Closure: FM1019</name>
        <description>- The roadway is closed due to flooding.
From: 2026-07-24T16:12:00-05:00
Source: TxDOT DriveTexas · https://drivetexas.org
Updated: 2026-07-24T16:12:00-05:00</description>
        <styleUrl>#mk-ff5a83ec-medium</styleUrl>
        <ExtendedData>
          <Data name="folder">
            <value>Road closures (TxDOT)</value>
          </Data>
          <Data name="source">
            <value>TxDOT DriveTexas · https://drivetexas.org</value>
          </Data>
          <Data name="updated">
            <value>2026-07-24T16:12:00-05:00</value>
          </Data>
        </ExtendedData>
        <Point>
          <coordinates>-99.5092,28.4807</coordinates>
        </Point>
      </Placemark>
      <Placemark>
        <name>Closure: FM1433</name>
        <description>- The roadway is closed due to damage.   severe damage to pavement
From: 2026-07-22T17:24:00-05:00
Source: TxDOT DriveTexas · https://drivetexas.org
Updated: 2026-07-22T17:24:00-05:00</description>
        <styleUrl>#mk-ff5a83ec-medium</styleUrl>
        <ExtendedData>
          <Data name="folder">
            <value>Road closures (TxDOT)</value>
          </Data>
          <Data name="source">
            <value>TxDOT DriveTexas · https://drivetexas.org</value>
          </Data>
          <Data name="updated">
            <value>2026-07-22T17:24:00-05:00</value>
          </Data>
        </ExtendedData>
        <Point>
          <coordinates>-99.8,28.6588</coordinates>
        </Point>
      </Placemark>
      <Placemark>
        <name>Closure: IH0020</name>
        <description>- The roadway is closed due to damage. - The bridge is closed, use alternate route. - Follow the marked detour&lt;b
From: 2026-07-25T14:14:00-05:00
Source: TxDOT DriveTexas · https://drivetexas.org
Updated: 2026-07-25T14:14:00-05:00</description>
        <styleUrl>#mk-ff5a83ec-medium</styleUrl>
        <ExtendedData>
          <Data name="folder">
            <value>Road closures (TxDOT)</value>
          </Data>
          <Data name="source">
            <value>TxDOT DriveTexas · https://drivetexas.org</value>
          </Data>
          <Data name="updated">
            <value>2026-07-25T14:14:00-05:00</value>
          </Data>
        </ExtendedData>
        <Point>
          <coordinates>-102.0575,31.9762</coordinates>
        </Point>
      </Placemark>
      <Placemark>
        <name>Damage: FM0382</name>
        <description>- Delays due to slow moving road repair operations. - Rough roadway, travel with caution.
From: 2026-06-01T17:01:00-05:00
Source: TxDOT DriveTexas · https://drivetexas.org
Updated: 2026-06-01T17:01:00-05:00</description>
        <styleUrl>#mk-ff5a83ec-medium</styleUrl>
        <ExtendedData>
          <Data name="folder">
            <value>Road closures (TxDOT)</value>
          </Data>
          <Data name="source">
            <value>TxDOT DriveTexas · https://drivetexas.org</value>
          </Data>
          <Data name="updated">
            <value>2026-06-01T17:01:00-05:00</value>
          </Data>
        </ExtendedData>
        <Point>
          <coordinates>-99.7705,32.1291</coordinates>
        </Point>
      </Placemark>
      <Placemark>
        <name>Damage: RM2804</name>
        <description>- All traffic reduced to one lane, two-way traffic control in place, be prepared to stop.
From: 2026-07-23T08:21:00-05:00
Source: TxDOT DriveTexas · https://drivetexas.org
Updated: 2026-07-23T08:21:00-05:00</description>
        <styleUrl>#mk-ff5a83ec-medium</styleUrl>
        <ExtendedData>
          <Data name="folder">
            <value>Road closures (TxDOT)</value>
          </Data>
          <Data name="source">
            <value>TxDOT DriveTexas · https://drivetexas.org</value>
          </Data>
          <Data name="updated">
            <value>2026-07-23T08:21:00-05:00</value>
          </Data>
        </ExtendedData>
        <Point>
          <coordinates>-100.4939,29.3706</coordinates>
        </Point>
      </Placemark>
      <Placemark>
        <name>Damage: FM2169</name>
        <description>- Travel discouraged.
From: 2026-07-23T17:38:00-05:00
Source: TxDOT DriveTexas · https://drivetexas.org
Updated: 2026-07-23T17:38:00-05:00</description>
        <styleUrl>#mk-ff5a83ec-medium</styleUrl>
        <ExtendedData>
          <Data name="folder">
            <value>Road closures (TxDOT)</value>
          </Data>
          <Data name="source">
            <value>TxDOT DriveTexas · https://drivetexas.org</value>
          </Data>
          <Data name="updated">
            <value>2026-07-23T17:38:00-05:00</value>
          </Data>
        </ExtendedData>
        <Point>
          <coordinates>-99.6748,30.452</coordinates>
        </Point>
      </Placemark>
      <Placemark>
        <name>Flooding: US0377</name>
        <description>- Travel discouraged. - Water over roadway.   Water over road at second crossing.
From: 2026-07-23T17:24:00-05:00
Source: TxDOT DriveTexas · https://drivetexas.org
Updated: 2026-07-23T17:24:00-05:00</description>
        <styleUrl>#mk-ff3b3bd0-medium</styleUrl>
        <ExtendedData>
          <Data name="folder">
            <value>Road closures (TxDOT)</value>
          </Data>
          <Data name="source">
            <value>TxDOT DriveTexas · https://drivetexas.org</value>
          </Data>
          <Data name="updated">
            <value>2026-07-23T17:24:00-05:00</value>
          </Data>
        </ExtendedData>
        <Point>
          <coordinates>-99.898,30.3505</coordinates>
        </Point>
      </Placemark>
      <Placemark>
        <name>Closure: FM2008</name>
        <description>- The roadway is closed due to damage. - Use alternate route
From: 2025-06-09T13:37:00-05:00
Source: TxDOT DriveTexas · https://drivetexas.org
Updated: 2025-06-09T13:37:00-05:00</description>
        <styleUrl>#mk-ff5a83ec-medium</styleUrl>
        <ExtendedData>
          <Data name="folder">
            <value>Road closures (TxDOT)</value>
          </Data>
          <Data name="source">
            <value>TxDOT DriveTexas · https://drivetexas.org</value>
          </Data>
          <Data name="updated">
            <value>2025-06-09T13:37:00-05:00</value>
          </Data>
        </ExtendedData>
        <Point>
          <coordinates>-101.2169,33.3662</coordinates>
        </Point>
      </Placemark>
      <Placemark>
        <name>Flooding: RM1674</name>
        <description>- Travel discouraged. - Water over roadway.   Water over road at Copperas Creek LWC
From: 2026-07-23T17:26:00-05:00
Source: TxDOT DriveTexas · https://drivetexas.org
Updated: 2026-07-23T17:26:00-05:00</description>
        <styleUrl>#mk-ff3b3bd0-medium</styleUrl>
        <ExtendedData>
          <Data name="folder">
            <value>Road closures (TxDOT)</value>
          </Data>
          <Data name="source">
            <value>TxDOT DriveTexas · https://drivetexas.org</value>
          </Data>
          <Data name="updated">
            <value>2026-07-23T17:26:00-05:00</value>
          </Data>
        </ExtendedData>
        <Point>
          <coordinates>-100.021,30.523</coordinates>
        </Point>
      </Placemark>
      <Placemark>
        <name>Damage: US0084</name>
        <description>- Right lane closed.
From: 2026-07-20T07:57:00-05:00
Source: TxDOT DriveTexas · https://drivetexas.org
Updated: 2026-07-20T07:57:00-05:00</description>
        <styleUrl>#mk-ff5a83ec-medium</styleUrl>
        <ExtendedData>
          <Data name="folder">
            <value>Road closures (TxDOT)</value>
          </Data>
          <Data name="source">
            <value>TxDOT DriveTexas · https://drivetexas.org</value>
          </Data>
          <Data name="updated">
            <value>2026-07-20T07:57:00-05:00</value>
          </Data>
        </ExtendedData>
        <Point>
          <coordinates>-102.1683,33.8079</coordinates>
        </Point>
      </Placemark>
      <Placemark>
        <name>Damage: FM2834</name>
        <description>- Rough roadway, travel with caution.
From: 2026-07-14T15:20:00-05:00
Source: TxDOT DriveTexas · https://drivetexas.org
Updated: 2026-07-14T15:20:00-05:00</description>
        <styleUrl>#mk-ff5a83ec-medium</styleUrl>
        <ExtendedData>
          <Data name="folder">
            <value>Road closures (TxDOT)</value>
          </Data>
          <Data name="source">
            <value>TxDOT DriveTexas · https://drivetexas.org</value>
          </Data>
          <Data name="updated">
            <value>2026-07-14T15:20:00-05:00</value>
          </Data>
        </ExtendedData>
        <Point>
          <coordinates>-100.107,32.9546</coordinates>
        </Point>
      </Placemark>
      <Placemark>
        <name>Closure: FM0465</name>
        <description>- The roadway is closed due to damage. - The bridge is closed, use alternate route.   FM465 overpass is
From: 2026-07-20T16:34:00-05:00
Source: TxDOT DriveTexas · https://drivetexas.org
Updated: 2026-07-20T16:34:00-05:00</description>
        <styleUrl>#mk-ff5a83ec-medium</styleUrl>
        <ExtendedData>
          <Data name="folder">
            <value>Road closures (TxDOT)</value>
          </Data>
          <Data name="source">
            <value>TxDOT DriveTexas · https://drivetexas.org</value>
          </Data>
          <Data name="updated">
            <value>2026-07-20T16:34:00-05:00</value>
          </Data>
        </ExtendedData>
        <Point>
          <coordinates>-98.1119,29.5282</coordinates>
        </Point>
      </Placemark>
      <Placemark>
        <name>Closure: SH0163</name>
        <description>- The roadway is closed due to flooding. - Travel discouraged. - Water over roadway.   Ref.M 578 to
From: 2026-07-24T15:50:00-05:00
Source: TxDOT DriveTexas · https://drivetexas.org
Updated: 2026-07-24T15:50:00-05:00</description>
        <styleUrl>#mk-ff5a83ec-medium</styleUrl>
        <ExtendedData>
          <Data name="folder">
            <value>Road closures (TxDOT)</value>
          </Data>
          <Data name="source">
            <value>TxDOT DriveTexas · https://drivetexas.org</value>
          </Data>
          <Data name="updated">
            <value>2026-07-24T15:50:00-05:00</value>
          </Data>
        </ExtendedData>
        <Point>
          <coordinates>-101.0931,30.1761</coordinates>
        </Point>
      </Placemark>
      <Placemark>
        <name>Damage: SH0016</name>
        <description>- Right lane closed.   Right lane closed South Bound
From: 2026-07-17T12:55:00-05:00
Source: TxDOT DriveTexas · https://drivetexas.org
Updated: 2026-07-17T12:55:00-05:00</description>
        <styleUrl>#mk-ff5a83ec-medium</styleUrl>
        <ExtendedData>
          <Data name="folder">
            <value>Road closures (TxDOT)</value>
          </Data>
          <Data name="source">
            <value>TxDOT DriveTexas · https://drivetexas.org</value>
          </Data>
          <Data name="updated">
            <value>2026-07-17T12:55:00-05:00</value>
          </Data>
        </ExtendedData>
        <Point>
          <coordinates>-99.1417,30.0465</coordinates>
        </Point>
      </Placemark>
    </Folder>
    <Folder>
      <name>Low-water crossings</name>
      <open>0</open>
      <Placemark>
        <name>CLOSED: US 90 at Sabinal River (Sabinal)</name>
        <description>Pavement undermined; closed both directions during the Nueces/Frio round
Source: https://www.kut.org/live-updates/kerrville-uvalde-flood-texas-hill-country-warning-evacuation
Updated: 2026-07-17T21:48:39Z</description>
        <styleUrl>#mk-ff3b3bd0-medium</styleUrl>
        <ExtendedData>
          <Data name="folder">
            <value>Low-water crossings</value>
          </Data>
          <Data name="source">
            <value>https://www.kut.org/live-updates/kerrville-uvalde-flood-texas-hill-country-warning-evacuation</value>
          </Data>
          <Data name="updated">
            <value>2026-07-17T21:48:39Z</value>
          </Data>
        </ExtendedData>
        <Point>
          <coordinates>-99.4657,29.3216</coordinates>
        </Point>
      </Placemark>
      <Placemark>
        <name>CAUTION: US 90 west of Uvalde (Nueces/Leona)</name>
        <description>Reopened after earlier closure; intermittent high water, verify before crossing
Source: https://www.kut.org/live-updates/kerrville-uvalde-flood-texas-hill-country-warning-evacuation
Updated: 2026-07-17T21:48:39Z</description>
        <styleUrl>#mk-ff19b2fa-medium</styleUrl>
        <ExtendedData>
          <Data name="folder">
            <value>Low-water crossings</value>
          </Data>
          <Data name="source">
            <value>https://www.kut.org/live-updates/kerrville-uvalde-flood-texas-hill-country-warning-evacuation</value>
          </Data>
          <Data name="updated">
            <value>2026-07-17T21:48:39Z</value>
          </Data>
        </ExtendedData>
        <Point>
          <coordinates>-99.901,29.205</coordinates>
        </Point>
      </Placemark>
      <Placemark>
        <name>CLOSED: Goat Creek Rd low-water crossing (Kerrville)</name>
        <description>Guadalupe/Goat Creek evacuation area; crossing under water
Source: https://www.kut.org/live-updates/kerrville-uvalde-flood-texas-hill-country-warning-evacuation
Updated: 2026-07-17T21:48:39Z</description>
        <styleUrl>#mk-ff3b3bd0-medium</styleUrl>
        <ExtendedData>
          <Data name="folder">
            <value>Low-water crossings</value>
          </Data>
          <Data name="source">
            <value>https://www.kut.org/live-updates/kerrville-uvalde-flood-texas-hill-country-warning-evacuation</value>
          </Data>
          <Data name="updated">
            <value>2026-07-17T21:48:39Z</value>
          </Data>
        </ExtendedData>
        <Point>
          <coordinates>-99.1735,30.0805</coordinates>
        </Point>
      </Placemark>
      <Placemark>
        <name>CAUTION: Junction Hwy (SH 27) low-water crossings, W Kerr Co.</name>
        <description>Multiple low-water crossings flagged during evacuations; receding but debris-laden
Source: https://www.kut.org/live-updates/kerrville-uvalde-flood-texas-hill-country-warning-evacuation
Updated: 2026-07-17T21:48:39Z</description>
        <styleUrl>#mk-ff19b2fa-medium</styleUrl>
        <ExtendedData>
          <Data name="folder">
            <value>Low-water crossings</value>
          </Data>
          <Data name="source">
            <value>https://www.kut.org/live-updates/kerrville-uvalde-flood-texas-hill-country-warning-evacuation</value>
          </Data>
          <Data name="updated">
            <value>2026-07-17T21:48:39Z</value>
          </Data>
        </ExtendedData>
        <Point>
          <coordinates>-99.236,30.064</coordinates>
        </Point>
      </Placemark>
      <Placemark>
        <name>LONGTERM: FM 481 (Old Eagle Pass Rd) bridge at Nueces River</name>
        <description>Bridge section WASHED OUT: impassable, long-term closure; Uvalde to Eagle Pass detour via US 90/US 57
Source: https://spectrumlocalnews.com/tx/south-texas-el-paso/news/2026/07/17/parts-of-texas-face-threats-of-dangerous-flooding
Updated: 2026-07-17T22:32:41Z</description>
        <styleUrl>#mk-ffb8a39b-medium</styleUrl>
        <ExtendedData>
          <Data name="folder">
            <value>Low-water crossings</value>
          </Data>
          <Data name="source">
            <value>https://spectrumlocalnews.com/tx/south-texas-el-paso/news/2026/07/17/parts-of-texas-face-threats-of-dangerous-flooding</value>
          </Data>
          <Data name="updated">
            <value>2026-07-17T22:32:41Z</value>
          </Data>
        </ExtendedData>
        <Point>
          <coordinates>-100.018,29.129</coordinates>
        </Point>
      </Placemark>
    </Folder>
  </Document>
</kml>
